KPI,KPI_VALUE,FISCAL_QUARTER_NAME,FISCAL_QUARTER_KEY,FISCAL_MONTH_NAME,FISCAL_MONTH_KEY,FISCAL_YEAR_NAME,THEATER,PRODUCT,SEGMENT,OPPORTUNITY_ID,ACCOUNT_ID,ACCOUNT_NAME,RECORD_TYPE,NEW_LOGO_FLAG,DEAL_VELOCITY,SYMBOL
Bookings,116780.7,4QFY25,20254,Feb FY25,202502,FY25,APJ,Others,Enterprise,OPP1001,ACC001,Acme Industries,ES1 Opportunity,Y,89,$
Bookings,222143.65,4QFY25,20254,Feb FY25,202502,FY25,APJ,FB,Enterprise,OPP1002,ACC009,Tyrell Systems,ES1 Opportunity,N,31,$
Bookings,457548.19,4QFY25,20254,Feb FY25,202502,FY25,EMEA,FA,Corporate,OPP1003,ACC003,Initech,ES2 Opportunity,N,121,$
Bookings,1662647.17,4QFY25,20254,Feb FY25,202502,FY25,APJ,FA,Enterprise,OPP1004,ACC003,Initech,Renewal,N,171,$
Bookings,115505.66,4QFY25,20254,Feb FY25,202502,FY25,EMEA,FB,Commercial,OPP1005,ACC008,Wonka Holdings,ES2 Opportunity,N,50,$
Bookings,212958.01,4QFY25,20254,Feb FY25,202502,FY25,Americas,FA,Enterprise,OPP1006,ACC030,Planet Express,ES2 Opportunity,N,48,$
Bookings,391316.5,4QFY25,20254,Feb FY25,202502,FY25,Americas,FA,Enterprise,OPP1007,ACC023,Wernham Hogg,Renewal,N,172,$
Bookings,142377.71,4QFY25,20254,Feb FY25,202502,FY25,Americas,FA,Enterprise,OPP1008,ACC009,Tyrell Systems,ES2 Opportunity,Y,175,$
Bookings,826967.4,4QFY25,20254,Feb FY25,202502,FY25,EMEA,Others,Commercial,OPP1009,ACC005,Stark Industries,ES2 Opportunity,N,173,$
Bookings,343468.76,4QFY25,20254,Feb FY25,202502,FY25,APJ,FA,Enterprise,OPP1010,ACC017,Nakatomi Trading,Renewal,N,156,$
Bookings,43662.83,4QFY25,20254,Feb FY25,202502,FY25,EMEA,FB,Enterprise,OPP1011,ACC015,Hooli,ES1 Opportunity,N,171,$
Bookings,1015161.97,4QFY25,20254,Feb FY25,202502,FY25,EMEA,FB,Enterprise,OPP1012,ACC006,Wayne Enterprises,ES2 Opportunity,N,214,$
Bookings,703080.93,4QFY25,20254,Feb FY25,202502,FY25,Americas,FA,Enterprise,OPP1013,ACC027,Spacely Sprockets,ES1 Opportunity,N,185,$
Bookings,86292.81,4QFY25,20254,Feb FY25,202502,FY25,APJ,Others,Commercial,OPP1014,ACC004,Umbrella Group,ES1 Opportunity,N,108,$
Bookings,146083.84,4QFY25,20254,Feb FY25,202502,FY25,Americas,FA,Commercial,OPP1015,ACC025,Pendant Publishing,ES2 Opportunity,N,62,$
Bookings,72620.41,4QFY25,20254,Feb FY25,202502,FY25,EMEA,FA,Commercial,OPP1016,ACC030,Planet Express,Renewal,N,168,$
Bookings,1430405.81,4QFY25,20254,Feb FY25,202502,FY25,EMEA,Others,Commercial,OPP1017,ACC017,Nakatomi Trading,ES1 Opportunity,N,93,$
Bookings,128895.45,4QFY25,20254,Feb FY25,202502,FY25,Americas,FB,Enterprise,OPP1018,ACC002,Globex Corp,ES1 Opportunity,N,38,$
Bookings,49928.03,4QFY25,20254,Feb FY25,202502,FY25,Americas,FB,Corporate,OPP1019,ACC008,Wonka Holdings,ES1 Opportunity,N,134,$
Bookings,134702.23,4QFY25,20254,Feb FY25,202502,FY25,EMEA,FA,Corporate,OPP1020,ACC021,Strickland Propane,ES2 Opportunity,N,55,$
Bookings,413413.79,4QFY25,20254,Feb FY25,202502,FY25,APJ,FA,Enterprise,OPP1021,ACC008,Wonka Holdings,ES2 Opportunity,N,49,$
Bookings,127483.29,4QFY25,20254,Feb FY25,202502,FY25,Americas,FB,Commercial,OPP1022,ACC003,Initech,ES2 Opportunity,N,90,$
Bookings,65337.38,4QFY25,20254,Feb FY25,202502,FY25,EMEA,Others,Enterprise,OPP1023,ACC013,Vandelay Imports,ES2 Opportunity,N,146,$
Bookings,80328.04,4QFY25,20254,Feb FY25,202502,FY25,APJ,FB,Commercial,OPP1024,ACC007,Soylent Co,ES2 Opportunity,N,178,$
Bookings,382748.16,4QFY25,20254,Feb FY25,202502,FY25,Americas,FB,Commercial,OPP1025,ACC006,Wayne Enterprises,Renewal,N,44,$
Bookings,68593.18,4QFY25,20254,Feb FY25,202502,FY25,Americas,FA,Corporate,OPP1026,ACC019,Gringotts Bank,ES1 Opportunity,N,188,$
Bookings,275158.59,4QFY25,20254,Feb FY25,202502,FY25,APJ,FB,Enterprise,OPP1027,ACC022,Los Pollos Hermanos,ES2 Opportunity,N,147,$
Bookings,49299.46,4QFY25,20254,Feb FY25,202502,FY25,EMEA,FB,Commercial,OPP1028,ACC018,Oscorp,ES2 Opportunity,N,97,$
Bookings,68541.07,4QFY25,20254,Feb FY25,202502,FY25,Americas,FA,Enterprise,OPP1029,ACC023,Wernham Hogg,ES1 Opportunity,N,197,$
Bookings,326657.22,4QFY25,20254,Feb FY25,202502,FY25,APJ,FA,Corporate,OPP1030,ACC029,Krusty Krab,ES2 Opportunity,Y,171,$
Bookings,89682.99,4QFY25,20254,Feb FY25,202502,FY25,EMEA,FA,Commercial,OPP1031,ACC016,Dunder Mifflin,ES2 Opportunity,N,43,$
Bookings,61170.35,4QFY25,20254,Feb FY25,202502,FY25,Americas,FA,Enterprise,OPP1032,ACC006,Wayne Enterprises,Renewal,N,219,$
Bookings,191563.96,4QFY25,20254,Feb FY25,202502,FY25,Americas,FA,Corporate,OPP1033,ACC018,Oscorp,Renewal,N,39,$
Bookings,960507.83,4QFY25,20254,Feb FY25,202502,FY25,Americas,FA,Enterprise,OPP1034,ACC028,Cogswell Cogs,Renewal,N,40,$
Bookings,591345.95,4QFY25,20254,Feb FY25,202502,FY25,Americas,FA,Commercial,OPP1035,ACC020,Bluth Co,Renewal,N,69,$
Bookings,613159.72,4QFY25,20254,Feb FY25,202502,FY25,Americas,Others,Enterprise,OPP1036,ACC011,Aperture Labs,ES1 Opportunity,N,135,$
Bookings,700027.06,4QFY25,20254,Feb FY25,202502,FY25,Americas,FA,Enterprise,OPP1037,ACC007,Soylent Co,ES1 Opportunity,N,147,$
Bookings,67526.77,4QFY25,20254,Feb FY25,202502,FY25,Americas,FA,Enterprise,OPP1038,ACC028,Cogswell Cogs,ES2 Opportunity,Y,101,$
Renewal Bookings,234187.82,4QFY25,20254,Feb FY25,202502,FY25,APJ,FA,Enterprise,OPP1039,ACC029,Krusty Krab,Renewal,N,,$
Renewal Bookings,430299.98,4QFY25,20254,Feb FY25,202502,FY25,Americas,FB,Enterprise,OPP1040,ACC026,Vehement Capital,Renewal,N,,$
Renewal Bookings,78391.18,4QFY25,20254,Feb FY25,202502,FY25,APJ,FA,Corporate,OPP1041,ACC007,Soylent Co,Renewal,N,,$
Renewal Bookings,44337.1,4QFY25,20254,Feb FY25,202502,FY25,Americas,FB,Corporate,OPP1042,ACC022,Los Pollos Hermanos,Renewal,N,,$
Renewal Bookings,604950.96,4QFY25,20254,Feb FY25,202502,FY25,APJ,FA,Enterprise,OPP1043,ACC022,Los Pollos Hermanos,Renewal,N,,$
Renewal Bookings,912502.3,4QFY25,20254,Feb FY25,202502,FY25,APJ,FB,Commercial,OPP1044,ACC010,Cyberdyne,Renewal,N,,$
Renewal Bookings,168217.54,4QFY25,20254,Feb FY25,202502,FY25,EMEA,FA,Enterprise,OPP1045,ACC005,Stark Industries,Renewal,N,,$
Renewal Bookings,39341.17,4QFY25,20254,Feb FY25,202502,FY25,EMEA,FB,Corporate,OPP1046,ACC020,Bluth Co,Renewal,N,,$
Renewal Bookings,194784.08,4QFY25,20254,Feb FY25,202502,FY25,Americas,FA,Enterprise,OPP1047,ACC026,Vehement Capital,Renewal,N,,$
Renewal Bookings,232733.64,4QFY25,20254,Feb FY25,202502,FY25,EMEA,FA,Commercial,OPP1048,ACC017,Nakatomi Trading,Renewal,N,,$
Open Pipeline,1186564.55,4QFY25,20254,Feb FY25,202502,FY25,EMEA,FA,Commercial,OPP1049,ACC027,Spacely Sprockets,ES2 Opportunity,N,,$
Open Pipeline,997935.76,4QFY25,20254,Feb FY25,202502,FY25,EMEA,FA,Enterprise,OPP1050,ACC008,Wonka Holdings,ES2 Opportunity,N,,$
Open Pipeline,843896.51,4QFY25,20254,Feb FY25,202502,FY25,APJ,FB,Commercial,OPP1051,ACC013,Vandelay Imports,ES2 Opportunity,N,,$
Open Pipeline,101016.1,4QFY25,20254,Feb FY25,202502,FY25,Americas,Others,Corporate,OPP1052,ACC025,Pendant Publishing,ES1 Opportunity,N,,$
Open Pipeline,309954.09,4QFY25,20254,Feb FY25,202502,FY25,APJ,FA,Enterprise,OPP1053,ACC028,Cogswell Cogs,ES2 Opportunity,N,,$
Open Pipeline,171183.5,4QFY25,20254,Feb FY25,202502,FY25,EMEA,FB,Corporate,OPP1054,ACC025,Pendant Publishing,ES1 Opportunity,N,,$
Open Pipeline,2050491.26,4QFY25,20254,Feb FY25,202502,FY25,APJ,Others,Enterprise,OPP1055,ACC015,Hooli,ES1 Opportunity,N,,$
Open Pipeline,341585.16,4QFY25,20254,Feb FY25,202502,FY25,Americas,FB,Enterprise,OPP1056,ACC016,Dunder Mifflin,ES1 Opportunity,N,,$
Open Pipeline,488820.9,4QFY25,20254,Feb FY25,202502,FY25,Americas,FB,Enterprise,OPP1057,ACC029,Krusty Krab,ES2 Opportunity,N,,$
Open Pipeline,392363.7,4QFY25,20254,Feb FY25,202502,FY25,Americas,FA,Enterprise,OPP1058,ACC014,Pied Piper,ES2 Opportunity,N,,$
Open Pipeline,256128.12,4QFY25,20254,Feb FY25,202502,FY25,EMEA,FA,Corporate,OPP1059,ACC025,Pendant Publishing,ES2 Opportunity,N,,$
Open Pipeline,581712.85,4QFY25,20254,Feb FY25,202502,FY25,APJ,FA,Enterprise,OPP1060,ACC025,Pendant Publishing,ES2 Opportunity,N,,$
Open Pipeline,63466.79,4QFY25,20254,Feb FY25,202502,FY25,EMEA,FA,Commercial,OPP1061,ACC029,Krusty Krab,ES1 Opportunity,N,,$
Open Pipeline,195988.2,4QFY25,20254,Feb FY25,202502,FY25,EMEA,FA,Enterprise,OPP1062,ACC026,Vehement Capital,ES1 Opportunity,N,,$
Open Pipeline,297570.29,4QFY25,20254,Feb FY25,202502,FY25,EMEA,Others,Corporate,OPP1063,ACC030,Planet Express,ES1 Opportunity,N,,$
Open Pipeline,238619.76,4QFY25,20254,Feb FY25,202502,FY25,Americas,FA,Enterprise,OPP1064,ACC006,Wayne Enterprises,ES1 Opportunity,N,,$
Open Pipeline,104552.27,4QFY25,20254,Feb FY25,202502,FY25,Americas,FA,Enterprise,OPP1065,ACC009,Tyrell Systems,ES1 Opportunity,N,,$
Open Pipeline,4743248.06,4QFY25,20254,Feb FY25,202502,FY25,EMEA,FB,Commercial,OPP1066,ACC002,Globex Corp,ES1 Opportunity,N,,$
Open Pipeline,1175731.08,4QFY25,20254,Feb FY25,202502,FY25,APJ,FA,Enterprise,OPP1067,ACC027,Spacely Sprockets,ES2 Opportunity,N,,$
Open Pipeline,52055.47,4QFY25,20254,Feb FY25,202502,FY25,APJ,Others,Commercial,OPP1068,ACC012,Massive Dynamic,ES2 Opportunity,N,,$
Open Pipeline,84873.38,4QFY25,20254,Feb FY25,202502,FY25,APJ,FB,Commercial,OPP1069,ACC010,Cyberdyne,ES2 Opportunity,N,,$
Open Pipeline,133277.19,4QFY25,20254,Feb FY25,202502,FY25,EMEA,FA,Commercial,OPP1070,ACC023,Wernham Hogg,ES2 Opportunity,N,,$
Open Pipeline,766046.91,4QFY25,20254,Feb FY25,202502,FY25,APJ,FB,Corporate,OPP1071,ACC004,Umbrella Group,ES1 Opportunity,N,,$
Open Pipeline,1167941.77,4QFY25,20254,Feb FY25,202502,FY25,Americas,FA,Enterprise,OPP1072,ACC017,Nakatomi Trading,ES2 Opportunity,N,,$
Open Pipeline,276782.92,4QFY25,20254,Feb FY25,202502,FY25,EMEA,Others,Commercial,OPP1073,ACC023,Wernham Hogg,ES1 Opportunity,N,,$
Open Pipeline,175856.64,4QFY25,20254,Feb FY25,202502,FY25,APJ,Others,Enterprise,OPP1074,ACC018,Oscorp,ES1 Opportunity,N,,$
Open Pipeline,873668.14,4QFY25,20254,Feb FY25,202502,FY25,APJ,FB,Enterprise,OPP1075,ACC030,Planet Express,ES2 Opportunity,N,,$
Open Pipeline,159391.92,4QFY25,20254,Feb FY25,202502,FY25,APJ,FB,Enterprise,OPP1076,ACC011,Aperture Labs,ES2 Opportunity,N,,$
Open Pipeline,181178.7,4QFY25,20254,Feb FY25,202502,FY25,EMEA,FA,Corporate,OPP1077,ACC009,Tyrell Systems,ES1 Opportunity,N,,$
Open Pipeline,441532.42,4QFY25,20254,Feb FY25,202502,FY25,Americas,FA,Commercial,OPP1078,ACC025,Pendant Publishing,ES2 Opportunity,N,,$
Open Pipeline,154769.68,4QFY25,20254,Feb FY25,202502,FY25,APJ,FA,Commercial,OPP1079,ACC008,Wonka Holdings,ES2 Opportunity,N,,$
Open Pipeline,291636.85,4QFY25,20254,Feb FY25,202502,FY25,APJ,FB,Commercial,OPP1080,ACC014,Pied Piper,ES1 Opportunity,N,,$
Open Pipeline,227432.09,4QFY25,20254,Feb FY25,202502,FY25,EMEA,FA,Enterprise,OPP1081,ACC004,Umbrella Group,ES2 Opportunity,N,,$
Open Pipeline,542271.36,4QFY25,20254,Feb FY25,202502,FY25,APJ,FA,Commercial,OPP1082,ACC017,Nakatomi Trading,ES1 Opportunity,N,,$
Open Pipeline,814917.68,4QFY25,20254,Feb FY25,202502,FY25,EMEA,FA,Enterprise,OPP1083,ACC009,Tyrell Systems,ES1 Opportunity,N,,$
Open Pipeline,942944.48,4QFY25,20254,Feb FY25,202502,FY25,Americas,Others,Commercial,OPP1084,ACC015,Hooli,ES2 Opportunity,N,,$
Open Pipeline,350293.1,4QFY25,20254,Feb FY25,202502,FY25,APJ,FA,Enterprise,OPP1085,ACC010,Cyberdyne,ES1 Opportunity,N,,$
Open Pipeline,140566.82,4QFY25,20254,Feb FY25,202502,FY25,APJ,FB,Commercial,OPP1086,ACC008,Wonka Holdings,ES1 Opportunity,N,,$
Open Pipeline,777084.2,4QFY25,20254,Feb FY25,202502,FY25,EMEA,FA,Commercial,OPP1087,ACC019,Gringotts Bank,ES2 Opportunity,N,,$
Open Pipeline,616534.97,4QFY25,20254,Feb FY25,202502,FY25,APJ,FA,Commercial,OPP1088,ACC009,Tyrell Systems,ES1 Opportunity,N,,$
Open Pipeline,502071.44,4QFY25,20254,Feb FY25,202502,FY25,Americas,FB,Enterprise,OPP1089,ACC023,Wernham Hogg,ES2 Opportunity,N,,$
Open Pipeline,454554.35,4QFY25,20254,Feb FY25,202502,FY25,Americas,FA,Enterprise,OPP1090,ACC003,Initech,ES1 Opportunity,N,,$
Open Pipeline,1351792.85,4QFY25,20254,Feb FY25,202502,FY25,APJ,FB,Enterprise,OPP1091,ACC008,Wonka Holdings,ES2 Opportunity,N,,$
Open Pipeline,5753493.98,4QFY25,20254,Feb FY25,202502,FY25,Americas,FA,Enterprise,OPP1092,ACC024,Sterling Cooper,ES2 Opportunity,N,,$
Open Pipeline,297607.81,4QFY25,20254,Feb FY25,202502,FY25,EMEA,FB,Corporate,OPP1093,ACC016,Dunder Mifflin,ES1 Opportunity,N,,$
Open Pipeline,277718.38,4QFY25,20254,Feb FY25,202502,FY25,EMEA,FB,Commercial,OPP1094,ACC008,Wonka Holdings,ES2 Opportunity,N,,$
Open Pipeline,4982016.64,4QFY25,20254,Feb FY25,202502,FY25,APJ,FB,Commercial,OPP1095,ACC006,Wayne Enterprises,ES1 Opportunity,N,,$
Open Pipeline,313258.26,4QFY25,20254,Feb FY25,202502,FY25,EMEA,FA,Commercial,OPP1096,ACC016,Dunder Mifflin,ES1 Opportunity,N,,$
Open Pipeline,1653308.19,4QFY25,20254,Feb FY25,202502,FY25,EMEA,FA,Commercial,OPP1097,ACC011,Aperture Labs,ES1 Opportunity,N,,$
Open Pipeline,268222.43,4QFY25,20254,Feb FY25,202502,FY25,APJ,Others,Corporate,OPP1098,ACC015,Hooli,ES1 Opportunity,N,,$
IQC Pipeline,151720.25,4QFY25,20254,Feb FY25,202502,FY25,EMEA,Others,Corporate,OPP1099,ACC028,Cogswell Cogs,ES2 Opportunity,N,,$
IQC Pipeline,275002.03,4QFY25,20254,Feb FY25,202502,FY25,Americas,FA,Commercial,OPP1100,ACC015,Hooli,ES2 Opportunity,N,,$
IQC Pipeline,425073.37,4QFY25,20254,Feb FY25,202502,FY25,APJ,FA,Enterprise,OPP1101,ACC016,Dunder Mifflin,ES1 Opportunity,N,,$
IQC Pipeline,310371.78,4QFY25,20254,Feb FY25,202502,FY25,Americas,FA,Enterprise,OPP1102,ACC008,Wonka Holdings,ES2 Opportunity,N,,$
IQC Pipeline,225271.1,4QFY25,20254,Feb FY25,202502,FY25,Americas,FA,Commercial,OPP1103,ACC009,Tyrell Systems,ES2 Opportunity,N,,$
IQC Pipeline,183477.66,4QFY25,20254,Feb FY25,202502,FY25,EMEA,FA,Commercial,OPP1104,ACC030,Planet Express,ES2 Opportunity,N,,$
IQC Pipeline,475429.96,4QFY25,20254,Feb FY25,202502,FY25,Americas,Others,Enterprise,OPP1105,ACC014,Pied Piper,ES1 Opportunity,N,,$
IQC Pipeline,66567.88,4QFY25,20254,Feb FY25,202502,FY25,EMEA,FB,Enterprise,OPP1106,ACC019,Gringotts Bank,ES2 Opportunity,N,,$
IQC Pipeline,363377.22,4QFY25,20254,Feb FY25,202502,FY25,Americas,FA,Commercial,OPP1107,ACC025,Pendant Publishing,ES2 Opportunity,N,,$
IQC Pipeline,278394.32,4QFY25,20254,Feb FY25,202502,FY25,EMEA,Others,Corporate,OPP1108,ACC013,Vandelay Imports,ES2 Opportunity,N,,$
IQC Pipeline,31685.07,4QFY25,20254,Feb FY25,202502,FY25,Americas,FA,Commercial,OPP1109,ACC013,Vandelay Imports,ES1 Opportunity,N,,$
IQC Pipeline,135792.9,4QFY25,20254,Feb FY25,202502,FY25,APJ,Others,Commercial,OPP1110,ACC017,Nakatomi Trading,ES2 Opportunity,N,,$
IQC Pipeline,802182.03,4QFY25,20254,Feb FY25,202502,FY25,Americas,Others,Enterprise,OPP1111,ACC015,Hooli,ES2 Opportunity,N,,$
IQC Pipeline,83283.57,4QFY25,20254,Feb FY25,202502,FY25,EMEA,FB,Corporate,OPP1112,ACC028,Cogswell Cogs,ES1 Opportunity,N,,$
IQC Pipeline,854037.18,4QFY25,20254,Feb FY25,202502,FY25,APJ,FB,Commercial,OPP1113,ACC002,Globex Corp,ES1 Opportunity,N,,$
IQC Pipeline,315945.84,4QFY25,20254,Feb FY25,202502,FY25,APJ,Others,Corporate,OPP1114,ACC014,Pied Piper,ES1 Opportunity,N,,$
Atbats,1340386.79,4QFY25,20254,Feb FY25,202502,FY25,Americas,FA,Commercial,OPP1115,ACC002,Globex Corp,ES1 Opportunity,N,,$
Atbats,215517.29,4QFY25,20254,Feb FY25,202502,FY25,EMEA,FA,Enterprise,OPP1116,ACC019,Gringotts Bank,ES1 Opportunity,N,,$
Atbats,433814.47,4QFY25,20254,Feb FY25,202502,FY25,Americas,FA,Corporate,OPP1117,ACC008,Wonka Holdings,ES1 Opportunity,N,,$
Atbats,293725.08,4QFY25,20254,Feb FY25,202502,FY25,Americas,FA,Enterprise,OPP1118,ACC001,Acme Industries,ES2 Opportunity,N,,$
Atbats,1066340.75,4QFY25,20254,Feb FY25,202502,FY25,EMEA,FB,Enterprise,OPP1119,ACC012,Massive Dynamic,ES2 Opportunity,N,,$
Atbats,266703.7,4QFY25,20254,Feb FY25,202502,FY25,EMEA,Others,Enterprise,OPP1120,ACC012,Massive Dynamic,ES2 Opportunity,N,,$
Atbats,431120.27,4QFY25,20254,Feb FY25,202502,FY25,APJ,Others,Commercial,OPP1121,ACC030,Planet Express,ES1 Opportunity,N,,$
Atbats,426220.66,4QFY25,20254,Feb FY25,202502,FY25,EMEA,FB,Enterprise,OPP1122,ACC008,Wonka Holdings,ES1 Opportunity,N,,$
Atbats,550299.32,4QFY25,20254,Feb FY25,202502,FY25,APJ,FB,Commercial,OPP1123,ACC005,Stark Industries,ES1 Opportunity,N,,$
Atbats,2892571.69,4QFY25,20254,Feb FY25,202502,FY25,APJ,FA,Commercial,OPP1124,ACC012,Massive Dynamic,ES2 Opportunity,N,,$
Atbats,459598.13,4QFY25,20254,Feb FY25,202502,FY25,EMEA,FA,Enterprise,OPP1125,ACC026,Vehement Capital,ES2 Opportunity,N,,$
Atbats,3176346.15,4QFY25,20254,Feb FY25,202502,FY25,APJ,FA,Enterprise,OPP1126,ACC030,Planet Express,ES2 Opportunity,N,,$
Atbats,868915.84,4QFY25,20254,Feb FY25,202502,FY25,EMEA,FB,Enterprise,OPP1127,ACC003,Initech,ES2 Opportunity,N,,$
Atbats,2786446.99,4QFY25,20254,Feb FY25,202502,FY25,EMEA,Others,Corporate,OPP1128,ACC026,Vehement Capital,ES2 Opportunity,N,,$
Atbats,231911.88,4QFY25,20254,Feb FY25,202502,FY25,Americas,FA,Commercial,OPP1129,ACC019,Gringotts Bank,ES1 Opportunity,N,,$
Atbats,168605.99,4QFY25,20254,Feb FY25,202502,FY25,EMEA,FA,Enterprise,OPP1130,ACC029,Krusty Krab,ES2 Opportunity,N,,$
Atbats,919295.78,4QFY25,20254,Feb FY25,202502,FY25,APJ,FA,Enterprise,OPP1131,ACC030,Planet Express,ES1 Opportunity,N,,$
Atbats,792893.57,4QFY25,20254,Feb FY25,202502,FY25,Americas,FA,Corporate,OPP1132,ACC016,Dunder Mifflin,ES2 Opportunity,N,,$
Atbats,125412.99,4QFY25,20254,Feb FY25,202502,FY25,APJ,FA,Commercial,OPP1133,ACC024,Sterling Cooper,ES1 Opportunity,N,,$
Atbats,617278.62,4QFY25,20254,Feb FY25,202502,FY25,APJ,FB,Enterprise,OPP1134,ACC004,Umbrella Group,ES2 Opportunity,N,,$
Atbats,1315111.0,4QFY25,20254,Feb FY25,202502,FY25,EMEA,FA,Enterprise,OPP1135,ACC008,Wonka Holdings,ES2 Opportunity,N,,$
Atbats,596757.59,4QFY25,20254,Feb FY25,202502,FY25,APJ,FA,Enterprise,OPP1136,ACC004,Umbrella Group,ES2 Opportunity,N,,$
Atbats,121896.41,4QFY25,20254,Feb FY25,202502,FY25,APJ,FB,Enterprise,OPP1137,ACC008,Wonka Holdings,ES1 Opportunity,N,,$
Atbats,371325.22,4QFY25,20254,Feb FY25,202502,FY25,Americas,FA,Enterprise,OPP1138,ACC001,Acme Industries,ES1 Opportunity,N,,$
Atbats,527210.66,4QFY25,20254,Feb FY25,202502,FY25,Americas,FA,Enterprise,OPP1139,ACC019,Gringotts Bank,ES1 Opportunity,N,,$
Atbats,205639.52,4QFY25,20254,Feb FY25,202502,FY25,Americas,FA,Enterprise,OPP1140,ACC003,Initech,ES2 Opportunity,N,,$
Atbats,246822.36,4QFY25,20254,Feb FY25,202502,FY25,APJ,FB,Commercial,OPP1141,ACC020,Bluth Co,ES2 Opportunity,N,,$
Atbats,1105240.11,4QFY25,20254,Feb FY25,202502,FY25,EMEA,FB,Enterprise,OPP1142,ACC028,Cogswell Cogs,ES1 Opportunity,N,,$
Atbats,173220.81,4QFY25,20254,Feb FY25,202502,FY25,EMEA,FB,Enterprise,OPP1143,ACC011,Aperture Labs,ES1 Opportunity,N,,$
Atbats,361800.42,4QFY25,20254,Feb FY25,202502,FY25,EMEA,FB,Commercial,OPP1144,ACC013,Vandelay Imports,ES1 Opportunity,N,,$
Atbats,242501.61,4QFY25,20254,Feb FY25,202502,FY25,Americas,FB,Enterprise,OPP1145,ACC029,Krusty Krab,ES1 Opportunity,N,,$
Atbats,1548599.89,4QFY25,20254,Feb FY25,202502,FY25,Americas,FA,Corporate,OPP1146,ACC027,Spacely Sprockets,ES2 Opportunity,N,,$
Atbats,258694.53,4QFY25,20254,Feb FY25,202502,FY25,Americas,FA,Enterprise,OPP1147,ACC005,Stark Industries,ES2 Opportunity,N,,$
Atbats,545588.19,4QFY25,20254,Feb FY25,202502,FY25,Americas,FB,Enterprise,OPP1148,ACC024,Sterling Cooper,ES2 Opportunity,N,,$
Atbats,230692.91,4QFY25,20254,Feb FY25,202502,FY25,Americas,FB,Commercial,OPP1149,ACC004,Umbrella Group,ES2 Opportunity,N,,$
Atbats,88380.37,4QFY25,20254,Feb FY25,202502,FY25,EMEA,Others,Commercial,OPP1150,ACC020,Bluth Co,ES1 Opportunity,N,,$
Atbats,207122.36,4QFY25,20254,Feb FY25,202502,FY25,APJ,FA,Commercial,OPP1151,ACC004,Umbrella Group,ES2 Opportunity,N,,$
Atbats,166129.65,4QFY25,20254,Feb FY25,202502,FY25,Americas,FB,Commercial,OPP1152,ACC028,Cogswell Cogs,ES1 Opportunity,N,,$
Atbats,464962.43,4QFY25,20254,Feb FY25,202502,FY25,APJ,FB,Commercial,OPP1153,ACC030,Planet Express,ES2 Opportunity,N,,$
Atbats,717352.54,4QFY25,20254,Feb FY25,202502,FY25,Americas,FA,Commercial,OPP1154,ACC011,Aperture Labs,ES2 Opportunity,N,,$
Atbats,217029.79,4QFY25,20254,Feb FY25,202502,FY25,Americas,FB,Enterprise,OPP1155,ACC021,Strickland Propane,ES2 Opportunity,N,,$
Atbats,322490.98,4QFY25,20254,Feb FY25,202502,FY25,EMEA,FA,Enterprise,OPP1156,ACC025,Pendant Publishing,ES1 Opportunity,N,,$
Atbats,1934601.23,4QFY25,20254,Feb FY25,202502,FY25,Americas,FA,Commercial,OPP1157,ACC003,Initech,ES2 Opportunity,N,,$
Atbats,93294.07,4QFY25,20254,Feb FY25,202502,FY25,EMEA,FB,Enterprise,OPP1158,ACC017,Nakatomi Trading,ES2 Opportunity,N,,$
Atbats,92770.45,4QFY25,20254,Feb FY25,202502,FY25,EMEA,FB,Commercial,OPP1159,ACC010,Cyberdyne,ES1 Opportunity,N,,$
Atbats,81669.16,4QFY25,20254,Feb FY25,202502,FY25,APJ,FA,Enterprise,OPP1160,ACC025,Pendant Publishing,ES1 Opportunity,N,,$
Atbats,128549.56,4QFY25,20254,Feb FY25,202502,FY25,EMEA,FA,Commercial,OPP1161,ACC005,Stark Industries,ES2 Opportunity,N,,$
Atbats,148225.24,4QFY25,20254,Feb FY25,202502,FY25,APJ,FB,Commercial,OPP1162,ACC013,Vandelay Imports,ES2 Opportunity,N,,$
Atbats,1282453.6,4QFY25,20254,Feb FY25,202502,FY25,APJ,FA,Commercial,OPP1163,ACC013,Vandelay Imports,ES2 Opportunity,N,,$
Atbats,87786.6,4QFY25,20254,Feb FY25,202502,FY25,APJ,FA,Commercial,OPP1164,ACC014,Pied Piper,ES2 Opportunity,N,,$
Atbats,647583.81,4QFY25,20254,Feb FY25,202502,FY25,APJ,FA,Enterprise,OPP1165,ACC024,Sterling Cooper,ES1 Opportunity,N,,$
Atbats,196257.88,4QFY25,20254,Feb FY25,202502,FY25,Americas,FA,Commercial,OPP1166,ACC007,Soylent Co,ES1 Opportunity,N,,$
Atbats,864850.9,4QFY25,20254,Feb FY25,202502,FY25,APJ,Others,Commercial,OPP1167,ACC004,Umbrella Group,ES2 Opportunity,N,,$
Bookings,121695.53,4QFY25,20254,Mar FY25,202503,FY25,APJ,FA,Corporate,OPP1168,ACC015,Hooli,ES1 Opportunity,N,178,$
Bookings,78174.75,4QFY25,20254,Mar FY25,202503,FY25,APJ,Others,Enterprise,OPP1169,ACC011,Aperture Labs,Renewal,N,68,$
Bookings,233710.3,4QFY25,20254,Mar FY25,202503,FY25,EMEA,FB,Enterprise,OPP1170,ACC015,Hooli,ES2 Opportunity,N,44,$
Bookings,206032.83,4QFY25,20254,Mar FY25,202503,FY25,Americas,FB,Commercial,OPP1171,ACC018,Oscorp,ES1 Opportunity,N,219,$
Bookings,1236890.36,4QFY25,20254,Mar FY25,202503,FY25,APJ,FA,Commercial,OPP1172,ACC002,Globex Corp,ES1 Opportunity,N,117,$
Bookings,402073.54,4QFY25,20254,Mar FY25,202503,FY25,EMEA,FA,Commercial,OPP1173,ACC030,Planet Express,ES2 Opportunity,N,134,$
Bookings,984834.71,4QFY25,20254,Mar FY25,202503,FY25,APJ,FB,Enterprise,OPP1174,ACC022,Los Pollos Hermanos,ES2 Opportunity,N,94,$
Bookings,1141127.25,4QFY25,20254,Mar FY25,202503,FY25,Americas,FA,Commercial,OPP1175,ACC012,Massive Dynamic,ES2 Opportunity,N,197,$
Bookings,525154.56,4QFY25,20254,Mar FY25,202503,FY25,Americas,FA,Enterprise,OPP1176,ACC027,Spacely Sprockets,ES1 Opportunity,N,209,$
Bookings,3210283.45,4QFY25,20254,Mar FY25,202503,FY25,APJ,FA,Commercial,OPP1177,ACC001,Acme Industries,ES1 Opportunity,N,76,$
Bookings,1134315.47,4QFY25,20254,Mar FY25,202503,FY25,Americas,FA,Enterprise,OPP1178,ACC028,Cogswell Cogs,ES2 Opportunity,N,159,$
Bookings,55918.03,4QFY25,20254,Mar FY25,202503,FY25,EMEA,FA,Enterprise,OPP1179,ACC020,Bluth Co,ES1 Opportunity,N,72,$
Bookings,381373.11,4QFY25,20254,Mar FY25,202503,FY25,APJ,FA,Enterprise,OPP1180,ACC024,Sterling Cooper,ES2 Opportunity,N,89,$
Bookings,349002.81,4QFY25,20254,Mar FY25,202503,FY25,EMEA,Others,Enterprise,OPP1181,ACC019,Gringotts Bank,ES1 Opportunity,N,148,$
Bookings,2658701.3,4QFY25,20254,Mar FY25,202503,FY25,EMEA,Others,Corporate,OPP1182,ACC005,Stark Industries,ES1 Opportunity,N,43,$
Bookings,2300366.64,4QFY25,20254,Mar FY25,202503,FY25,Americas,FB,Commercial,OPP1183,ACC003,Initech,ES2 Opportunity,N,99,$
Bookings,264250.25,4QFY25,20254,Mar FY25,202503,FY25,Americas,Others,Enterprise,OPP1184,ACC012,Massive Dynamic,ES1 Opportunity,N,136,$
Bookings,41544.29,4QFY25,20254,Mar FY25,202503,FY25,Americas,FA,Enterprise,OPP1185,ACC027,Spacely Sprockets,Renewal,N,212,$
Bookings,815286.21,4QFY25,20254,Mar FY25,202503,FY25,EMEA,Others,Commercial,OPP1186,ACC025,Pendant Publishing,ES1 Opportunity,N,144,$
Bookings,1927301.16,4QFY25,20254,Mar FY25,202503,FY25,Americas,FB,Commercial,OPP1187,ACC017,Nakatomi Trading,ES1 Opportunity,N,103,$
Bookings,128733.06,4QFY25,20254,Mar FY25,202503,FY25,APJ,FB,Commercial,OPP1188,ACC029,Krusty Krab,ES2 Opportunity,N,167,$
Bookings,145508.65,4QFY25,20254,Mar FY25,202503,FY25,APJ,FA,Commercial,OPP1189,ACC022,Los Pollos Hermanos,ES2 Opportunity,Y,122,$
Bookings,48195.63,4QFY25,20254,Mar FY25,202503,FY25,APJ,FB,Enterprise,OPP1190,ACC021,Strickland Propane,ES1 Opportunity,N,125,$
Bookings,702084.19,4QFY25,20254,Mar FY25,202503,FY25,APJ,FA,Commercial,OPP1191,ACC005,Stark Industries,ES1 Opportunity,Y,169,$
Bookings,137023.05,4QFY25,20254,Mar FY25,202503,FY25,APJ,FA,Commercial,OPP1192,ACC026,Vehement Capital,ES1 Opportunity,N,213,$
Bookings,614601.37,4QFY25,20254,Mar FY25,202503,FY25,Americas,FB,Corporate,OPP1193,ACC010,Cyberdyne,ES2 Opportunity,N,169,$
Bookings,277164.14,4QFY25,20254,Mar FY25,202503,FY25,EMEA,FA,Commercial,OPP1194,ACC011,Aperture Labs,Renewal,N,99,$
Bookings,107872.15,4QFY25,20254,Mar FY25,202503,FY25,APJ,FA,Corporate,OPP1195,ACC006,Wayne Enterprises,ES2 Opportunity,N,157,$
Bookings,67124.69,4QFY25,20254,Mar FY25,202503,FY25,Americas,FB,Enterprise,OPP1196,ACC027,Spacely Sprockets,ES1 Opportunity,N,105,$
Bookings,203906.38,4QFY25,20254,Mar FY25,202503,FY25,EMEA,FA,Commercial,OPP1197,ACC015,Hooli,ES2 Opportunity,N,40,$
Renewal Bookings,393344.42,4QFY25,20254,Mar FY25,202503,FY25,EMEA,FA,Corporate,OPP1198,ACC002,Globex Corp,Renewal,N,,$
Renewal Bookings,26633.77,4QFY25,20254,Mar FY25,202503,FY25,EMEA,FB,Commercial,OPP1199,ACC006,Wayne Enterprises,Renewal,N,,$
Renewal Bookings,347834.87,4QFY25,20254,Mar FY25,202503,FY25,Americas,FA,Enterprise,OPP1200,ACC021,Strickland Propane,Renewal,N,,$
Renewal Bookings,116492.31,4QFY25,20254,Mar FY25,202503,FY25,APJ,FA,Enterprise,OPP1201,ACC015,Hooli,Renewal,N,,$
Renewal Bookings,490648.17,4QFY25,20254,Mar FY25,202503,FY25,Americas,FB,Commercial,OPP1202,ACC013,Vandelay Imports,Renewal,N,,$
Renewal Bookings,109391.6,4QFY25,20254,Mar FY25,202503,FY25,Americas,FA,Enterprise,OPP1203,ACC017,Nakatomi Trading,Renewal,N,,$
Renewal Bookings,109307.63,4QFY25,20254,Mar FY25,202503,FY25,EMEA,FB,Commercial,OPP1204,ACC007,Soylent Co,Renewal,N,,$
Renewal Bookings,575977.14,4QFY25,20254,Mar FY25,202503,FY25,Americas,FA,Enterprise,OPP1205,ACC006,Wayne Enterprises,Renewal,N,,$
Renewal Bookings,493521.73,4QFY25,20254,Mar FY25,202503,FY25,Americas,FB,Corporate,OPP1206,ACC011,Aperture Labs,Renewal,N,,$
Renewal Bookings,397191.59,4QFY25,20254,Mar FY25,202503,FY25,APJ,FB,Corporate,OPP1207,ACC028,Cogswell Cogs,Renewal,N,,$
Renewal Bookings,26351.46,4QFY25,20254,Mar FY25,202503,FY25,APJ,FB,Commercial,OPP1208,ACC017,Nakatomi Trading,Renewal,N,,$
Renewal Bookings,293844.98,4QFY25,20254,Mar FY25,202503,FY25,EMEA,FA,Commercial,OPP1209,ACC012,Massive Dynamic,Renewal,N,,$
Renewal Bookings,8413.96,4QFY25,20254,Mar FY25,202503,FY25,Americas,FB,Enterprise,OPP1210,ACC010,Cyberdyne,Renewal,N,,$
Open Pipeline,438434.41,4QFY25,20254,Mar FY25,202503,FY25,APJ,FA,Corporate,OPP1211,ACC015,Hooli,ES1 Opportunity,N,,$
Open Pipeline,320794.25,4QFY25,20254,Mar FY25,202503,FY25,Americas,Others,Commercial,OPP1212,ACC006,Wayne Enterprises,ES1 Opportunity,N,,$
Open Pipeline,613812.37,4QFY25,20254,Mar FY25,202503,FY25,APJ,Others,Enterprise,OPP1213,ACC005,Stark Industries,ES2 Opportunity,N,,$
Open Pipeline,242565.15,4QFY25,20254,Mar FY25,202503,FY25,APJ,FA,Corporate,OPP1214,ACC010,Cyberdyne,ES1 Opportunity,N,,$
Open Pipeline,799640.59,4QFY25,20254,Mar FY25,202503,FY25,APJ,Others,Enterprise,OPP1215,ACC020,Bluth Co,ES1 Opportunity,N,,$
Open Pipeline,406548.77,4QFY25,20254,Mar FY25,202503,FY25,Americas,FB,Commercial,OPP1216,ACC020,Bluth Co,ES2 Opportunity,N,,$
Open Pipeline,944649.37,4QFY25,20254,Mar FY25,202503,FY25,APJ,FA,Corporate,OPP1217,ACC021,Strickland Propane,ES2 Opportunity,N,,$
Open Pipeline,681658.54,4QFY25,20254,Mar FY25,202503,FY25,Americas,FB,Enterprise,OPP1218,ACC016,Dunder Mifflin,ES1 Opportunity,N,,$
Open Pipeline,1573061.19,4QFY25,20254,Mar FY25,202503,FY25,APJ,Others,Commercial,OPP1219,ACC022,Los Pollos Hermanos,ES1 Opportunity,N,,$
Open Pipeline,269733.47,4QFY25,20254,Mar FY25,202503,FY25,APJ,FA,Enterprise,OPP1220,ACC007,Soylent Co,ES2 Opportunity,N,,$
Open Pipeline,262984.52,4QFY25,20254,Mar FY25,202503,FY25,APJ,FA,Corporate,OPP1221,ACC013,Vandelay Imports,ES2 Opportunity,N,,$
Open Pipeline,132414.34,4QFY25,20254,Mar FY25,202503,FY25,APJ,FA,Enterprise,OPP1222,ACC015,Hooli,ES2 Opportunity,N,,$
Open Pipeline,224401.88,4QFY25,20254,Mar FY25,202503,FY25,EMEA,Others,Corporate,OPP1223,ACC028,Cogswell Cogs,ES2 Opportunity,N,,$
Open Pipeline,192344.87,4QFY25,20254,Mar FY25,202503,FY25,APJ,FA,Corporate,OPP1224,ACC003,Initech,ES2 Opportunity,N,,$
Open Pipeline,1697107.22,4QFY25,20254,Mar FY25,202503,FY25,Americas,FA,Enterprise,OPP1225,ACC016,Dunder Mifflin,ES2 Opportunity,N,,$
Open Pipeline,1050273.48,4QFY25,20254,Mar FY25,202503,FY25,APJ,FA,Commercial,OPP1226,ACC014,Pied Piper,ES1 Opportunity,N,,$
Open Pipeline,154229.59,4QFY25,20254,Mar FY25,202503,FY25,EMEA,FB,Enterprise,OPP1227,ACC019,Gringotts Bank,ES2 Opportunity,N,,$
Open Pipeline,427776.81,4QFY25,20254,Mar FY25,202503,FY25,EMEA,FA,Commercial,OPP1228,ACC009,Tyrell Systems,ES1 Opportunity,N,,$
Open Pipeline,1593222.22,4QFY25,20254,Mar FY25,202503,FY25,APJ,FA,Corporate,OPP1229,ACC026,Vehement Capital,ES2 Opportunity,N,,$
Open Pipeline,276668.34,4QFY25,20254,Mar FY25,202503,FY25,APJ,FA,Commercial,OPP1230,ACC005,Stark Industries,ES2 Opportunity,N,,$
Open Pipeline,2348243.52,4QFY25,20254,Mar FY25,202503,FY25,APJ,FA,Commercial,OPP1231,ACC011,Aperture Labs,ES1 Opportunity,N,,$
Open Pipeline,1072952.4,4QFY25,20254,Mar FY25,202503,FY25,EMEA,Others,Commercial,OPP1232,ACC011,Aperture Labs,ES2 Opportunity,N,,$
Open Pipeline,371608.22,4QFY25,20254,Mar FY25,202503,FY25,EMEA,FB,Enterprise,OPP1233,ACC012,Massive Dynamic,ES1 Opportunity,N,,$
Open Pipeline,261672.44,4QFY25,20254,Mar FY25,202503,FY25,EMEA,FB,Commercial,OPP1234,ACC023,Wernham Hogg,ES1 Opportunity,N,,$
Open Pipeline,627892.73,4QFY25,20254,Mar FY25,202503,FY25,EMEA,Others,Commercial,OPP1235,ACC019,Gringotts Bank,ES1 Opportunity,N,,$
Open Pipeline,337561.17,4QFY25,20254,Mar FY25,202503,FY25,APJ,FB,Corporate,OPP1236,ACC022,Los Pollos Hermanos,ES2 Opportunity,N,,$
Open Pipeline,128705.57,4QFY25,20254,Mar FY25,202503,FY25,APJ,FA,Enterprise,OPP1237,ACC005,Stark Industries,ES2 Opportunity,N,,$
Open Pipeline,300270.32,4QFY25,20254,Mar FY25,202503,FY25,APJ,FB,Corporate,OPP1238,ACC024,Sterling Cooper,ES1 Opportunity,N,,$
Open Pipeline,1363965.45,4QFY25,20254,Mar FY25,202503,FY25,APJ,FA,Enterprise,OPP1239,ACC017,Nakatomi Trading,ES1 Opportunity,N,,$
Open Pipeline,312319.94,4QFY25,20254,Mar FY25,202503,FY25,APJ,FA,Commercial,OPP1240,ACC021,Strickland Propane,ES1 Opportunity,N,,$
Open Pipeline,735367.84,4QFY25,20254,Mar FY25,202503,FY25,EMEA,FA,Enterprise,OPP1241,ACC008,Wonka Holdings,ES1 Opportunity,N,,$
Open Pipeline,1752306.47,4QFY25,20254,Mar FY25,202503,FY25,APJ,FB,Enterprise,OPP1242,ACC030,Planet Express,ES2 Opportunity,N,,$
Open Pipeline,154270.57,4QFY25,20254,Mar FY25,202503,FY25,APJ,FA,Corporate,OPP1243,ACC025,Pendant Publishing,ES1 Opportunity,N,,$
Open Pipeline,756526.91,4QFY25,20254,Mar FY25,202503,FY25,EMEA,Others,Enterprise,OPP1244,ACC021,Strickland Propane,ES1 Opportunity,N,,$
Open Pipeline,162414.42,4QFY25,20254,Mar FY25,202503,FY25,Americas,FB,Enterprise,OPP1245,ACC009,Tyrell Systems,ES1 Opportunity,N,,$
Open Pipeline,71744.85,4QFY25,20254,Mar FY25,202503,FY25,APJ,FA,Enterprise,OPP1246,ACC008,Wonka Holdings,ES1 Opportunity,N,,$
Open Pipeline,464983.78,4QFY25,20254,Mar FY25,202503,FY25,EMEA,FA,Commercial,OPP1247,ACC005,Stark Industries,ES1 Opportunity,N,,$
Open Pipeline,1253156.72,4QFY25,20254,Mar FY25,202503,FY25,EMEA,FA,Enterprise,OPP1248,ACC011,Aperture Labs,ES1 Opportunity,N,,$
Open Pipeline,244929.39,4QFY25,20254,Mar FY25,202503,FY25,Americas,FB,Enterprise,OPP1249,ACC028,Cogswell Cogs,ES1 Opportunity,N,,$
Open Pipeline,1490221.15,4QFY25,20254,Mar FY25,202503,FY25,EMEA,FA,Commercial,OPP1250,ACC010,Cyberdyne,ES1 Opportunity,N,,$
Open Pipeline,412752.91,4QFY25,20254,Mar FY25,202503,FY25,EMEA,FA,Corporate,OPP1251,ACC016,Dunder Mifflin,ES1 Opportunity,N,,$
Open Pipeline,365835.32,4QFY25,20254,Mar FY25,202503,FY25,Americas,FA,Commercial,OPP1252,ACC023,Wernham Hogg,ES1 Opportunity,N,,$
Open Pipeline,46914.0,4QFY25,20254,Mar FY25,202503,FY25,EMEA,FB,Commercial,OPP1253,ACC028,Cogswell Cogs,ES2 Opportunity,N,,$
Open Pipeline,540532.3,4QFY25,20254,Mar FY25,202503,FY25,EMEA,FA,Enterprise,OPP1254,ACC006,Wayne Enterprises,ES1 Opportunity,N,,$
Open Pipeline,1760980.5,4QFY25,20254,Mar FY25,202503,FY25,Americas,FA,Enterprise,OPP1255,ACC009,Tyrell Systems,ES2 Opportunity,N,,$
Open Pipeline,1105523.34,4QFY25,20254,Mar FY25,202503,FY25,APJ,FB,Enterprise,OPP1256,ACC008,Wonka Holdings,ES2 Opportunity,N,,$
Open Pipeline,207437.64,4QFY25,20254,Mar FY25,202503,FY25,APJ,Others,Corporate,OPP1257,ACC023,Wernham Hogg,ES1 Opportunity,N,,$
IQC Pipeline,181381.76,4QFY25,20254,Mar FY25,202503,FY25,Americas,FA,Commercial,OPP1258,ACC012,Massive Dynamic,ES1 Opportunity,N,,$
IQC Pipeline,176261.58,4QFY25,20254,Mar FY25,202503,FY25,EMEA,FB,Corporate,OPP1259,ACC025,Pendant Publishing,ES1 Opportunity,N,,$
IQC Pipeline,41505.94,4QFY25,20254,Mar FY25,202503,FY25,Americas,FA,Commercial,OPP1260,ACC030,Planet Express,ES2 Opportunity,N,,$
IQC Pipeline,273027.9,4QFY25,20254,Mar FY25,202503,FY25,APJ,Others,Enterprise,OPP1261,ACC006,Wayne Enterprises,ES2 Opportunity,N,,$
IQC Pipeline,131301.6,4QFY25,20254,Mar FY25,202503,FY25,Americas,FB,Commercial,OPP1262,ACC029,Krusty Krab,ES2 Opportunity,N,,$
IQC Pipeline,266476.03,4QFY25,20254,Mar FY25,202503,FY25,EMEA,FA,Enterprise,OPP1263,ACC018,Oscorp,ES1 Opportunity,N,,$
IQC Pipeline,173813.29,4QFY25,20254,Mar FY25,202503,FY25,APJ,FA,Enterprise,OPP1264,ACC007,Soylent Co,ES2 Opportunity,N,,$
IQC Pipeline,279489.01,4QFY25,20254,Mar FY25,202503,FY25,EMEA,FB,Commercial,OPP1265,ACC029,Krusty Krab,ES2 Opportunity,N,,$
IQC Pipeline,62382.96,4QFY25,20254,Mar FY25,202503,FY25,Americas,FB,Corporate,OPP1266,ACC014,Pied Piper,ES1 Opportunity,N,,$
IQC Pipeline,33459.85,4QFY25,20254,Mar FY25,202503,FY25,EMEA,Others,Corporate,OPP1267,ACC022,Los Pollos Hermanos,ES2 Opportunity,N,,$
IQC Pipeline,196765.21,4QFY25,20254,Mar FY25,202503,FY25,Americas,FB,Commercial,OPP1268,ACC015,Hooli,ES1 Opportunity,N,,$
IQC Pipeline,466664.46,4QFY25,20254,Mar FY25,202503,FY25,APJ,FA,Enterprise,OPP1269,ACC005,Stark Industries,ES2 Opportunity,N,,$
IQC Pipeline,375171.22,4QFY25,20254,Mar FY25,202503,FY25,APJ,FA,Commercial,OPP1270,ACC001,Acme Industries,ES1 Opportunity,N,,$
IQC Pipeline,150694.31,4QFY25,20254,Mar FY25,202503,FY25,APJ,FA,Commercial,OPP1271,ACC002,Globex Corp,ES1 Opportunity,N,,$
IQC Pipeline,193394.26,4QFY25,20254,Mar FY25,202503,FY25,Americas,FA,Corporate,OPP1272,ACC030,Planet Express,ES2 Opportunity,N,,$
IQC Pipeline,435016.94,4QFY25,20254,Mar FY25,202503,FY25,APJ,FB,Corporate,OPP1273,ACC029,Krusty Krab,ES2 Opportunity,N,,$
Atbats,241691.84,4QFY25,20254,Mar FY25,202503,FY25,APJ,Others,Corporate,OPP1274,ACC021,Strickland Propane,ES1 Opportunity,N,,$
Atbats,591503.42,4QFY25,20254,Mar FY25,202503,FY25,Americas,Others,Corporate,OPP1275,ACC026,Vehement Capital,ES1 Opportunity,N,,$
Atbats,340506.58,4QFY25,20254,Mar FY25,202503,FY25,EMEA,FA,Enterprise,OPP1276,ACC016,Dunder Mifflin,ES1 Opportunity,N,,$
Atbats,167101.42,4QFY25,20254,Mar FY25,202503,FY25,APJ,FA,Commercial,OPP1277,ACC014,Pied Piper,ES2 Opportunity,N,,$
Atbats,129434.34,4QFY25,20254,Mar FY25,202503,FY25,Americas,FA,Enterprise,OPP1278,ACC012,Massive Dynamic,ES2 Opportunity,N,,$
Atbats,143508.52,4QFY25,20254,Mar FY25,202503,FY25,APJ,FB,Enterprise,OPP1279,ACC026,Vehement Capital,ES2 Opportunity,N,,$
Atbats,1511211.51,4QFY25,20254,Mar FY25,202503,FY25,APJ,FA,Enterprise,OPP1280,ACC010,Cyberdyne,ES1 Opportunity,N,,$
Atbats,282732.29,4QFY25,20254,Mar FY25,202503,FY25,APJ,FB,Enterprise,OPP1281,ACC011,Aperture Labs,ES2 Opportunity,N,,$
Atbats,636128.6,4QFY25,20254,Mar FY25,202503,FY25,APJ,FB,Enterprise,OPP1282,ACC029,Krusty Krab,ES2 Opportunity,N,,$
Atbats,295025.82,4QFY25,20254,Mar FY25,202503,FY25,APJ,FA,Corporate,OPP1283,ACC012,Massive Dynamic,ES1 Opportunity,N,,$
Atbats,211861.46,4QFY25,20254,Mar FY25,202503,FY25,Americas,FB,Enterprise,OPP1284,ACC019,Gringotts Bank,ES1 Opportunity,N,,$
Atbats,374413.48,4QFY25,20254,Mar FY25,202503,FY25,Americas,FA,Enterprise,OPP1285,ACC008,Wonka Holdings,ES1 Opportunity,N,,$
Atbats,295531.45,4QFY25,20254,Mar FY25,202503,FY25,APJ,FA,Commercial,OPP1286,ACC024,Sterling Cooper,ES2 Opportunity,N,,$
Atbats,477914.07,4QFY25,20254,Mar FY25,202503,FY25,Americas,FB,Enterprise,OPP1287,ACC018,Oscorp,ES2 Opportunity,N,,$
Atbats,233002.0,4QFY25,20254,Mar FY25,202503,FY25,APJ,Others,Corporate,OPP1288,ACC027,Spacely Sprockets,ES1 Opportunity,N,,$
Atbats,1009078.57,4QFY25,20254,Mar FY25,202503,FY25,EMEA,FA,Commercial,OPP1289,ACC005,Stark Industries,ES2 Opportunity,N,,$
Atbats,167845.83,4QFY25,20254,Mar FY25,202503,FY25,APJ,Others,Corporate,OPP1290,ACC001,Acme Industries,ES1 Opportunity,N,,$
Atbats,1383728.33,4QFY25,20254,Mar FY25,202503,FY25,Americas,FA,Enterprise,OPP1291,ACC007,Soylent Co,ES2 Opportunity,N,,$
Atbats,390377.46,4QFY25,20254,Mar FY25,202503,FY25,EMEA,FA,Enterprise,OPP1292,ACC013,Vandelay Imports,ES2 Opportunity,N,,$
Atbats,270236.93,4QFY25,20254,Mar FY25,202503,FY25,APJ,FA,Commercial,OPP1293,ACC021,Strickland Propane,ES1 Opportunity,N,,$
Atbats,76810.93,4QFY25,20254,Mar FY25,202503,FY25,EMEA,FB,Enterprise,OPP1294,ACC006,Wayne Enterprises,ES2 Opportunity,N,,$
Atbats,430085.12,4QFY25,20254,Mar FY25,202503,FY25,Americas,Others,Corporate,OPP1295,ACC029,Krusty Krab,ES2 Opportunity,N,,$
Atbats,283769.48,4QFY25,20254,Mar FY25,202503,FY25,Americas,FB,Enterprise,OPP1296,ACC022,Los Pollos Hermanos,ES1 Opportunity,N,,$
Atbats,541818.51,4QFY25,20254,Mar FY25,202503,FY25,APJ,FB,Corporate,OPP1297,ACC019,Gringotts Bank,ES2 Opportunity,N,,$
Atbats,47206.97,4QFY25,20254,Mar FY25,202503,FY25,EMEA,FA,Commercial,OPP1298,ACC023,Wernham Hogg,ES1 Opportunity,N,,$
Atbats,640714.47,4QFY25,20254,Mar FY25,202503,FY25,EMEA,FA,Enterprise,OPP1299,ACC011,Aperture Labs,ES1 Opportunity,N,,$
Atbats,473187.0,4QFY25,20254,Mar FY25,202503,FY25,APJ,FA,Commercial,OPP1300,ACC009,Tyrell Systems,ES2 Opportunity,N,,$
Atbats,718781.26,4QFY25,20254,Mar FY25,202503,FY25,Americas,FA,Corporate,OPP1301,ACC022,Los Pollos Hermanos,ES2 Opportunity,N,,$
Atbats,376112.15,4QFY25,20254,Mar FY25,202503,FY25,APJ,FA,Enterprise,OPP1302,ACC009,Tyrell Systems,ES2 Opportunity,N,,$
Atbats,37896.22,4QFY25,20254,Mar FY25,202503,FY25,APJ,FA,Enterprise,OPP1303,ACC003,Initech,ES2 Opportunity,N,,$
Atbats,213396.26,4QFY25,20254,Mar FY25,202503,FY25,Americas,FA,Enterprise,OPP1304,ACC017,Nakatomi Trading,ES1 Opportunity,N,,$
Atbats,252203.76,4QFY25,20254,Mar FY25,202503,FY25,EMEA,FB,Commercial,OPP1305,ACC028,Cogswell Cogs,ES1 Opportunity,N,,$
Atbats,224579.34,4QFY25,20254,Mar FY25,202503,FY25,EMEA,FB,Commercial,OPP1306,ACC008,Wonka Holdings,ES1 Opportunity,N,,$
Atbats,344090.64,4QFY25,20254,Mar FY25,202503,FY25,EMEA,FA,Enterprise,OPP1307,ACC005,Stark Industries,ES2 Opportunity,N,,$
Atbats,78801.97,4QFY25,20254,Mar FY25,202503,FY25,EMEA,FA,Commercial,OPP1308,ACC008,Wonka Holdings,ES2 Opportunity,N,,$
Atbats,628825.1,4QFY25,20254,Mar FY25,202503,FY25,APJ,FA,Enterprise,OPP1309,ACC013,Vandelay Imports,ES2 Opportunity,N,,$
Atbats,138989.47,4QFY25,20254,Mar FY25,202503,FY25,EMEA,FA,Enterprise,OPP1310,ACC021,Strickland Propane,ES1 Opportunity,N,,$
Atbats,140322.5,4QFY25,20254,Mar FY25,202503,FY25,EMEA,Others,Enterprise,OPP1311,ACC016,Dunder Mifflin,ES1 Opportunity,N,,$
Atbats,195823.7,4QFY25,20254,Mar FY25,202503,FY25,EMEA,FA,Corporate,OPP1312,ACC018,Oscorp,ES2 Opportunity,N,,$
Atbats,27920.27,4QFY25,20254,Mar FY25,202503,FY25,Americas,Others,Commercial,OPP1313,ACC015,Hooli,ES1 Opportunity,N,,$
Atbats,1394129.77,4QFY25,20254,Mar FY25,202503,FY25,Americas,FB,Enterprise,OPP1314,ACC023,Wernham Hogg,ES1 Opportunity,N,,$
Atbats,239983.14,4QFY25,20254,Mar FY25,202503,FY25,EMEA,Others,Commercial,OPP1315,ACC017,Nakatomi Trading,ES2 Opportunity,N,,$
Atbats,256399.74,4QFY25,20254,Mar FY25,202503,FY25,EMEA,FB,Corporate,OPP1316,ACC030,Planet Express,ES1 Opportunity,N,,$
Atbats,450982.59,4QFY25,20254,Mar FY25,202503,FY25,APJ,FB,Commercial,OPP1317,ACC021,Strickland Propane,ES1 Opportunity,N,,$
Atbats,147811.59,4QFY25,20254,Mar FY25,202503,FY25,EMEA,FA,Enterprise,OPP1318,ACC024,Sterling Cooper,ES2 Opportunity,N,,$
Atbats,320256.03,4QFY25,20254,Mar FY25,202503,FY25,APJ,FA,Enterprise,OPP1319,ACC022,Los Pollos Hermanos,ES2 Opportunity,N,,$
Atbats,402013.31,4QFY25,20254,Mar FY25,202503,FY25,EMEA,Others,Commercial,OPP1320,ACC030,Planet Express,ES2 Opportunity,N,,$
Atbats,163982.47,4QFY25,20254,Mar FY25,202503,FY25,Americas,FA,Enterprise,OPP1321,ACC024,Sterling Cooper,ES2 Opportunity,N,,$
Atbats,486798.93,4QFY25,20254,Mar FY25,202503,FY25,EMEA,FA,Commercial,OPP1322,ACC011,Aperture Labs,ES2 Opportunity,N,,$
Atbats,650984.85,4QFY25,20254,Mar FY25,202503,FY25,Americas,Others,Commercial,OPP1323,ACC018,Oscorp,ES1 Opportunity,N,,$
Atbats,78853.64,4QFY25,20254,Mar FY25,202503,FY25,EMEA,FA,Enterprise,OPP1324,ACC021,Strickland Propane,ES2 Opportunity,N,,$
Atbats,463466.53,4QFY25,20254,Mar FY25,202503,FY25,APJ,FB,Enterprise,OPP1325,ACC013,Vandelay Imports,ES1 Opportunity,N,,$
Atbats,82157.6,4QFY25,20254,Mar FY25,202503,FY25,Americas,FB,Commercial,OPP1326,ACC012,Massive Dynamic,ES1 Opportunity,N,,$
Atbats,171042.5,4QFY25,20254,Mar FY25,202503,FY25,EMEA,FB,Commercial,OPP1327,ACC011,Aperture Labs,ES1 Opportunity,N,,$
Bookings,145916.65,4QFY25,20254,Apr FY25,202504,FY25,EMEA,FB,Commercial,OPP1328,ACC023,Wernham Hogg,ES1 Opportunity,N,187,$
Bookings,400334.63,4QFY25,20254,Apr FY25,202504,FY25,Americas,FA,Enterprise,OPP1329,ACC017,Nakatomi Trading,ES1 Opportunity,N,182,$
Bookings,71841.65,4QFY25,20254,Apr FY25,202504,FY25,APJ,FA,Corporate,OPP1330,ACC006,Wayne Enterprises,Renewal,N,172,$
Bookings,90047.28,4QFY25,20254,Apr FY25,202504,FY25,EMEA,FB,Corporate,OPP1331,ACC016,Dunder Mifflin,Renewal,N,64,$
Bookings,109361.18,4QFY25,20254,Apr FY25,202504,FY25,APJ,FA,Commercial,OPP1332,ACC027,Spacely Sprockets,ES1 Opportunity,N,72,$
Bookings,465455.85,4QFY25,20254,Apr FY25,202504,FY25,APJ,FA,Commercial,OPP1333,ACC025,Pendant Publishing,ES1 Opportunity,N,170,$
Bookings,242256.75,4QFY25,20254,Apr FY25,202504,FY25,APJ,FB,Enterprise,OPP1334,ACC002,Globex Corp,ES1 Opportunity,N,142,$
Bookings,685169.19,4QFY25,20254,Apr FY25,202504,FY25,EMEA,FA,Corporate,OPP1335,ACC028,Cogswell Cogs,ES2 Opportunity,N,90,$
Bookings,37084.03,4QFY25,20254,Apr FY25,202504,FY25,APJ,FB,Enterprise,OPP1336,ACC026,Vehement Capital,ES1 Opportunity,N,82,$
Bookings,1045346.37,4QFY25,20254,Apr FY25,202504,FY25,APJ,FA,Enterprise,OPP1337,ACC010,Cyberdyne,ES1 Opportunity,N,161,$
Bookings,62512.79,4QFY25,20254,Apr FY25,202504,FY25,APJ,FA,Enterprise,OPP1338,ACC021,Strickland Propane,ES1 Opportunity,N,145,$
Bookings,721705.97,4QFY25,20254,Apr FY25,202504,FY25,APJ,Others,Enterprise,OPP1339,ACC011,Aperture Labs,Renewal,N,178,$
Bookings,1338337.86,4QFY25,20254,Apr FY25,202504,FY25,APJ,FB,Corporate,OPP1340,ACC013,Vandelay Imports,ES1 Opportunity,N,139,$
Bookings,806807.11,4QFY25,20254,Apr FY25,202504,FY25,EMEA,FA,Commercial,OPP1341,ACC016,Dunder Mifflin,ES1 Opportunity,N,204,$
Bookings,818577.22,4QFY25,20254,Apr FY25,202504,FY25,Americas,FA,Enterprise,OPP1342,ACC007,Soylent Co,Renewal,N,206,$
Bookings,16752.3,4QFY25,20254,Apr FY25,202504,FY25,Americas,FB,Enterprise,OPP1343,ACC029,Krusty Krab,ES2 Opportunity,N,43,$
Bookings,226696.44,4QFY25,20254,Apr FY25,202504,FY25,Americas,FA,Enterprise,OPP1344,ACC007,Soylent Co,ES2 Opportunity,N,63,$
Bookings,374876.54,4QFY25,20254,Apr FY25,202504,FY25,Americas,FB,Corporate,OPP1345,ACC014,Pied Piper,Renewal,N,207,$
Bookings,90031.43,4QFY25,20254,Apr FY25,202504,FY25,EMEA,FA,Enterprise,OPP1346,ACC027,Spacely Sprockets,ES2 Opportunity,N,64,$
Bookings,454884.11,4QFY25,20254,Apr FY25,202504,FY25,APJ,FA,Commercial,OPP1347,ACC024,Sterling Cooper,ES1 Opportunity,N,68,$
Bookings,2040491.45,4QFY25,20254,Apr FY25,202504,FY25,Americas,FA,Enterprise,OPP1348,ACC019,Gringotts Bank,ES1 Opportunity,N,119,$
Bookings,752974.08,4QFY25,20254,Apr FY25,202504,FY25,EMEA,FB,Enterprise,OPP1349,ACC024,Sterling Cooper,ES1 Opportunity,N,206,$
Bookings,697165.68,4QFY25,20254,Apr FY25,202504,FY25,Americas,FB,Enterprise,OPP1350,ACC029,Krusty Krab,ES2 Opportunity,N,91,$
Bookings,265368.93,4QFY25,20254,Apr FY25,202504,FY25,APJ,FA,Corporate,OPP1351,ACC012,Massive Dynamic,ES2 Opportunity,N,63,$
Bookings,67860.21,4QFY25,20254,Apr FY25,202504,FY25,APJ,FB,Commercial,OPP1352,ACC025,Pendant Publishing,Renewal,N,48,$
Bookings,277677.31,4QFY25,20254,Apr FY25,202504,FY25,EMEA,FA,Enterprise,OPP1353,ACC018,Oscorp,ES1 Opportunity,N,101,$
Bookings,107430.99,4QFY25,20254,Apr FY25,202504,FY25,APJ,FB,Enterprise,OPP1354,ACC024,Sterling Cooper,ES1 Opportunity,N,91,$
Bookings,227994.98,4QFY25,20254,Apr FY25,202504,FY25,EMEA,FB,Commercial,OPP1355,ACC001,Acme Industries,ES2 Opportunity,N,209,$
Bookings,175904.1,4QFY25,20254,Apr FY25,202504,FY25,EMEA,FA,Enterprise,OPP1356,ACC009,Tyrell Systems,ES1 Opportunity,N,60,$
Bookings,439183.59,4QFY25,20254,Apr FY25,202504,FY25,APJ,Others,Commercial,OPP1357,ACC017,Nakatomi Trading,ES1 Opportunity,N,157,$
Bookings,481081.98,4QFY25,20254,Apr FY25,202504,FY25,Americas,Others,Commercial,OPP1358,ACC024,Sterling Cooper,ES2 Opportunity,N,41,$
Bookings,87358.78,4QFY25,20254,Apr FY25,202504,FY25,Americas,Others,Corporate,OPP1359,ACC030,Planet Express,ES1 Opportunity,N,197,$
Bookings,203636.82,4QFY25,20254,Apr FY25,202504,FY25,APJ,FA,Corporate,OPP1360,ACC004,Umbrella Group,ES1 Opportunity,N,43,$
Bookings,50983.45,4QFY25,20254,Apr FY25,202504,FY25,EMEA,FA,Commercial,OPP1361,ACC007,Soylent Co,ES2 Opportunity,N,107,$
Bookings,448903.24,4QFY25,20254,Apr FY25,202504,FY25,EMEA,Others,Commercial,OPP1362,ACC018,Oscorp,ES1 Opportunity,N,92,$
Bookings,437304.37,4QFY25,20254,Apr FY25,202504,FY25,EMEA,FA,Commercial,OPP1363,ACC024,Sterling Cooper,ES1 Opportunity,N,82,$
Bookings,287522.73,4QFY25,20254,Apr FY25,202504,FY25,Americas,Others,Enterprise,OPP1364,ACC002,Globex Corp,ES2 Opportunity,N,163,$
Renewal Bookings,266780.39,4QFY25,20254,Apr FY25,202504,FY25,APJ,FA,Enterprise,OPP1365,ACC005,Stark Industries,Renewal,N,,$
Renewal Bookings,230914.49,4QFY25,20254,Apr FY25,202504,FY25,APJ,FB,Enterprise,OPP1366,ACC005,Stark Industries,Renewal,N,,$
Renewal Bookings,93906.06,4QFY25,20254,Apr FY25,202504,FY25,EMEA,Others,Enterprise,OPP1367,ACC027,Spacely Sprockets,Renewal,N,,$
Renewal Bookings,277300.99,4QFY25,20254,Apr FY25,202504,FY25,EMEA,FA,Corporate,OPP1368,ACC005,Stark Industries,Renewal,N,,$
Renewal Bookings,460814.76,4QFY25,20254,Apr FY25,202504,FY25,Americas,FA,Enterprise,OPP1369,ACC011,Aperture Labs,Renewal,N,,$
Renewal Bookings,119248.89,4QFY25,20254,Apr FY25,202504,FY25,Americas,FA,Commercial,OPP1370,ACC028,Cogswell Cogs,Renewal,N,,$
Renewal Bookings,81093.16,4QFY25,20254,Apr FY25,202504,FY25,APJ,FA,Commercial,OPP1371,ACC020,Bluth Co,Renewal,N,,$
Renewal Bookings,121471.11,4QFY25,20254,Apr FY25,202504,FY25,Americas,Others,Enterprise,OPP1372,ACC002,Globex Corp,Renewal,N,,$
Renewal Bookings,235571.1,4QFY25,20254,Apr FY25,202504,FY25,Americas,FA,Enterprise,OPP1373,ACC015,Hooli,Renewal,N,,$
Renewal Bookings,197211.5,4QFY25,20254,Apr FY25,202504,FY25,Americas,FA,Corporate,OPP1374,ACC005,Stark Industries,Renewal,N,,$
Renewal Bookings,284299.62,4QFY25,20254,Apr FY25,202504,FY25,Americas,FB,Enterprise,OPP1375,ACC021,Strickland Propane,Renewal,N,,$
Open Pipeline,438250.53,4QFY25,20254,Apr FY25,202504,FY25,Americas,FA,Enterprise,OPP1376,ACC015,Hooli,ES1 Opportunity,N,,$
Open Pipeline,649760.42,4QFY25,20254,Apr FY25,202504,FY25,EMEA,FA,Corporate,OPP1377,ACC030,Planet Express,ES2 Opportunity,N,,$
Open Pipeline,737354.87,4QFY25,20254,Apr FY25,202504,FY25,EMEA,FA,Enterprise,OPP1378,ACC012,Massive Dynamic,ES2 Opportunity,N,,$
Open Pipeline,198373.08,4QFY25,20254,Apr FY25,202504,FY25,EMEA,FA,Enterprise,OPP1379,ACC020,Bluth Co,ES1 Opportunity,N,,$
Open Pipeline,195107.77,4QFY25,20254,Apr FY25,202504,FY25,EMEA,Others,Commercial,OPP1380,ACC013,Vandelay Imports,ES2 Opportunity,N,,$
Open Pipeline,166476.97,4QFY25,20254,Apr FY25,202504,FY25,APJ,FA,Corporate,OPP1381,ACC001,Acme Industries,ES1 Opportunity,N,,$
Open Pipeline,213066.58,4QFY25,20254,Apr FY25,202504,FY25,EMEA,FA,Commercial,OPP1382,ACC009,Tyrell Systems,ES2 Opportunity,N,,$
Open Pipeline,161709.93,4QFY25,20254,Apr FY25,202504,FY25,Americas,FA,Corporate,OPP1383,ACC026,Vehement Capital,ES2 Opportunity,N,,$
Open Pipeline,522767.38,4QFY25,20254,Apr FY25,202504,FY25,APJ,FA,Corporate,OPP1384,ACC028,Cogswell Cogs,ES2 Opportunity,N,,$
Open Pipeline,1402709.23,4QFY25,20254,Apr FY25,202504,FY25,Americas,FA,Commercial,OPP1385,ACC023,Wernham Hogg,ES1 Opportunity,N,,$
Open Pipeline,200157.12,4QFY25,20254,Apr FY25,202504,FY25,APJ,FB,Corporate,OPP1386,ACC019,Gringotts Bank,ES1 Opportunity,N,,$
Open Pipeline,395400.41,4QFY25,20254,Apr FY25,202504,FY25,Americas,FA,Enterprise,OPP1387,ACC017,Nakatomi Trading,ES2 Opportunity,N,,$
Open Pipeline,342317.79,4QFY25,20254,Apr FY25,202504,FY25,APJ,FA,Enterprise,OPP1388,ACC030,Planet Express,ES1 Opportunity,N,,$
Open Pipeline,545312.55,4QFY25,20254,Apr FY25,202504,FY25,Americas,FB,Corporate,OPP1389,ACC012,Massive Dynamic,ES1 Opportunity,N,,$
Open Pipeline,1023324.07,4QFY25,20254,Apr FY25,202504,FY25,APJ,FA,Enterprise,OPP1390,ACC006,Wayne Enterprises,ES2 Opportunity,N,,$
Open Pipeline,735156.51,4QFY25,20254,Apr FY25,202504,FY25,APJ,Others,Commercial,OPP1391,ACC018,Oscorp,ES2 Opportunity,N,,$
Open Pipeline,682719.11,4QFY25,20254,Apr FY25,202504,FY25,APJ,FB,Enterprise,OPP1392,ACC010,Cyberdyne,ES1 Opportunity,N,,$
Open Pipeline,3350102.34,4QFY25,20254,Apr FY25,202504,FY25,APJ,FA,Commercial,OPP1393,ACC005,Stark Industries,ES1 Opportunity,N,,$
Open Pipeline,264587.65,4QFY25,20254,Apr FY25,202504,FY25,EMEA,Others,Enterprise,OPP1394,ACC003,Initech,ES1 Opportunity,N,,$
Open Pipeline,1928601.35,4QFY25,20254,Apr FY25,202504,FY25,APJ,Others,Enterprise,OPP1395,ACC008,Wonka Holdings,ES2 Opportunity,N,,$
Open Pipeline,603331.57,4QFY25,20254,Apr FY25,202504,FY25,Americas,FB,Enterprise,OPP1396,ACC014,Pied Piper,ES2 Opportunity,N,,$
Open Pipeline,355363.92,4QFY25,20254,Apr FY25,202504,FY25,APJ,FA,Corporate,OPP1397,ACC019,Gringotts Bank,ES1 Opportunity,N,,$
Open Pipeline,828917.8,4QFY25,20254,Apr FY25,202504,FY25,Americas,FA,Commercial,OPP1398,ACC001,Acme Industries,ES2 Opportunity,N,,$
Open Pipeline,163214.82,4QFY25,20254,Apr FY25,202504,FY25,APJ,Others,Corporate,OPP1399,ACC020,Bluth Co,ES2 Opportunity,N,,$
Open Pipeline,257776.42,4QFY25,20254,Apr FY25,202504,FY25,APJ,Others,Enterprise,OPP1400,ACC007,Soylent Co,ES2 Opportunity,N,,$
Open Pipeline,1436491.8,4QFY25,20254,Apr FY25,202504,FY25,APJ,FB,Commercial,OPP1401,ACC010,Cyberdyne,ES2 Opportunity,N,,$
Open Pipeline,246609.5,4QFY25,20254,Apr FY25,202504,FY25,EMEA,FB,Corporate,OPP1402,ACC012,Massive Dynamic,ES2 Opportunity,N,,$
Open Pipeline,1594555.66,4QFY25,20254,Apr FY25,202504,FY25,EMEA,FA,Enterprise,OPP1403,ACC010,Cyberdyne,ES2 Opportunity,N,,$
Open Pipeline,1714505.82,4QFY25,20254,Apr FY25,202504,FY25,Americas,FA,Enterprise,OPP1404,ACC022,Los Pollos Hermanos,ES2 Opportunity,N,,$
Open Pipeline,117515.63,4QFY25,20254,Apr FY25,202504,FY25,EMEA,FA,Corporate,OPP1405,ACC015,Hooli,ES2 Opportunity,N,,$
Open Pipeline,89823.91,4QFY25,20254,Apr FY25,202504,FY25,EMEA,FA,Enterprise,OPP1406,ACC025,Pendant Publishing,ES2 Opportunity,N,,$
Open Pipeline,526041.01,4QFY25,20254,Apr FY25,202504,FY25,APJ,FA,Commercial,OPP1407,ACC019,Gringotts Bank,ES1 Opportunity,N,,$
Open Pipeline,220175.83,4QFY25,20254,Apr FY25,202504,FY25,EMEA,FB,Enterprise,OPP1408,ACC028,Cogswell Cogs,ES1 Opportunity,N,,$
Open Pipeline,2088520.11,4QFY25,20254,Apr FY25,202504,FY25,Americas,FA,Enterprise,OPP1409,ACC023,Wernham Hogg,ES1 Opportunity,N,,$
Open Pipeline,387444.25,4QFY25,20254,Apr FY25,202504,FY25,APJ,FA,Corporate,OPP1410,ACC006,Wayne Enterprises,ES2 Opportunity,N,,$
Open Pipeline,119116.73,4QFY25,20254,Apr FY25,202504,FY25,APJ,FA,Corporate,OPP1411,ACC027,Spacely Sprockets,ES1 Opportunity,N,,$
Open Pipeline,460331.08,4QFY25,20254,Apr FY25,202504,FY25,APJ,Others,Enterprise,OPP1412,ACC013,Vandelay Imports,ES2 Opportunity,N,,$
IQC Pipeline,160795.85,4QFY25,20254,Apr FY25,202504,FY25,EMEA,Others,Enterprise,OPP1413,ACC019,Gringotts Bank,ES1 Opportunity,N,,$
IQC Pipeline,259545.51,4QFY25,20254,Apr FY25,202504,FY25,EMEA,FA,Commercial,OPP1414,ACC004,Umbrella Group,ES1 Opportunity,N,,$
IQC Pipeline,1285850.81,4QFY25,20254,Apr FY25,202504,FY25,Americas,FB,Corporate,OPP1415,ACC029,Krusty Krab,ES1 Opportunity,N,,$
IQC Pipeline,189514.0,4QFY25,20254,Apr FY25,202504,FY25,EMEA,FB,Commercial,OPP1416,ACC013,Vandelay Imports,ES2 Opportunity,N,,$
IQC Pipeline,50958.47,4QFY25,20254,Apr FY25,202504,FY25,APJ,FA,Enterprise,OPP1417,ACC023,Wernham Hogg,ES1 Opportunity,N,,$
IQC Pipeline,41329.94,4QFY25,20254,Apr FY25,202504,FY25,EMEA,Others,Enterprise,OPP1418,ACC010,Cyberdyne,ES1 Opportunity,N,,$
IQC Pipeline,30830.92,4QFY25,20254,Apr FY25,202504,FY25,APJ,FB,Corporate,OPP1419,ACC010,Cyberdyne,ES2 Opportunity,N,,$
IQC Pipeline,1046391.88,4QFY25,20254,Apr FY25,202504,FY25,EMEA,FA,Enterprise,OPP1420,ACC007,Soylent Co,ES1 Opportunity,N,,$
IQC Pipeline,76494.99,4QFY25,20254,Apr FY25,202504,FY25,EMEA,FB,Commercial,OPP1421,ACC027,Spacely Sprockets,ES1 Opportunity,N,,$
IQC Pipeline,114100.94,4QFY25,20254,Apr FY25,202504,FY25,APJ,Others,Enterprise,OPP1422,ACC027,Spacely Sprockets,ES2 Opportunity,N,,$
IQC Pipeline,180037.38,4QFY25,20254,Apr FY25,202504,FY25,EMEA,FB,Commercial,OPP1423,ACC004,Umbrella Group,ES1 Opportunity,N,,$
IQC Pipeline,365859.85,4QFY25,20254,Apr FY25,202504,FY25,EMEA,FB,Enterprise,OPP1424,ACC019,Gringotts Bank,ES1 Opportunity,N,,$
IQC Pipeline,277699.68,4QFY25,20254,Apr FY25,202504,FY25,EMEA,FB,Commercial,OPP1425,ACC013,Vandelay Imports,ES2 Opportunity,N,,$
IQC Pipeline,447309.66,4QFY25,20254,Apr FY25,202504,FY25,Americas,FB,Commercial,OPP1426,ACC014,Pied Piper,ES2 Opportunity,N,,$
IQC Pipeline,287308.37,4QFY25,20254,Apr FY25,202504,FY25,APJ,FA,Corporate,OPP1427,ACC020,Bluth Co,ES1 Opportunity,N,,$
IQC Pipeline,472094.43,4QFY25,20254,Apr FY25,202504,FY25,APJ,FB,Enterprise,OPP1428,ACC021,Strickland Propane,ES1 Opportunity,N,,$
IQC Pipeline,740356.1,4QFY25,20254,Apr FY25,202504,FY25,Americas,FA,Commercial,OPP1429,ACC013,Vandelay Imports,ES1 Opportunity,N,,$
IQC Pipeline,280972.73,4QFY25,20254,Apr FY25,202504,FY25,APJ,Others,Corporate,OPP1430,ACC020,Bluth Co,ES1 Opportunity,N,,$
IQC Pipeline,317005.49,4QFY25,20254,Apr FY25,202504,FY25,Americas,FA,Enterprise,OPP1431,ACC011,Aperture Labs,ES2 Opportunity,N,,$
IQC Pipeline,562046.52,4QFY25,20254,Apr FY25,202504,FY25,APJ,Others,Commercial,OPP1432,ACC017,Nakatomi Trading,ES2 Opportunity,N,,$
IQC Pipeline,402529.44,4QFY25,20254,Apr FY25,202504,FY25,APJ,FA,Enterprise,OPP1433,ACC010,Cyberdyne,ES2 Opportunity,N,,$
IQC Pipeline,119394.07,4QFY25,20254,Apr FY25,202504,FY25,EMEA,FB,Commercial,OPP1434,ACC027,Spacely Sprockets,ES1 Opportunity,N,,$
IQC Pipeline,34705.0,4QFY25,20254,Apr FY25,202504,FY25,Americas,FB,Commercial,OPP1435,ACC022,Los Pollos Hermanos,ES2 Opportunity,N,,$
Atbats,321637.31,4QFY25,20254,Apr FY25,202504,FY25,APJ,Others,Enterprise,OPP1436,ACC005,Stark Industries,ES2 Opportunity,N,,$
Atbats,1334331.36,4QFY25,20254,Apr FY25,202504,FY25,APJ,FB,Enterprise,OPP1437,ACC011,Aperture Labs,ES1 Opportunity,N,,$
Atbats,416918.85,4QFY25,20254,Apr FY25,202504,FY25,Americas,FB,Enterprise,OPP1438,ACC011,Aperture Labs,ES1 Opportunity,N,,$
Atbats,174351.76,4QFY25,20254,Apr FY25,202504,FY25,EMEA,Others,Commercial,OPP1439,ACC019,Gringotts Bank,ES1 Opportunity,N,,$
Atbats,426429.8,4QFY25,20254,Apr FY25,202504,FY25,EMEA,Others,Commercial,OPP1440,ACC013,Vandelay Imports,ES1 Opportunity,N,,$
Atbats,323585.93,4QFY25,20254,Apr FY25,202504,FY25,Americas,FA,Enterprise,OPP1441,ACC019,Gringotts Bank,ES2 Opportunity,N,,$
Atbats,211122.38,4QFY25,20254,Apr FY25,202504,FY25,EMEA,FA,Commercial,OPP1442,ACC025,Pendant Publishing,ES2 Opportunity,N,,$
Atbats,514658.76,4QFY25,20254,Apr FY25,202504,FY25,EMEA,FB,Enterprise,OPP1443,ACC013,Vandelay Imports,ES1 Opportunity,N,,$
Atbats,313078.92,4QFY25,20254,Apr FY25,202504,FY25,Americas,FB,Enterprise,OPP1444,ACC012,Massive Dynamic,ES1 Opportunity,N,,$
Atbats,207055.08,4QFY25,20254,Apr FY25,202504,FY25,APJ,FB,Enterprise,OPP1445,ACC010,Cyberdyne,ES1 Opportunity,N,,$
Atbats,1219629.04,4QFY25,20254,Apr FY25,202504,FY25,APJ,FB,Enterprise,OPP1446,ACC005,Stark Industries,ES1 Opportunity,N,,$
Atbats,19229.11,4QFY25,20254,Apr FY25,202504,FY25,EMEA,FB,Enterprise,OPP1447,ACC026,Vehement Capital,ES1 Opportunity,N,,$
Atbats,239235.06,4QFY25,20254,Apr FY25,202504,FY25,APJ,Others,Enterprise,OPP1448,ACC017,Nakatomi Trading,ES2 Opportunity,N,,$
Atbats,120991.57,4QFY25,20254,Apr FY25,202504,FY25,APJ,FB,Enterprise,OPP1449,ACC025,Pendant Publishing,ES1 Opportunity,N,,$
Atbats,315725.72,4QFY25,20254,Apr FY25,202504,FY25,Americas,FB,Commercial,OPP1450,ACC023,Wernham Hogg,ES2 Opportunity,N,,$
Atbats,90567.99,4QFY25,20254,Apr FY25,202504,FY25,Americas,FA,Commercial,OPP1451,ACC023,Wernham Hogg,ES2 Opportunity,N,,$
Atbats,254996.57,4QFY25,20254,Apr FY25,202504,FY25,APJ,FA,Commercial,OPP1452,ACC027,Spacely Sprockets,ES2 Opportunity,N,,$
Atbats,1202766.02,4QFY25,20254,Apr FY25,202504,FY25,APJ,FA,Enterprise,OPP1453,ACC007,Soylent Co,ES2 Opportunity,N,,$
Atbats,688428.55,4QFY25,20254,Apr FY25,202504,FY25,APJ,Others,Enterprise,OPP1454,ACC006,Wayne Enterprises,ES2 Opportunity,N,,$
Atbats,61766.32,4QFY25,20254,Apr FY25,202504,FY25,Americas,FB,Commercial,OPP1455,ACC001,Acme Industries,ES2 Opportunity,N,,$
Atbats,1685508.11,4QFY25,20254,Apr FY25,202504,FY25,Americas,Others,Commercial,OPP1456,ACC024,Sterling Cooper,ES2 Opportunity,N,,$
Atbats,118276.71,4QFY25,20254,Apr FY25,202504,FY25,Americas,FA,Corporate,OPP1457,ACC002,Globex Corp,ES2 Opportunity,N,,$
Atbats,129072.85,4QFY25,20254,Apr FY25,202504,FY25,Americas,Others,Enterprise,OPP1458,ACC014,Pied Piper,ES1 Opportunity,N,,$
Atbats,466110.78,4QFY25,20254,Apr FY25,202504,FY25,Americas,FA,Enterprise,OPP1459,ACC011,Aperture Labs,ES1 Opportunity,N,,$
Atbats,192012.82,4QFY25,20254,Apr FY25,202504,FY25,APJ,FA,Commercial,OPP1460,ACC011,Aperture Labs,ES2 Opportunity,N,,$
Atbats,119620.51,4QFY25,20254,Apr FY25,202504,FY25,EMEA,FA,Enterprise,OPP1461,ACC026,Vehement Capital,ES1 Opportunity,N,,$
Atbats,91219.26,4QFY25,20254,Apr FY25,202504,FY25,Americas,FA,Commercial,OPP1462,ACC028,Cogswell Cogs,ES2 Opportunity,N,,$
Atbats,109033.48,4QFY25,20254,Apr FY25,202504,FY25,APJ,FA,Commercial,OPP1463,ACC020,Bluth Co,ES2 Opportunity,N,,$
Atbats,214995.98,4QFY25,20254,Apr FY25,202504,FY25,Americas,Others,Corporate,OPP1464,ACC029,Krusty Krab,ES1 Opportunity,N,,$
Atbats,95999.01,4QFY25,20254,Apr FY25,202504,FY25,Americas,FA,Commercial,OPP1465,ACC028,Cogswell Cogs,ES2 Opportunity,N,,$
Atbats,1102434.0,4QFY25,20254,Apr FY25,202504,FY25,APJ,FB,Enterprise,OPP1466,ACC028,Cogswell Cogs,ES1 Opportunity,N,,$
Atbats,165764.5,4QFY25,20254,Apr FY25,202504,FY25,APJ,FB,Enterprise,OPP1467,ACC016,Dunder Mifflin,ES1 Opportunity,N,,$
Atbats,130943.69,4QFY25,20254,Apr FY25,202504,FY25,EMEA,FA,Corporate,OPP1468,ACC020,Bluth Co,ES1 Opportunity,N,,$
Atbats,70636.64,4QFY25,20254,Apr FY25,202504,FY25,Americas,FA,Enterprise,OPP1469,ACC018,Oscorp,ES1 Opportunity,N,,$
Atbats,447765.56,4QFY25,20254,Apr FY25,202504,FY25,Americas,FA,Enterprise,OPP1470,ACC003,Initech,ES1 Opportunity,N,,$
Atbats,896590.56,4QFY25,20254,Apr FY25,202504,FY25,Americas,Others,Commercial,OPP1471,ACC013,Vandelay Imports,ES2 Opportunity,N,,$
Atbats,211172.07,4QFY25,20254,Apr FY25,202504,FY25,Americas,FB,Commercial,OPP1472,ACC021,Strickland Propane,ES1 Opportunity,N,,$
Atbats,149970.72,4QFY25,20254,Apr FY25,202504,FY25,Americas,FB,Commercial,OPP1473,ACC027,Spacely Sprockets,ES2 Opportunity,N,,$
Atbats,110856.74,4QFY25,20254,Apr FY25,202504,FY25,EMEA,FA,Commercial,OPP1474,ACC023,Wernham Hogg,ES1 Opportunity,N,,$
Atbats,766119.7,4QFY25,20254,Apr FY25,202504,FY25,Americas,FA,Commercial,OPP1475,ACC012,Massive Dynamic,ES2 Opportunity,N,,$
Atbats,140569.67,4QFY25,20254,Apr FY25,202504,FY25,APJ,FA,Corporate,OPP1476,ACC027,Spacely Sprockets,ES2 Opportunity,N,,$
Atbats,1128152.69,4QFY25,20254,Apr FY25,202504,FY25,Americas,FA,Enterprise,OPP1477,ACC028,Cogswell Cogs,ES2 Opportunity,N,,$
Atbats,211418.26,4QFY25,20254,Apr FY25,202504,FY25,Americas,FB,Enterprise,OPP1478,ACC030,Planet Express,ES2 Opportunity,N,,$
Atbats,595516.66,4QFY25,20254,Apr FY25,202504,FY25,Americas,FB,Commercial,OPP1479,ACC017,Nakatomi Trading,ES1 Opportunity,N,,$
Atbats,84909.89,4QFY25,20254,Apr FY25,202504,FY25,APJ,FB,Commercial,OPP1480,ACC019,Gringotts Bank,ES2 Opportunity,N,,$
Atbats,279412.96,4QFY25,20254,Apr FY25,202504,FY25,Americas,FB,Enterprise,OPP1481,ACC004,Umbrella Group,ES1 Opportunity,N,,$
Atbats,182853.9,4QFY25,20254,Apr FY25,202504,FY25,EMEA,FA,Enterprise,OPP1482,ACC030,Planet Express,ES1 Opportunity,N,,$
Atbats,460156.84,4QFY25,20254,Apr FY25,202504,FY25,EMEA,Others,Corporate,OPP1483,ACC005,Stark Industries,ES2 Opportunity,N,,$
Atbats,62215.76,4QFY25,20254,Apr FY25,202504,FY25,APJ,FA,Corporate,OPP1484,ACC011,Aperture Labs,ES1 Opportunity,N,,$
Atbats,394206.12,4QFY25,20254,Apr FY25,202504,FY25,APJ,FB,Commercial,OPP1485,ACC005,Stark Industries,ES1 Opportunity,N,,$
Atbats,1446829.0,4QFY25,20254,Apr FY25,202504,FY25,APJ,FB,Commercial,OPP1486,ACC018,Oscorp,ES1 Opportunity,N,,$
Atbats,274187.5,4QFY25,20254,Apr FY25,202504,FY25,APJ,FB,Commercial,OPP1487,ACC018,Oscorp,ES1 Opportunity,N,,$
Atbats,26768.02,4QFY25,20254,Apr FY25,202504,FY25,Americas,FA,Enterprise,OPP1488,ACC022,Los Pollos Hermanos,ES2 Opportunity,N,,$
Atbats,105061.35,4QFY25,20254,Apr FY25,202504,FY25,Americas,Others,Commercial,OPP1489,ACC002,Globex Corp,ES2 Opportunity,N,,$
Atbats,471597.34,4QFY25,20254,Apr FY25,202504,FY25,APJ,FA,Corporate,OPP1490,ACC028,Cogswell Cogs,ES2 Opportunity,N,,$
Atbats,589663.63,4QFY25,20254,Apr FY25,202504,FY25,Americas,FB,Commercial,OPP1491,ACC026,Vehement Capital,ES2 Opportunity,N,,$
Atbats,1584524.73,4QFY25,20254,Apr FY25,202504,FY25,APJ,FB,Corporate,OPP1492,ACC026,Vehement Capital,ES2 Opportunity,N,,$
Atbats,972468.21,4QFY25,20254,Apr FY25,202504,FY25,APJ,FA,Commercial,OPP1493,ACC028,Cogswell Cogs,ES2 Opportunity,N,,$
Atbats,803113.83,4QFY25,20254,Apr FY25,202504,FY25,APJ,FA,Commercial,OPP1494,ACC007,Soylent Co,ES1 Opportunity,N,,$
Atbats,193057.87,4QFY25,20254,Apr FY25,202504,FY25,APJ,FA,Corporate,OPP1495,ACC004,Umbrella Group,ES1 Opportunity,N,,$
Atbats,205123.76,4QFY25,20254,Apr FY25,202504,FY25,APJ,FA,Enterprise,OPP1496,ACC001,Acme Industries,ES1 Opportunity,N,,$
Bookings,75922.67,1QFY26,20261,May FY26,202605,FY26,EMEA,FB,Commercial,OPP1497,ACC027,Spacely Sprockets,ES1 Opportunity,N,155,$
Bookings,727266.47,1QFY26,20261,May FY26,202605,FY26,APJ,FA,Enterprise,OPP1498,ACC003,Initech,ES2 Opportunity,N,70,$
Bookings,155355.88,1QFY26,20261,May FY26,202605,FY26,Americas,Others,Commercial,OPP1499,ACC010,Cyberdyne,ES2 Opportunity,N,188,$
Bookings,105807.81,1QFY26,20261,May FY26,202605,FY26,APJ,FA,Enterprise,OPP1500,ACC013,Vandelay Imports,Renewal,N,59,$
Bookings,157776.17,1QFY26,20261,May FY26,202605,FY26,APJ,FB,Enterprise,OPP1501,ACC015,Hooli,ES1 Opportunity,N,105,$
Bookings,741209.46,1QFY26,20261,May FY26,202605,FY26,Americas,FA,Corporate,OPP1502,ACC001,Acme Industries,ES1 Opportunity,N,83,$
Bookings,1460993.55,1QFY26,20261,May FY26,202605,FY26,EMEA,FB,Enterprise,OPP1503,ACC029,Krusty Krab,ES1 Opportunity,N,141,$
Bookings,490286.33,1QFY26,20261,May FY26,202605,FY26,EMEA,FA,Enterprise,OPP1504,ACC009,Tyrell Systems,ES2 Opportunity,N,177,$
Bookings,198859.49,1QFY26,20261,May FY26,202605,FY26,EMEA,FA,Commercial,OPP1505,ACC021,Strickland Propane,ES1 Opportunity,N,46,$
Bookings,1041704.93,1QFY26,20261,May FY26,202605,FY26,Americas,FA,Commercial,OPP1506,ACC022,Los Pollos Hermanos,ES2 Opportunity,N,52,$
Bookings,59177.21,1QFY26,20261,May FY26,202605,FY26,Americas,FA,Enterprise,OPP1507,ACC026,Vehement Capital,ES2 Opportunity,N,105,$
Bookings,2093966.84,1QFY26,20261,May FY26,202605,FY26,Americas,FB,Commercial,OPP1508,ACC001,Acme Industries,ES2 Opportunity,N,130,$
Bookings,959930.77,1QFY26,20261,May FY26,202605,FY26,APJ,FB,Commercial,OPP1509,ACC029,Krusty Krab,ES2 Opportunity,N,161,$
Bookings,135657.91,1QFY26,20261,May FY26,202605,FY26,EMEA,FA,Enterprise,OPP1510,ACC028,Cogswell Cogs,ES1 Opportunity,Y,170,$
Bookings,215436.23,1QFY26,20261,May FY26,202605,FY26,Americas,FA,Enterprise,OPP1511,ACC011,Aperture Labs,ES1 Opportunity,N,201,$
Bookings,430292.85,1QFY26,20261,May FY26,202605,FY26,Americas,FA,Commercial,OPP1512,ACC010,Cyberdyne,ES1 Opportunity,N,69,$
Bookings,313280.19,1QFY26,20261,May FY26,202605,FY26,EMEA,FA,Enterprise,OPP1513,ACC023,Wernham Hogg,ES1 Opportunity,N,141,$
Bookings,166266.14,1QFY26,20261,May FY26,202605,FY26,EMEA,Others,Commercial,OPP1514,ACC010,Cyberdyne,ES2 Opportunity,N,57,$
Bookings,73726.12,1QFY26,20261,May FY26,202605,FY26,Americas,Others,Enterprise,OPP1515,ACC021,Strickland Propane,ES1 Opportunity,Y,49,$
Bookings,1142772.12,1QFY26,20261,May FY26,202605,FY26,APJ,FA,Enterprise,OPP1516,ACC029,Krusty Krab,ES2 Opportunity,N,150,$
Bookings,381332.84,1QFY26,20261,May FY26,202605,FY26,APJ,FB,Enterprise,OPP1517,ACC017,Nakatomi Trading,ES1 Opportunity,Y,123,$
Bookings,354585.41,1QFY26,20261,May FY26,202605,FY26,APJ,FB,Commercial,OPP1518,ACC006,Wayne Enterprises,ES2 Opportunity,N,174,$
Bookings,628061.53,1QFY26,20261,May FY26,202605,FY26,Americas,FB,Enterprise,OPP1519,ACC008,Wonka Holdings,ES2 Opportunity,Y,82,$
Bookings,317839.06,1QFY26,20261,May FY26,202605,FY26,EMEA,Others,Enterprise,OPP1520,ACC004,Umbrella Group,ES1 Opportunity,N,163,$
Bookings,469503.22,1QFY26,20261,May FY26,202605,FY26,APJ,FA,Enterprise,OPP1521,ACC012,Massive Dynamic,ES1 Opportunity,N,49,$
Bookings,379264.32,1QFY26,20261,May FY26,202605,FY26,APJ,FA,Corporate,OPP1522,ACC026,Vehement Capital,ES2 Opportunity,N,184,$
Bookings,252295.48,1QFY26,20261,May FY26,202605,FY26,EMEA,FA,Enterprise,OPP1523,ACC023,Wernham Hogg,ES2 Opportunity,N,199,$
Bookings,22164.56,1QFY26,20261,May FY26,202605,FY26,EMEA,FB,Commercial,OPP1524,ACC021,Strickland Propane,ES1 Opportunity,N,35,$
Bookings,175649.06,1QFY26,20261,May FY26,202605,FY26,Americas,FB,Enterprise,OPP1525,ACC002,Globex Corp,ES1 Opportunity,N,76,$
Bookings,391541.15,1QFY26,20261,May FY26,202605,FY26,APJ,FA,Commercial,OPP1526,ACC010,Cyberdyne,ES1 Opportunity,N,85,$
Bookings,800877.04,1QFY26,20261,May FY26,202605,FY26,APJ,FA,Commercial,OPP1527,ACC020,Bluth Co,ES1 Opportunity,N,97,$
Bookings,49439.1,1QFY26,20261,May FY26,202605,FY26,APJ,FB,Enterprise,OPP1528,ACC004,Umbrella Group,ES2 Opportunity,Y,163,$
Bookings,1084615.14,1QFY26,20261,May FY26,202605,FY26,Americas,FB,Enterprise,OPP1529,ACC020,Bluth Co,Renewal,N,39,$
Renewal Bookings,213830.18,1QFY26,20261,May FY26,202605,FY26,Americas,FA,Enterprise,OPP1530,ACC020,Bluth Co,Renewal,N,,$
Renewal Bookings,186780.71,1QFY26,20261,May FY26,202605,FY26,APJ,FB,Commercial,OPP1531,ACC012,Massive Dynamic,Renewal,N,,$
Renewal Bookings,1191813.25,1QFY26,20261,May FY26,202605,FY26,EMEA,FA,Corporate,OPP1532,ACC026,Vehement Capital,Renewal,N,,$
Renewal Bookings,332920.19,1QFY26,20261,May FY26,202605,FY26,APJ,Others,Corporate,OPP1533,ACC019,Gringotts Bank,Renewal,N,,$
Renewal Bookings,167875.08,1QFY26,20261,May FY26,202605,FY26,Americas,FA,Corporate,OPP1534,ACC014,Pied Piper,Renewal,N,,$
Renewal Bookings,188986.26,1QFY26,20261,May FY26,202605,FY26,EMEA,FB,Commercial,OPP1535,ACC011,Aperture Labs,Renewal,N,,$
Renewal Bookings,150155.99,1QFY26,20261,May FY26,202605,FY26,EMEA,FB,Enterprise,OPP1536,ACC028,Cogswell Cogs,Renewal,N,,$
Renewal Bookings,199788.28,1QFY26,20261,May FY26,202605,FY26,APJ,FA,Commercial,OPP1537,ACC025,Pendant Publishing,Renewal,N,,$
Renewal Bookings,63293.61,1QFY26,20261,May FY26,202605,FY26,APJ,FA,Enterprise,OPP1538,ACC018,Oscorp,Renewal,N,,$
Renewal Bookings,19832.02,1QFY26,20261,May FY26,202605,FY26,APJ,FA,Commercial,OPP1539,ACC024,Sterling Cooper,Renewal,N,,$
Renewal Bookings,81911.36,1QFY26,20261,May FY26,202605,FY26,APJ,Others,Enterprise,OPP1540,ACC017,Nakatomi Trading,Renewal,N,,$
Renewal Bookings,139369.91,1QFY26,20261,May FY26,202605,FY26,APJ,FB,Commercial,OPP1541,ACC002,Globex Corp,Renewal,N,,$
Renewal Bookings,158000.58,1QFY26,20261,May FY26,202605,FY26,Americas,FA,Commercial,OPP1542,ACC024,Sterling Cooper,Renewal,N,,$
Renewal Bookings,253803.08,1QFY26,20261,May FY26,202605,FY26,APJ,Others,Enterprise,OPP1543,ACC025,Pendant Publishing,Renewal,N,,$
Open Pipeline,600758.29,1QFY26,20261,May FY26,202605,FY26,Americas,Others,Corporate,OPP1544,ACC007,Soylent Co,ES1 Opportunity,N,,$
Open Pipeline,405254.19,1QFY26,20261,May FY26,202605,FY26,Americas,FB,Enterprise,OPP1545,ACC006,Wayne Enterprises,ES1 Opportunity,N,,$
Open Pipeline,146981.92,1QFY26,20261,May FY26,202605,FY26,EMEA,FA,Enterprise,OPP1546,ACC017,Nakatomi Trading,ES1 Opportunity,N,,$
Open Pipeline,1930981.81,1QFY26,20261,May FY26,202605,FY26,APJ,FB,Corporate,OPP1547,ACC027,Spacely Sprockets,ES2 Opportunity,N,,$
Open Pipeline,147701.48,1QFY26,20261,May FY26,202605,FY26,Americas,FA,Enterprise,OPP1548,ACC006,Wayne Enterprises,ES2 Opportunity,N,,$
Open Pipeline,327310.88,1QFY26,20261,May FY26,202605,FY26,Americas,FA,Enterprise,OPP1549,ACC017,Nakatomi Trading,ES2 Opportunity,N,,$
Open Pipeline,1384259.67,1QFY26,20261,May FY26,202605,FY26,APJ,FA,Enterprise,OPP1550,ACC008,Wonka Holdings,ES2 Opportunity,N,,$
Open Pipeline,343194.23,1QFY26,20261,May FY26,202605,FY26,APJ,Others,Commercial,OPP1551,ACC013,Vandelay Imports,ES2 Opportunity,N,,$
Open Pipeline,580172.06,1QFY26,20261,May FY26,202605,FY26,EMEA,FA,Enterprise,OPP1552,ACC023,Wernham Hogg,ES1 Opportunity,N,,$
Open Pipeline,834853.78,1QFY26,20261,May FY26,202605,FY26,Americas,FA,Commercial,OPP1553,ACC018,Oscorp,ES2 Opportunity,N,,$
Open Pipeline,1608497.94,1QFY26,20261,May FY26,202605,FY26,EMEA,FA,Commercial,OPP1554,ACC024,Sterling Cooper,ES2 Opportunity,N,,$
Open Pipeline,390356.66,1QFY26,20261,May FY26,202605,FY26,APJ,FA,Enterprise,OPP1555,ACC027,Spacely Sprockets,ES2 Opportunity,N,,$
Open Pipeline,126893.88,1QFY26,20261,May FY26,202605,FY26,Americas,FB,Enterprise,OPP1556,ACC022,Los Pollos Hermanos,ES2 Opportunity,N,,$
Open Pipeline,386270.63,1QFY26,20261,May FY26,202605,FY26,APJ,Others,Corporate,OPP1557,ACC011,Aperture Labs,ES2 Opportunity,N,,$
Open Pipeline,159423.33,1QFY26,20261,May FY26,202605,FY26,APJ,Others,Commercial,OPP1558,ACC030,Planet Express,ES1 Opportunity,N,,$
Open Pipeline,403802.98,1QFY26,20261,May FY26,202605,FY26,APJ,FA,Commercial,OPP1559,ACC018,Oscorp,ES2 Opportunity,N,,$
Open Pipeline,114506.88,1QFY26,20261,May FY26,202605,FY26,APJ,FB,Commercial,OPP1560,ACC017,Nakatomi Trading,ES2 Opportunity,N,,$
Open Pipeline,313813.63,1QFY26,20261,May FY26,202605,FY26,Americas,FB,Enterprise,OPP1561,ACC012,Massive Dynamic,ES2 Opportunity,N,,$
Open Pipeline,508035.52,1QFY26,20261,May FY26,202605,FY26,APJ,FA,Enterprise,OPP1562,ACC011,Aperture Labs,ES1 Opportunity,N,,$
Open Pipeline,247228.48,1QFY26,20261,May FY26,202605,FY26,Americas,FA,Commercial,OPP1563,ACC013,Vandelay Imports,ES2 Opportunity,N,,$
Open Pipeline,246713.92,1QFY26,20261,May FY26,202605,FY26,Americas,Others,Commercial,OPP1564,ACC024,Sterling Cooper,ES1 Opportunity,N,,$
Open Pipeline,233403.45,1QFY26,20261,May FY26,202605,FY26,EMEA,Others,Enterprise,OPP1565,ACC024,Sterling Cooper,ES1 Opportunity,N,,$
Open Pipeline,129091.2,1QFY26,20261,May FY26,202605,FY26,APJ,FA,Commercial,OPP1566,ACC010,Cyberdyne,ES1 Opportunity,N,,$
Open Pipeline,187361.46,1QFY26,20261,May FY26,202605,FY26,EMEA,FA,Commercial,OPP1567,ACC011,Aperture Labs,ES2 Opportunity,N,,$
Open Pipeline,205399.19,1QFY26,20261,May FY26,202605,FY26,APJ,Others,Enterprise,OPP1568,ACC004,Umbrella Group,ES2 Opportunity,N,,$
Open Pipeline,176254.7,1QFY26,20261,May FY26,202605,FY26,APJ,FA,Commercial,OPP1569,ACC006,Wayne Enterprises,ES1 Opportunity,N,,$
Open Pipeline,1234912.76,1QFY26,20261,May FY26,202605,FY26,EMEA,FB,Commercial,OPP1570,ACC029,Krusty Krab,ES1 Opportunity,N,,$
Open Pipeline,60166.9,1QFY26,20261,May FY26,202605,FY26,EMEA,FB,Enterprise,OPP1571,ACC026,Vehement Capital,ES2 Opportunity,N,,$
Open Pipeline,1395217.4,1QFY26,20261,May FY26,202605,FY26,APJ,FB,Corporate,OPP1572,ACC006,Wayne Enterprises,ES2 Opportunity,N,,$
Open Pipeline,264659.53,1QFY26,20261,May FY26,202605,FY26,APJ,FA,Enterprise,OPP1573,ACC009,Tyrell Systems,ES1 Opportunity,N,,$
Open Pipeline,417607.27,1QFY26,20261,May FY26,202605,FY26,Americas,FA,Enterprise,OPP1574,ACC022,Los Pollos Hermanos,ES1 Opportunity,N,,$
Open Pipeline,74123.51,1QFY26,20261,May FY26,202605,FY26,APJ,FA,Enterprise,OPP1575,ACC003,Initech,ES2 Opportunity,N,,$
Open Pipeline,1622281.76,1QFY26,20261,May FY26,202605,FY26,Americas,FA,Enterprise,OPP1576,ACC003,Initech,ES1 Opportunity,N,,$
Open Pipeline,66023.31,1QFY26,20261,May FY26,202605,FY26,Americas,FB,Corporate,OPP1577,ACC008,Wonka Holdings,ES2 Opportunity,N,,$
Open Pipeline,813373.15,1QFY26,20261,May FY26,202605,FY26,Americas,FA,Corporate,OPP1578,ACC022,Los Pollos Hermanos,ES2 Opportunity,N,,$
Open Pipeline,21554.61,1QFY26,20261,May FY26,202605,FY26,EMEA,FA,Corporate,OPP1579,ACC018,Oscorp,ES1 Opportunity,N,,$
Open Pipeline,17507.06,1QFY26,20261,May FY26,202605,FY26,APJ,FA,Commercial,OPP1580,ACC024,Sterling Cooper,ES2 Opportunity,N,,$
Open Pipeline,667620.41,1QFY26,20261,May FY26,202605,FY26,APJ,FB,Commercial,OPP1581,ACC016,Dunder Mifflin,ES1 Opportunity,N,,$
Open Pipeline,554278.33,1QFY26,20261,May FY26,202605,FY26,EMEA,FA,Enterprise,OPP1582,ACC001,Acme Industries,ES2 Opportunity,N,,$
Open Pipeline,971627.77,1QFY26,20261,May FY26,202605,FY26,EMEA,FA,Commercial,OPP1583,ACC025,Pendant Publishing,ES2 Opportunity,N,,$
IQC Pipeline,60395.1,1QFY26,20261,May FY26,202605,FY26,EMEA,FB,Commercial,OPP1584,ACC007,Soylent Co,ES2 Opportunity,N,,$
IQC Pipeline,185793.58,1QFY26,20261,May FY26,202605,FY26,EMEA,FA,Commercial,OPP1585,ACC027,Spacely Sprockets,ES1 Opportunity,N,,$
IQC Pipeline,197564.53,1QFY26,20261,May FY26,202605,FY26,EMEA,FB,Commercial,OPP1586,ACC020,Bluth Co,ES1 Opportunity,N,,$
IQC Pipeline,1397423.0,1QFY26,20261,May FY26,202605,FY26,EMEA,FB,Commercial,OPP1587,ACC007,Soylent Co,ES2 Opportunity,N,,$
IQC Pipeline,550543.14,1QFY26,20261,May FY26,202605,FY26,EMEA,FA,Commercial,OPP1588,ACC023,Wernham Hogg,ES2 Opportunity,N,,$
IQC Pipeline,339842.67,1QFY26,20261,May FY26,202605,FY26,Americas,FA,Corporate,OPP1589,ACC004,Umbrella Group,ES2 Opportunity,N,,$
IQC Pipeline,171057.49,1QFY26,20261,May FY26,202605,FY26,EMEA,FB,Enterprise,OPP1590,ACC016,Dunder Mifflin,ES2 Opportunity,N,,$
IQC Pipeline,113562.37,1QFY26,20261,May FY26,202605,FY26,EMEA,Others,Commercial,OPP1591,ACC011,Aperture Labs,ES1 Opportunity,N,,$
IQC Pipeline,114601.77,1QFY26,20261,May FY26,202605,FY26,EMEA,FA,Commercial,OPP1592,ACC027,Spacely Sprockets,ES2 Opportunity,N,,$
IQC Pipeline,131094.27,1QFY26,20261,May FY26,202605,FY26,Americas,FA,Commercial,OPP1593,ACC025,Pendant Publishing,ES2 Opportunity,N,,$
IQC Pipeline,409433.41,1QFY26,20261,May FY26,202605,FY26,APJ,Others,Commercial,OPP1594,ACC010,Cyberdyne,ES1 Opportunity,N,,$
IQC Pipeline,1215642.13,1QFY26,20261,May FY26,202605,FY26,APJ,FA,Enterprise,OPP1595,ACC007,Soylent Co,ES1 Opportunity,N,,$
IQC Pipeline,203691.49,1QFY26,20261,May FY26,202605,FY26,APJ,FA,Enterprise,OPP1596,ACC011,Aperture Labs,ES1 Opportunity,N,,$
IQC Pipeline,333516.4,1QFY26,20261,May FY26,202605,FY26,Americas,FA,Enterprise,OPP1597,ACC016,Dunder Mifflin,ES1 Opportunity,N,,$
IQC Pipeline,384408.98,1QFY26,20261,May FY26,202605,FY26,Americas,FA,Commercial,OPP1598,ACC011,Aperture Labs,ES1 Opportunity,N,,$
IQC Pipeline,329481.87,1QFY26,20261,May FY26,202605,FY26,APJ,FA,Commercial,OPP1599,ACC016,Dunder Mifflin,ES2 Opportunity,N,,$
IQC Pipeline,2005918.97,1QFY26,20261,May FY26,202605,FY26,EMEA,FB,Enterprise,OPP1600,ACC024,Sterling Cooper,ES2 Opportunity,N,,$
IQC Pipeline,250730.79,1QFY26,20261,May FY26,202605,FY26,EMEA,FA,Commercial,OPP1601,ACC018,Oscorp,ES1 Opportunity,N,,$
IQC Pipeline,98751.54,1QFY26,20261,May FY26,202605,FY26,EMEA,Others,Commercial,OPP1602,ACC006,Wayne Enterprises,ES1 Opportunity,N,,$
IQC Pipeline,162937.05,1QFY26,20261,May FY26,202605,FY26,EMEA,FA,Commercial,OPP1603,ACC024,Sterling Cooper,ES2 Opportunity,N,,$
IQC Pipeline,52616.21,1QFY26,20261,May FY26,202605,FY26,APJ,Others,Corporate,OPP1604,ACC022,Los Pollos Hermanos,ES2 Opportunity,N,,$
IQC Pipeline,259779.16,1QFY26,20261,May FY26,202605,FY26,APJ,FA,Enterprise,OPP1605,ACC004,Umbrella Group,ES2 Opportunity,N,,$
Atbats,425926.56,1QFY26,20261,May FY26,202605,FY26,Americas,FA,Enterprise,OPP1606,ACC007,Soylent Co,ES2 Opportunity,N,,$
Atbats,64367.97,1QFY26,20261,May FY26,202605,FY26,EMEA,FB,Commercial,OPP1607,ACC009,Tyrell Systems,ES1 Opportunity,N,,$
Atbats,118693.83,1QFY26,20261,May FY26,202605,FY26,APJ,FA,Corporate,OPP1608,ACC016,Dunder Mifflin,ES2 Opportunity,N,,$
Atbats,275187.56,1QFY26,20261,May FY26,202605,FY26,EMEA,FB,Corporate,OPP1609,ACC012,Massive Dynamic,ES2 Opportunity,N,,$
Atbats,490356.15,1QFY26,20261,May FY26,202605,FY26,APJ,FA,Enterprise,OPP1610,ACC017,Nakatomi Trading,ES1 Opportunity,N,,$
Atbats,342481.34,1QFY26,20261,May FY26,202605,FY26,APJ,FB,Commercial,OPP1611,ACC018,Oscorp,ES1 Opportunity,N,,$
Atbats,665278.26,1QFY26,20261,May FY26,202605,FY26,Americas,FB,Commercial,OPP1612,ACC023,Wernham Hogg,ES1 Opportunity,N,,$
Atbats,3599155.61,1QFY26,20261,May FY26,202605,FY26,Americas,FB,Commercial,OPP1613,ACC022,Los Pollos Hermanos,ES1 Opportunity,N,,$
Atbats,275409.64,1QFY26,20261,May FY26,202605,FY26,EMEA,FB,Corporate,OPP1614,ACC014,Pied Piper,ES1 Opportunity,N,,$
Atbats,709912.74,1QFY26,20261,May FY26,202605,FY26,APJ,FA,Enterprise,OPP1615,ACC013,Vandelay Imports,ES1 Opportunity,N,,$
Atbats,275839.96,1QFY26,20261,May FY26,202605,FY26,APJ,FA,Enterprise,OPP1616,ACC005,Stark Industries,ES2 Opportunity,N,,$
Atbats,206230.93,1QFY26,20261,May FY26,202605,FY26,EMEA,FA,Corporate,OPP1617,ACC009,Tyrell Systems,ES1 Opportunity,N,,$
Atbats,1394605.63,1QFY26,20261,May FY26,202605,FY26,APJ,Others,Enterprise,OPP1618,ACC012,Massive Dynamic,ES2 Opportunity,N,,$
Atbats,143531.57,1QFY26,20261,May FY26,202605,FY26,APJ,FA,Enterprise,OPP1619,ACC019,Gringotts Bank,ES2 Opportunity,N,,$
Atbats,39483.99,1QFY26,20261,May FY26,202605,FY26,APJ,FA,Enterprise,OPP1620,ACC016,Dunder Mifflin,ES2 Opportunity,N,,$
Atbats,1937772.88,1QFY26,20261,May FY26,202605,FY26,APJ,FB,Enterprise,OPP1621,ACC002,Globex Corp,ES1 Opportunity,N,,$
Atbats,815350.16,1QFY26,20261,May FY26,202605,FY26,Americas,FB,Corporate,OPP1622,ACC029,Krusty Krab,ES2 Opportunity,N,,$
Atbats,813753.57,1QFY26,20261,May FY26,202605,FY26,Americas,Others,Enterprise,OPP1623,ACC020,Bluth Co,ES1 Opportunity,N,,$
Atbats,407061.91,1QFY26,20261,May FY26,202605,FY26,APJ,FA,Commercial,OPP1624,ACC017,Nakatomi Trading,ES2 Opportunity,N,,$
Atbats,478120.63,1QFY26,20261,May FY26,202605,FY26,APJ,FB,Enterprise,OPP1625,ACC020,Bluth Co,ES2 Opportunity,N,,$
Atbats,369107.82,1QFY26,20261,May FY26,202605,FY26,EMEA,FA,Enterprise,OPP1626,ACC003,Initech,ES2 Opportunity,N,,$
Atbats,272207.75,1QFY26,20261,May FY26,202605,FY26,APJ,FA,Enterprise,OPP1627,ACC025,Pendant Publishing,ES1 Opportunity,N,,$
Atbats,1333648.25,1QFY26,20261,May FY26,202605,FY26,EMEA,FB,Commercial,OPP1628,ACC007,Soylent Co,ES1 Opportunity,N,,$
Atbats,338358.8,1QFY26,20261,May FY26,202605,FY26,EMEA,FB,Enterprise,OPP1629,ACC003,Initech,ES1 Opportunity,N,,$
Atbats,103098.72,1QFY26,20261,May FY26,202605,FY26,EMEA,FA,Enterprise,OPP1630,ACC001,Acme Industries,ES1 Opportunity,N,,$
Atbats,558978.26,1QFY26,20261,May FY26,202605,FY26,EMEA,FB,Corporate,OPP1631,ACC005,Stark Industries,ES2 Opportunity,N,,$
Atbats,83222.83,1QFY26,20261,May FY26,202605,FY26,Americas,FA,Enterprise,OPP1632,ACC028,Cogswell Cogs,ES1 Opportunity,N,,$
Atbats,100094.74,1QFY26,20261,May FY26,202605,FY26,Americas,Others,Corporate,OPP1633,ACC023,Wernham Hogg,ES2 Opportunity,N,,$
Atbats,678860.42,1QFY26,20261,May FY26,202605,FY26,EMEA,FA,Enterprise,OPP1634,ACC007,Soylent Co,ES1 Opportunity,N,,$
Atbats,440639.5,1QFY26,20261,May FY26,202605,FY26,APJ,FA,Commercial,OPP1635,ACC023,Wernham Hogg,ES2 Opportunity,N,,$
Atbats,508896.78,1QFY26,20261,May FY26,202605,FY26,APJ,FA,Enterprise,OPP1636,ACC007,Soylent Co,ES2 Opportunity,N,,$
Atbats,1173569.97,1QFY26,20261,May FY26,202605,FY26,Americas,FA,Corporate,OPP1637,ACC022,Los Pollos Hermanos,ES2 Opportunity,N,,$
Atbats,22575.96,1QFY26,20261,May FY26,202605,FY26,APJ,FA,Enterprise,OPP1638,ACC029,Krusty Krab,ES2 Opportunity,N,,$
Atbats,447015.61,1QFY26,20261,May FY26,202605,FY26,EMEA,FA,Commercial,OPP1639,ACC016,Dunder Mifflin,ES1 Opportunity,N,,$
Atbats,1227098.95,1QFY26,20261,May FY26,202605,FY26,Americas,FA,Corporate,OPP1640,ACC023,Wernham Hogg,ES1 Opportunity,N,,$
Atbats,345477.29,1QFY26,20261,May FY26,202605,FY26,EMEA,FB,Enterprise,OPP1641,ACC012,Massive Dynamic,ES1 Opportunity,N,,$
Atbats,424317.37,1QFY26,20261,May FY26,202605,FY26,APJ,FA,Enterprise,OPP1642,ACC013,Vandelay Imports,ES2 Opportunity,N,,$
Atbats,205343.61,1QFY26,20261,May FY26,202605,FY26,EMEA,FB,Enterprise,OPP1643,ACC022,Los Pollos Hermanos,ES2 Opportunity,N,,$
Atbats,536114.98,1QFY26,20261,May FY26,202605,FY26,Americas,FA,Commercial,OPP1644,ACC010,Cyberdyne,ES2 Opportunity,N,,$
Atbats,913432.99,1QFY26,20261,May FY26,202605,FY26,APJ,FA,Commercial,OPP1645,ACC022,Los Pollos Hermanos,ES1 Opportunity,N,,$
Atbats,105419.87,1QFY26,20261,May FY26,202605,FY26,APJ,Others,Enterprise,OPP1646,ACC025,Pendant Publishing,ES1 Opportunity,N,,$
Atbats,913835.32,1QFY26,20261,May FY26,202605,FY26,APJ,FA,Commercial,OPP1647,ACC027,Spacely Sprockets,ES2 Opportunity,N,,$
Atbats,249318.48,1QFY26,20261,May FY26,202605,FY26,EMEA,FB,Corporate,OPP1648,ACC024,Sterling Cooper,ES1 Opportunity,N,,$
Atbats,55280.78,1QFY26,20261,May FY26,202605,FY26,Americas,FA,Enterprise,OPP1649,ACC020,Bluth Co,ES1 Opportunity,N,,$
Atbats,127158.37,1QFY26,20261,May FY26,202605,FY26,Americas,FB,Enterprise,OPP1650,ACC003,Initech,ES2 Opportunity,N,,$
Atbats,593401.79,1QFY26,20261,May FY26,202605,FY26,APJ,FB,Commercial,OPP1651,ACC006,Wayne Enterprises,ES1 Opportunity,N,,$
Atbats,1050539.01,1QFY26,20261,May FY26,202605,FY26,Americas,FA,Enterprise,OPP1652,ACC001,Acme Industries,ES2 Opportunity,N,,$
Atbats,75264.47,1QFY26,20261,May FY26,202605,FY26,Americas,FB,Enterprise,OPP1653,ACC015,Hooli,ES1 Opportunity,N,,$
Atbats,1101038.04,1QFY26,20261,May FY26,202605,FY26,EMEA,Others,Corporate,OPP1654,ACC025,Pendant Publishing,ES2 Opportunity,N,,$
Atbats,237585.88,1QFY26,20261,May FY26,202605,FY26,APJ,Others,Commercial,OPP1655,ACC021,Strickland Propane,ES1 Opportunity,N,,$
Atbats,341655.27,1QFY26,20261,May FY26,202605,FY26,Americas,Others,Enterprise,OPP1656,ACC024,Sterling Cooper,ES1 Opportunity,N,,$
Atbats,88140.18,1QFY26,20261,May FY26,202605,FY26,APJ,Others,Enterprise,OPP1657,ACC029,Krusty Krab,ES2 Opportunity,N,,$
Atbats,45792.26,1QFY26,20261,May FY26,202605,FY26,EMEA,FA,Enterprise,OPP1658,ACC023,Wernham Hogg,ES1 Opportunity,N,,$
Atbats,331340.05,1QFY26,20261,May FY26,202605,FY26,APJ,FA,Commercial,OPP1659,ACC025,Pendant Publishing,ES2 Opportunity,N,,$
Atbats,1282290.92,1QFY26,20261,May FY26,202605,FY26,APJ,FA,Enterprise,OPP1660,ACC006,Wayne Enterprises,ES2 Opportunity,N,,$
Atbats,148499.93,1QFY26,20261,May FY26,202605,FY26,Americas,Others,Enterprise,OPP1661,ACC021,Strickland Propane,ES2 Opportunity,N,,$
Atbats,491096.57,1QFY26,20261,May FY26,202605,FY26,Americas,FB,Commercial,OPP1662,ACC023,Wernham Hogg,ES2 Opportunity,N,,$
Atbats,123650.71,1QFY26,20261,May FY26,202605,FY26,APJ,FB,Enterprise,OPP1663,ACC002,Globex Corp,ES1 Opportunity,N,,$
Atbats,445500.7,1QFY26,20261,May FY26,202605,FY26,Americas,FA,Enterprise,OPP1664,ACC002,Globex Corp,ES1 Opportunity,N,,$
Atbats,262277.59,1QFY26,20261,May FY26,202605,FY26,EMEA,FA,Enterprise,OPP1665,ACC007,Soylent Co,ES1 Opportunity,N,,$
Atbats,316432.04,1QFY26,20261,May FY26,202605,FY26,APJ,Others,Enterprise,OPP1666,ACC016,Dunder Mifflin,ES1 Opportunity,N,,$
Atbats,277830.18,1QFY26,20261,May FY26,202605,FY26,APJ,FB,Enterprise,OPP1667,ACC020,Bluth Co,ES1 Opportunity,N,,$
Atbats,1092277.27,1QFY26,20261,May FY26,202605,FY26,Americas,FA,Enterprise,OPP1668,ACC002,Globex Corp,ES1 Opportunity,N,,$
Atbats,448947.1,1QFY26,20261,May FY26,202605,FY26,EMEA,Others,Enterprise,OPP1669,ACC006,Wayne Enterprises,ES2 Opportunity,N,,$
Atbats,142214.63,1QFY26,20261,May FY26,202605,FY26,APJ,FB,Commercial,OPP1670,ACC006,Wayne Enterprises,ES1 Opportunity,N,,$
Atbats,249744.83,1QFY26,20261,May FY26,202605,FY26,EMEA,FA,Corporate,OPP1671,ACC025,Pendant Publishing,ES1 Opportunity,N,,$
Bookings,330879.91,1QFY26,20261,Jun FY26,202606,FY26,EMEA,FA,Commercial,OPP1672,ACC020,Bluth Co,ES1 Opportunity,Y,176,$
Bookings,1204813.14,1QFY26,20261,Jun FY26,202606,FY26,EMEA,FB,Commercial,OPP1673,ACC023,Wernham Hogg,ES1 Opportunity,N,185,$
Bookings,734962.87,1QFY26,20261,Jun FY26,202606,FY26,APJ,FA,Enterprise,OPP1674,ACC017,Nakatomi Trading,ES1 Opportunity,N,157,$
Bookings,303547.13,1QFY26,20261,Jun FY26,202606,FY26,APJ,FA,Enterprise,OPP1675,ACC015,Hooli,ES2 Opportunity,N,60,$
Bookings,545354.01,1QFY26,20261,Jun FY26,202606,FY26,EMEA,FA,Enterprise,OPP1676,ACC021,Strickland Propane,ES1 Opportunity,N,193,$
Bookings,155209.66,1QFY26,20261,Jun FY26,202606,FY26,EMEA,FA,Commercial,OPP1677,ACC004,Umbrella Group,ES1 Opportunity,N,117,$
Bookings,234612.82,1QFY26,20261,Jun FY26,202606,FY26,Americas,FA,Corporate,OPP1678,ACC016,Dunder Mifflin,Renewal,N,151,$
Bookings,1395587.03,1QFY26,20261,Jun FY26,202606,FY26,APJ,FA,Corporate,OPP1679,ACC015,Hooli,Renewal,N,135,$
Bookings,351493.74,1QFY26,20261,Jun FY26,202606,FY26,APJ,FA,Enterprise,OPP1680,ACC026,Vehement Capital,ES1 Opportunity,N,120,$
Bookings,709383.76,1QFY26,20261,Jun FY26,202606,FY26,APJ,FB,Commercial,OPP1681,ACC020,Bluth Co,ES2 Opportunity,Y,108,$
Bookings,366627.68,1QFY26,20261,Jun FY26,202606,FY26,EMEA,FA,Corporate,OPP1682,ACC027,Spacely Sprockets,ES2 Opportunity,N,85,$
Bookings,283766.07,1QFY26,20261,Jun FY26,202606,FY26,Americas,FB,Corporate,OPP1683,ACC001,Acme Industries,ES1 Opportunity,N,158,$
Bookings,106697.79,1QFY26,20261,Jun FY26,202606,FY26,APJ,FA,Enterprise,OPP1684,ACC004,Umbrella Group,ES1 Opportunity,N,162,$
Bookings,483051.06,1QFY26,20261,Jun FY26,202606,FY26,EMEA,FA,Corporate,OPP1685,ACC010,Cyberdyne,ES2 Opportunity,N,205,$
Bookings,12913.41,1QFY26,20261,Jun FY26,202606,FY26,APJ,FB,Enterprise,OPP1686,ACC021,Strickland Propane,ES1 Opportunity,N,112,$
Bookings,133798.37,1QFY26,20261,Jun FY26,202606,FY26,EMEA,FB,Enterprise,OPP1687,ACC004,Umbrella Group,ES2 Opportunity,Y,189,$
Bookings,336889.3,1QFY26,20261,Jun FY26,202606,FY26,APJ,FA,Enterprise,OPP1688,ACC010,Cyberdyne,ES1 Opportunity,N,73,$
Bookings,32308.35,1QFY26,20261,Jun FY26,202606,FY26,EMEA,FA,Enterprise,OPP1689,ACC002,Globex Corp,Renewal,N,57,$
Bookings,213108.46,1QFY26,20261,Jun FY26,202606,FY26,APJ,FB,Commercial,OPP1690,ACC023,Wernham Hogg,ES1 Opportunity,N,121,$
Bookings,47023.24,1QFY26,20261,Jun FY26,202606,FY26,APJ,FB,Enterprise,OPP1691,ACC025,Pendant Publishing,Renewal,N,149,$
Bookings,394233.07,1QFY26,20261,Jun FY26,202606,FY26,APJ,FA,Commercial,OPP1692,ACC023,Wernham Hogg,ES1 Opportunity,N,150,$
Bookings,183647.62,1QFY26,20261,Jun FY26,202606,FY26,APJ,FA,Enterprise,OPP1693,ACC030,Planet Express,ES2 Opportunity,N,113,$
Bookings,260704.05,1QFY26,20261,Jun FY26,202606,FY26,EMEA,FA,Corporate,OPP1694,ACC012,Massive Dynamic,ES2 Opportunity,N,62,$
Bookings,335423.41,1QFY26,20261,Jun FY26,202606,FY26,Americas,FA,Commercial,OPP1695,ACC018,Oscorp,ES1 Opportunity,N,181,$
Bookings,193781.18,1QFY26,20261,Jun FY26,202606,FY26,EMEA,FA,Enterprise,OPP1696,ACC019,Gringotts Bank,ES1 Opportunity,N,141,$
Bookings,392368.17,1QFY26,20261,Jun FY26,202606,FY26,Americas,FB,Enterprise,OPP1697,ACC019,Gringotts Bank,Renewal,N,154,$
Bookings,42806.77,1QFY26,20261,Jun FY26,202606,FY26,Americas,FB,Enterprise,OPP1698,ACC003,Initech,Renewal,N,183,$
Bookings,658662.24,1QFY26,20261,Jun FY26,202606,FY26,APJ,FA,Enterprise,OPP1699,ACC019,Gringotts Bank,ES2 Opportunity,N,192,$
Bookings,3527216.86,1QFY26,20261,Jun FY26,202606,FY26,EMEA,FA,Enterprise,OPP1700,ACC007,Soylent Co,ES1 Opportunity,N,111,$
Bookings,51105.37,1QFY26,20261,Jun FY26,202606,FY26,EMEA,FB,Corporate,OPP1701,ACC019,Gringotts Bank,Renewal,N,32,$
Bookings,538289.67,1QFY26,20261,Jun FY26,202606,FY26,EMEA,FA,Corporate,OPP1702,ACC001,Acme Industries,Renewal,N,210,$
Bookings,74649.35,1QFY26,20261,Jun FY26,202606,FY26,EMEA,FB,Enterprise,OPP1703,ACC013,Vandelay Imports,ES2 Opportunity,N,141,$
Bookings,367336.9,1QFY26,20261,Jun FY26,202606,FY26,Americas,FB,Corporate,OPP1704,ACC014,Pied Piper,ES2 Opportunity,N,201,$
Bookings,494776.34,1QFY26,20261,Jun FY26,202606,FY26,APJ,FA,Corporate,OPP1705,ACC021,Strickland Propane,ES2 Opportunity,N,146,$
Renewal Bookings,249131.0,1QFY26,20261,Jun FY26,202606,FY26,EMEA,FB,Commercial,OPP1706,ACC012,Massive Dynamic,Renewal,N,,$
Renewal Bookings,84189.02,1QFY26,20261,Jun FY26,202606,FY26,Americas,FB,Corporate,OPP1707,ACC008,Wonka Holdings,Renewal,N,,$
Renewal Bookings,275175.14,1QFY26,20261,Jun FY26,202606,FY26,APJ,FB,Enterprise,OPP1708,ACC002,Globex Corp,Renewal,N,,$
Renewal Bookings,251073.57,1QFY26,20261,Jun FY26,202606,FY26,Americas,FB,Corporate,OPP1709,ACC003,Initech,Renewal,N,,$
Renewal Bookings,22480.75,1QFY26,20261,Jun FY26,202606,FY26,EMEA,FA,Enterprise,OPP1710,ACC029,Krusty Krab,Renewal,N,,$
Renewal Bookings,220163.21,1QFY26,20261,Jun FY26,202606,FY26,APJ,FB,Corporate,OPP1711,ACC003,Initech,Renewal,N,,$
Renewal Bookings,325697.11,1QFY26,20261,Jun FY26,202606,FY26,APJ,FA,Enterprise,OPP1712,ACC011,Aperture Labs,Renewal,N,,$
Renewal Bookings,185654.21,1QFY26,20261,Jun FY26,202606,FY26,EMEA,FB,Commercial,OPP1713,ACC024,Sterling Cooper,Renewal,N,,$
Renewal Bookings,117588.42,1QFY26,20261,Jun FY26,202606,FY26,EMEA,FA,Enterprise,OPP1714,ACC030,Planet Express,Renewal,N,,$
Renewal Bookings,218289.08,1QFY26,20261,Jun FY26,202606,FY26,APJ,FA,Commercial,OPP1715,ACC019,Gringotts Bank,Renewal,N,,$
Renewal Bookings,230059.97,1QFY26,20261,Jun FY26,202606,FY26,Americas,FA,Enterprise,OPP1716,ACC026,Vehement Capital,Renewal,N,,$
Renewal Bookings,118368.63,1QFY26,20261,Jun FY26,202606,FY26,EMEA,FA,Enterprise,OPP1717,ACC024,Sterling Cooper,Renewal,N,,$
Renewal Bookings,84992.79,1QFY26,20261,Jun FY26,202606,FY26,APJ,FB,Commercial,OPP1718,ACC012,Massive Dynamic,Renewal,N,,$
Renewal Bookings,334484.27,1QFY26,20261,Jun FY26,202606,FY26,APJ,FA,Enterprise,OPP1719,ACC017,Nakatomi Trading,Renewal,N,,$
Open Pipeline,291416.95,1QFY26,20261,Jun FY26,202606,FY26,Americas,FB,Corporate,OPP1720,ACC025,Pendant Publishing,ES1 Opportunity,N,,$
Open Pipeline,175240.19,1QFY26,20261,Jun FY26,202606,FY26,APJ,FA,Commercial,OPP1721,ACC002,Globex Corp,ES1 Opportunity,N,,$
Open Pipeline,1061365.31,1QFY26,20261,Jun FY26,202606,FY26,Americas,FA,Commercial,OPP1722,ACC016,Dunder Mifflin,ES2 Opportunity,N,,$
Open Pipeline,2153571.01,1QFY26,20261,Jun FY26,202606,FY26,APJ,FA,Commercial,OPP1723,ACC009,Tyrell Systems,ES2 Opportunity,N,,$
Open Pipeline,297709.33,1QFY26,20261,Jun FY26,202606,FY26,APJ,FB,Enterprise,OPP1724,ACC021,Strickland Propane,ES1 Opportunity,N,,$
Open Pipeline,78201.43,1QFY26,20261,Jun FY26,202606,FY26,APJ,Others,Corporate,OPP1725,ACC009,Tyrell Systems,ES2 Opportunity,N,,$
Open Pipeline,784995.33,1QFY26,20261,Jun FY26,202606,FY26,APJ,FA,Commercial,OPP1726,ACC024,Sterling Cooper,ES1 Opportunity,N,,$
Open Pipeline,1413859.76,1QFY26,20261,Jun FY26,202606,FY26,APJ,FA,Commercial,OPP1727,ACC018,Oscorp,ES2 Opportunity,N,,$
Open Pipeline,111083.95,1QFY26,20261,Jun FY26,202606,FY26,APJ,FA,Enterprise,OPP1728,ACC010,Cyberdyne,ES2 Opportunity,N,,$
Open Pipeline,486087.57,1QFY26,20261,Jun FY26,202606,FY26,APJ,FB,Corporate,OPP1729,ACC021,Strickland Propane,ES1 Opportunity,N,,$
Open Pipeline,64992.04,1QFY26,20261,Jun FY26,202606,FY26,EMEA,FB,Corporate,OPP1730,ACC006,Wayne Enterprises,ES1 Opportunity,N,,$
Open Pipeline,176858.83,1QFY26,20261,Jun FY26,202606,FY26,Americas,FB,Corporate,OPP1731,ACC014,Pied Piper,ES2 Opportunity,N,,$
Open Pipeline,1054904.36,1QFY26,20261,Jun FY26,202606,FY26,EMEA,FA,Commercial,OPP1732,ACC002,Globex Corp,ES2 Opportunity,N,,$
Open Pipeline,289431.92,1QFY26,20261,Jun FY26,202606,FY26,Americas,FA,Corporate,OPP1733,ACC003,Initech,ES2 Opportunity,N,,$
Open Pipeline,320647.79,1QFY26,20261,Jun FY26,202606,FY26,APJ,FA,Commercial,OPP1734,ACC018,Oscorp,ES2 Opportunity,N,,$
Open Pipeline,705551.09,1QFY26,20261,Jun FY26,202606,FY26,APJ,FA,Enterprise,OPP1735,ACC002,Globex Corp,ES2 Opportunity,N,,$
Open Pipeline,70808.64,1QFY26,20261,Jun FY26,202606,FY26,EMEA,FB,Enterprise,OPP1736,ACC021,Strickland Propane,ES2 Opportunity,N,,$
Open Pipeline,574877.28,1QFY26,20261,Jun FY26,202606,FY26,APJ,FA,Enterprise,OPP1737,ACC023,Wernham Hogg,ES2 Opportunity,N,,$
Open Pipeline,1721487.24,1QFY26,20261,Jun FY26,202606,FY26,EMEA,FA,Commercial,OPP1738,ACC003,Initech,ES1 Opportunity,N,,$
Open Pipeline,419169.82,1QFY26,20261,Jun FY26,202606,FY26,APJ,FB,Commercial,OPP1739,ACC030,Planet Express,ES1 Opportunity,N,,$
Open Pipeline,1386366.24,1QFY26,20261,Jun FY26,202606,FY26,EMEA,FA,Commercial,OPP1740,ACC003,Initech,ES1 Opportunity,N,,$
Open Pipeline,80980.07,1QFY26,20261,Jun FY26,202606,FY26,EMEA,FA,Commercial,OPP1741,ACC021,Strickland Propane,ES1 Opportunity,N,,$
Open Pipeline,124717.03,1QFY26,20261,Jun FY26,202606,FY26,EMEA,FB,Enterprise,OPP1742,ACC004,Umbrella Group,ES2 Opportunity,N,,$
Open Pipeline,554974.75,1QFY26,20261,Jun FY26,202606,FY26,Americas,Others,Enterprise,OPP1743,ACC002,Globex Corp,ES2 Opportunity,N,,$
Open Pipeline,59774.02,1QFY26,20261,Jun FY26,202606,FY26,APJ,FA,Enterprise,OPP1744,ACC021,Strickland Propane,ES1 Opportunity,N,,$
Open Pipeline,192766.42,1QFY26,20261,Jun FY26,202606,FY26,EMEA,Others,Enterprise,OPP1745,ACC011,Aperture Labs,ES2 Opportunity,N,,$
Open Pipeline,664579.52,1QFY26,20261,Jun FY26,202606,FY26,APJ,Others,Commercial,OPP1746,ACC008,Wonka Holdings,ES1 Opportunity,N,,$
Open Pipeline,66222.1,1QFY26,20261,Jun FY26,202606,FY26,EMEA,Others,Commercial,OPP1747,ACC021,Strickland Propane,ES2 Opportunity,N,,$
Open Pipeline,181905.81,1QFY26,20261,Jun FY26,202606,FY26,Americas,Others,Corporate,OPP1748,ACC020,Bluth Co,ES2 Opportunity,N,,$
Open Pipeline,98276.72,1QFY26,20261,Jun FY26,202606,FY26,Americas,FA,Commercial,OPP1749,ACC003,Initech,ES1 Opportunity,N,,$
Open Pipeline,972109.82,1QFY26,20261,Jun FY26,202606,FY26,APJ,FB,Enterprise,OPP1750,ACC019,Gringotts Bank,ES1 Opportunity,N,,$
Open Pipeline,439323.84,1QFY26,20261,Jun FY26,202606,FY26,Americas,FB,Commercial,OPP1751,ACC004,Umbrella Group,ES2 Opportunity,N,,$
Open Pipeline,78989.88,1QFY26,20261,Jun FY26,202606,FY26,Americas,FB,Commercial,OPP1752,ACC030,Planet Express,ES2 Opportunity,N,,$
Open Pipeline,460125.84,1QFY26,20261,Jun FY26,202606,FY26,APJ,FB,Commercial,OPP1753,ACC016,Dunder Mifflin,ES2 Opportunity,N,,$
Open Pipeline,489653.92,1QFY26,20261,Jun FY26,202606,FY26,APJ,FB,Commercial,OPP1754,ACC007,Soylent Co,ES1 Opportunity,N,,$
Open Pipeline,168908.31,1QFY26,20261,Jun FY26,202606,FY26,EMEA,FA,Corporate,OPP1755,ACC002,Globex Corp,ES1 Opportunity,N,,$
IQC Pipeline,87489.28,1QFY26,20261,Jun FY26,202606,FY26,Americas,FB,Commercial,OPP1756,ACC001,Acme Industries,ES2 Opportunity,N,,$
IQC Pipeline,296403.14,1QFY26,20261,Jun FY26,202606,FY26,APJ,Others,Commercial,OPP1757,ACC018,Oscorp,ES1 Opportunity,N,,$
IQC Pipeline,268634.18,1QFY26,20261,Jun FY26,202606,FY26,APJ,FB,Enterprise,OPP1758,ACC026,Vehement Capital,ES2 Opportunity,N,,$
IQC Pipeline,1068540.49,1QFY26,20261,Jun FY26,202606,FY26,Americas,FB,Enterprise,OPP1759,ACC010,Cyberdyne,ES1 Opportunity,N,,$
IQC Pipeline,134788.09,1QFY26,20261,Jun FY26,202606,FY26,APJ,FB,Commercial,OPP1760,ACC024,Sterling Cooper,ES2 Opportunity,N,,$
IQC Pipeline,49881.78,1QFY26,20261,Jun FY26,202606,FY26,Americas,FB,Commercial,OPP1761,ACC029,Krusty Krab,ES2 Opportunity,N,,$
IQC Pipeline,115731.24,1QFY26,20261,Jun FY26,202606,FY26,APJ,FA,Enterprise,OPP1762,ACC011,Aperture Labs,ES1 Opportunity,N,,$
IQC Pipeline,155836.75,1QFY26,20261,Jun FY26,202606,FY26,Americas,FA,Commercial,OPP1763,ACC013,Vandelay Imports,ES1 Opportunity,N,,$
IQC Pipeline,305996.01,1QFY26,20261,Jun FY26,202606,FY26,EMEA,FA,Corporate,OPP1764,ACC013,Vandelay Imports,ES2 Opportunity,N,,$
IQC Pipeline,175731.12,1QFY26,20261,Jun FY26,202606,FY26,Americas,FB,Corporate,OPP1765,ACC005,Stark Industries,ES2 Opportunity,N,,$
IQC Pipeline,171705.28,1QFY26,20261,Jun FY26,202606,FY26,EMEA,FA,Enterprise,OPP1766,ACC029,Krusty Krab,ES2 Opportunity,N,,$
IQC Pipeline,172855.96,1QFY26,20261,Jun FY26,202606,FY26,APJ,Others,Corporate,OPP1767,ACC018,Oscorp,ES1 Opportunity,N,,$
IQC Pipeline,869690.82,1QFY26,20261,Jun FY26,202606,FY26,Americas,FB,Corporate,OPP1768,ACC024,Sterling Cooper,ES2 Opportunity,N,,$
IQC Pipeline,99601.23,1QFY26,20261,Jun FY26,202606,FY26,Americas,FA,Commercial,OPP1769,ACC019,Gringotts Bank,ES1 Opportunity,N,,$
IQC Pipeline,847804.08,1QFY26,20261,Jun FY26,202606,FY26,Americas,FA,Commercial,OPP1770,ACC002,Globex Corp,ES1 Opportunity,N,,$
IQC Pipeline,212459.58,1QFY26,20261,Jun FY26,202606,FY26,APJ,FB,Commercial,OPP1771,ACC018,Oscorp,ES2 Opportunity,N,,$
IQC Pipeline,1079394.9,1QFY26,20261,Jun FY26,202606,FY26,EMEA,Others,Enterprise,OPP1772,ACC021,Strickland Propane,ES2 Opportunity,N,,$
IQC Pipeline,370616.88,1QFY26,20261,Jun FY26,202606,FY26,EMEA,Others,Commercial,OPP1773,ACC015,Hooli,ES2 Opportunity,N,,$
IQC Pipeline,243966.52,1QFY26,20261,Jun FY26,202606,FY26,APJ,FA,Commercial,OPP1774,ACC015,Hooli,ES2 Opportunity,N,,$
IQC Pipeline,373997.97,1QFY26,20261,Jun FY26,202606,FY26,APJ,FA,Enterprise,OPP1775,ACC009,Tyrell Systems,ES2 Opportunity,N,,$
IQC Pipeline,630196.29,1QFY26,20261,Jun FY26,202606,FY26,APJ,FB,Commercial,OPP1776,ACC029,Krusty Krab,ES2 Opportunity,N,,$
IQC Pipeline,347274.96,1QFY26,20261,Jun FY26,202606,FY26,EMEA,Others,Enterprise,OPP1777,ACC020,Bluth Co,ES2 Opportunity,N,,$
IQC Pipeline,75642.47,1QFY26,20261,Jun FY26,202606,FY26,APJ,FB,Enterprise,OPP1778,ACC007,Soylent Co,ES1 Opportunity,N,,$
IQC Pipeline,103181.03,1QFY26,20261,Jun FY26,202606,FY26,APJ,FA,Commercial,OPP1779,ACC019,Gringotts Bank,ES1 Opportunity,N,,$
Atbats,1969633.82,1QFY26,20261,Jun FY26,202606,FY26,EMEA,FA,Enterprise,OPP1780,ACC009,Tyrell Systems,ES1 Opportunity,N,,$
Atbats,94682.64,1QFY26,20261,Jun FY26,202606,FY26,EMEA,FA,Commercial,OPP1781,ACC023,Wernham Hogg,ES2 Opportunity,N,,$
Atbats,438186.55,1QFY26,20261,Jun FY26,202606,FY26,EMEA,FA,Enterprise,OPP1782,ACC023,Wernham Hogg,ES1 Opportunity,N,,$
Atbats,296082.73,1QFY26,20261,Jun FY26,202606,FY26,Americas,FA,Corporate,OPP1783,ACC009,Tyrell Systems,ES2 Opportunity,N,,$
Atbats,146649.83,1QFY26,20261,Jun FY26,202606,FY26,Americas,Others,Commercial,OPP1784,ACC010,Cyberdyne,ES1 Opportunity,N,,$
Atbats,204051.16,1QFY26,20261,Jun FY26,202606,FY26,Americas,FA,Enterprise,OPP1785,ACC001,Acme Industries,ES1 Opportunity,N,,$
Atbats,218660.46,1QFY26,20261,Jun FY26,202606,FY26,Americas,FB,Commercial,OPP1786,ACC019,Gringotts Bank,ES2 Opportunity,N,,$
Atbats,149492.83,1QFY26,20261,Jun FY26,202606,FY26,EMEA,FA,Commercial,OPP1787,ACC018,Oscorp,ES1 Opportunity,N,,$
Atbats,279850.47,1QFY26,20261,Jun FY26,202606,FY26,Americas,Others,Enterprise,OPP1788,ACC008,Wonka Holdings,ES1 Opportunity,N,,$
Atbats,127214.58,1QFY26,20261,Jun FY26,202606,FY26,Americas,FA,Enterprise,OPP1789,ACC020,Bluth Co,ES1 Opportunity,N,,$
Atbats,2131402.19,1QFY26,20261,Jun FY26,202606,FY26,APJ,FB,Enterprise,OPP1790,ACC011,Aperture Labs,ES2 Opportunity,N,,$
Atbats,402571.29,1QFY26,20261,Jun FY26,202606,FY26,EMEA,FA,Commercial,OPP1791,ACC011,Aperture Labs,ES2 Opportunity,N,,$
Atbats,8698.78,1QFY26,20261,Jun FY26,202606,FY26,APJ,FA,Corporate,OPP1792,ACC016,Dunder Mifflin,ES2 Opportunity,N,,$
Atbats,1893779.73,1QFY26,20261,Jun FY26,202606,FY26,APJ,FA,Commercial,OPP1793,ACC010,Cyberdyne,ES2 Opportunity,N,,$
Atbats,2126949.08,1QFY26,20261,Jun FY26,202606,FY26,EMEA,FA,Enterprise,OPP1794,ACC002,Globex Corp,ES2 Opportunity,N,,$
Atbats,80773.28,1QFY26,20261,Jun FY26,202606,FY26,EMEA,FA,Commercial,OPP1795,ACC012,Massive Dynamic,ES2 Opportunity,N,,$
Atbats,573159.86,1QFY26,20261,Jun FY26,202606,FY26,Americas,FB,Commercial,OPP1796,ACC003,Initech,ES2 Opportunity,N,,$
Atbats,360696.84,1QFY26,20261,Jun FY26,202606,FY26,APJ,Others,Corporate,OPP1797,ACC016,Dunder Mifflin,ES2 Opportunity,N,,$
Atbats,145118.73,1QFY26,20261,Jun FY26,202606,FY26,Americas,Others,Enterprise,OPP1798,ACC028,Cogswell Cogs,ES2 Opportunity,N,,$
Atbats,261646.61,1QFY26,20261,Jun FY26,202606,FY26,Americas,FA,Enterprise,OPP1799,ACC028,Cogswell Cogs,ES1 Opportunity,N,,$
Atbats,366026.1,1QFY26,20261,Jun FY26,202606,FY26,EMEA,FB,Enterprise,OPP1800,ACC006,Wayne Enterprises,ES2 Opportunity,N,,$
Atbats,90702.13,1QFY26,20261,Jun FY26,202606,FY26,Americas,FB,Commercial,OPP1801,ACC010,Cyberdyne,ES2 Opportunity,N,,$
Atbats,230545.5,1QFY26,20261,Jun FY26,202606,FY26,EMEA,FA,Corporate,OPP1802,ACC003,Initech,ES1 Opportunity,N,,$
Atbats,199920.67,1QFY26,20261,Jun FY26,202606,FY26,EMEA,FB,Commercial,OPP1803,ACC006,Wayne Enterprises,ES2 Opportunity,N,,$
Atbats,714422.95,1QFY26,20261,Jun FY26,202606,FY26,EMEA,FA,Corporate,OPP1804,ACC010,Cyberdyne,ES1 Opportunity,N,,$
Atbats,308062.05,1QFY26,20261,Jun FY26,202606,FY26,Americas,FA,Enterprise,OPP1805,ACC021,Strickland Propane,ES2 Opportunity,N,,$
Atbats,949856.6,1QFY26,20261,Jun FY26,202606,FY26,APJ,FB,Enterprise,OPP1806,ACC030,Planet Express,ES2 Opportunity,N,,$
Atbats,490726.08,1QFY26,20261,Jun FY26,202606,FY26,Americas,FB,Commercial,OPP1807,ACC020,Bluth Co,ES1 Opportunity,N,,$
Atbats,875497.38,1QFY26,20261,Jun FY26,202606,FY26,APJ,FA,Enterprise,OPP1808,ACC023,Wernham Hogg,ES1 Opportunity,N,,$
Atbats,765348.49,1QFY26,20261,Jun FY26,202606,FY26,APJ,FB,Corporate,OPP1809,ACC002,Globex Corp,ES2 Opportunity,N,,$
Atbats,103838.84,1QFY26,20261,Jun FY26,202606,FY26,APJ,FA,Enterprise,OPP1810,ACC014,Pied Piper,ES2 Opportunity,N,,$
Atbats,107364.83,1QFY26,20261,Jun FY26,202606,FY26,APJ,Others,Commercial,OPP1811,ACC006,Wayne Enterprises,ES1 Opportunity,N,,$
Atbats,993177.57,1QFY26,20261,Jun FY26,202606,FY26,Americas,FA,Corporate,OPP1812,ACC022,Los Pollos Hermanos,ES1 Opportunity,N,,$
Atbats,648939.75,1QFY26,20261,Jun FY26,202606,FY26,APJ,FB,Enterprise,OPP1813,ACC027,Spacely Sprockets,ES1 Opportunity,N,,$
Atbats,157749.08,1QFY26,20261,Jun FY26,202606,FY26,EMEA,FA,Commercial,OPP1814,ACC030,Planet Express,ES2 Opportunity,N,,$
Atbats,152946.22,1QFY26,20261,Jun FY26,202606,FY26,APJ,FA,Enterprise,OPP1815,ACC020,Bluth Co,ES1 Opportunity,N,,$
Atbats,2526425.9,1QFY26,20261,Jun FY26,202606,FY26,APJ,FB,Enterprise,OPP1816,ACC003,Initech,ES2 Opportunity,N,,$
Atbats,89921.43,1QFY26,20261,Jun FY26,202606,FY26,APJ,FA,Corporate,OPP1817,ACC020,Bluth Co,ES1 Opportunity,N,,$
Atbats,1207490.63,1QFY26,20261,Jun FY26,202606,FY26,Americas,FB,Enterprise,OPP1818,ACC008,Wonka Holdings,ES1 Opportunity,N,,$
Atbats,39885.19,1QFY26,20261,Jun FY26,202606,FY26,APJ,FA,Enterprise,OPP1819,ACC003,Initech,ES2 Opportunity,N,,$
Atbats,185833.63,1QFY26,20261,Jun FY26,202606,FY26,Americas,FA,Commercial,OPP1820,ACC002,Globex Corp,ES1 Opportunity,N,,$
Atbats,628299.11,1QFY26,20261,Jun FY26,202606,FY26,EMEA,FA,Enterprise,OPP1821,ACC022,Los Pollos Hermanos,ES2 Opportunity,N,,$
Atbats,63336.61,1QFY26,20261,Jun FY26,202606,FY26,APJ,Others,Enterprise,OPP1822,ACC003,Initech,ES2 Opportunity,N,,$
Atbats,129077.71,1QFY26,20261,Jun FY26,202606,FY26,EMEA,FA,Commercial,OPP1823,ACC008,Wonka Holdings,ES1 Opportunity,N,,$
Atbats,323191.63,1QFY26,20261,Jun FY26,202606,FY26,APJ,FB,Commercial,OPP1824,ACC010,Cyberdyne,ES1 Opportunity,N,,$
Atbats,32462.62,1QFY26,20261,Jun FY26,202606,FY26,Americas,Others,Enterprise,OPP1825,ACC017,Nakatomi Trading,ES2 Opportunity,N,,$
Atbats,1008789.9,1QFY26,20261,Jun FY26,202606,FY26,APJ,FB,Enterprise,OPP1826,ACC006,Wayne Enterprises,ES1 Opportunity,N,,$
Atbats,244966.06,1QFY26,20261,Jun FY26,202606,FY26,EMEA,FA,Corporate,OPP1827,ACC004,Umbrella Group,ES2 Opportunity,N,,$
Atbats,342520.15,1QFY26,20261,Jun FY26,202606,FY26,EMEA,FB,Commercial,OPP1828,ACC011,Aperture Labs,ES2 Opportunity,N,,$
Atbats,314717.06,1QFY26,20261,Jun FY26,202606,FY26,EMEA,FB,Enterprise,OPP1829,ACC015,Hooli,ES1 Opportunity,N,,$
Atbats,144863.19,1QFY26,20261,Jun FY26,202606,FY26,EMEA,FA,Enterprise,OPP1830,ACC016,Dunder Mifflin,ES1 Opportunity,N,,$
Atbats,1053650.59,1QFY26,20261,Jun FY26,202606,FY26,Americas,Others,Commercial,OPP1831,ACC015,Hooli,ES2 Opportunity,N,,$
Atbats,361185.54,1QFY26,20261,Jun FY26,202606,FY26,Americas,FA,Enterprise,OPP1832,ACC004,Umbrella Group,ES1 Opportunity,N,,$
Atbats,131110.01,1QFY26,20261,Jun FY26,202606,FY26,Americas,FA,Commercial,OPP1833,ACC004,Umbrella Group,ES1 Opportunity,N,,$
Atbats,144405.46,1QFY26,20261,Jun FY26,202606,FY26,EMEA,FA,Commercial,OPP1834,ACC009,Tyrell Systems,ES1 Opportunity,N,,$
Atbats,2917704.3,1QFY26,20261,Jun FY26,202606,FY26,EMEA,FA,Commercial,OPP1835,ACC016,Dunder Mifflin,ES1 Opportunity,N,,$
Bookings,36693.53,1QFY26,20261,Jul FY26,202607,FY26,EMEA,FA,Enterprise,OPP1836,ACC001,Acme Industries,Renewal,N,55,$
Bookings,4074980.71,1QFY26,20261,Jul FY26,202607,FY26,Americas,Others,Enterprise,OPP1837,ACC005,Stark Industries,ES1 Opportunity,N,189,$
Bookings,2627624.19,1QFY26,20261,Jul FY26,202607,FY26,Americas,FA,Commercial,OPP1838,ACC018,Oscorp,ES1 Opportunity,N,168,$
Bookings,1332111.03,1QFY26,20261,Jul FY26,202607,FY26,EMEA,Others,Enterprise,OPP1839,ACC028,Cogswell Cogs,ES1 Opportunity,N,147,$
Bookings,1394692.58,1QFY26,20261,Jul FY26,202607,FY26,Americas,FA,Enterprise,OPP1840,ACC016,Dunder Mifflin,ES1 Opportunity,N,175,$
Bookings,850922.28,1QFY26,20261,Jul FY26,202607,FY26,APJ,FA,Commercial,OPP1841,ACC002,Globex Corp,ES2 Opportunity,N,156,$
Bookings,422415.67,1QFY26,20261,Jul FY26,202607,FY26,EMEA,FA,Enterprise,OPP1842,ACC027,Spacely Sprockets,ES2 Opportunity,N,219,$
Bookings,611817.91,1QFY26,20261,Jul FY26,202607,FY26,EMEA,FA,Enterprise,OPP1843,ACC012,Massive Dynamic,ES2 Opportunity,Y,92,$
Bookings,79033.52,1QFY26,20261,Jul FY26,202607,FY26,APJ,FA,Enterprise,OPP1844,ACC001,Acme Industries,ES2 Opportunity,N,39,$
Bookings,175796.2,1QFY26,20261,Jul FY26,202607,FY26,EMEA,FA,Commercial,OPP1845,ACC011,Aperture Labs,ES1 Opportunity,N,129,$
Bookings,198501.34,1QFY26,20261,Jul FY26,202607,FY26,APJ,FB,Enterprise,OPP1846,ACC025,Pendant Publishing,ES1 Opportunity,N,72,$
Bookings,391659.93,1QFY26,20261,Jul FY26,202607,FY26,EMEA,FB,Corporate,OPP1847,ACC028,Cogswell Cogs,ES2 Opportunity,N,103,$
Bookings,161045.28,1QFY26,20261,Jul FY26,202607,FY26,Americas,FB,Corporate,OPP1848,ACC019,Gringotts Bank,ES1 Opportunity,Y,116,$
Bookings,110086.27,1QFY26,20261,Jul FY26,202607,FY26,EMEA,FA,Commercial,OPP1849,ACC010,Cyberdyne,ES1 Opportunity,N,106,$
Bookings,180479.63,1QFY26,20261,Jul FY26,202607,FY26,EMEA,FA,Commercial,OPP1850,ACC018,Oscorp,ES1 Opportunity,N,34,$
Bookings,387432.44,1QFY26,20261,Jul FY26,202607,FY26,EMEA,FA,Corporate,OPP1851,ACC015,Hooli,ES1 Opportunity,N,193,$
Bookings,395055.91,1QFY26,20261,Jul FY26,202607,FY26,EMEA,Others,Commercial,OPP1852,ACC007,Soylent Co,ES2 Opportunity,N,67,$
Bookings,48660.17,1QFY26,20261,Jul FY26,202607,FY26,EMEA,FA,Corporate,OPP1853,ACC021,Strickland Propane,Renewal,N,82,$
Bookings,615909.14,1QFY26,20261,Jul FY26,202607,FY26,Americas,FA,Commercial,OPP1854,ACC004,Umbrella Group,ES1 Opportunity,N,37,$
Bookings,17613.32,1QFY26,20261,Jul FY26,202607,FY26,APJ,Others,Enterprise,OPP1855,ACC007,Soylent Co,Renewal,N,70,$
Bookings,636536.97,1QFY26,20261,Jul FY26,202607,FY26,APJ,Others,Corporate,OPP1856,ACC001,Acme Industries,ES1 Opportunity,Y,51,$
Bookings,129717.55,1QFY26,20261,Jul FY26,202607,FY26,EMEA,Others,Commercial,OPP1857,ACC013,Vandelay Imports,Renewal,N,215,$
Bookings,704541.36,1QFY26,20261,Jul FY26,202607,FY26,APJ,Others,Commercial,OPP1858,ACC025,Pendant Publishing,ES1 Opportunity,N,94,$
Bookings,304908.61,1QFY26,20261,Jul FY26,202607,FY26,EMEA,FA,Commercial,OPP1859,ACC024,Sterling Cooper,ES2 Opportunity,N,138,$
Bookings,132323.14,1QFY26,20261,Jul FY26,202607,FY26,EMEA,FA,Enterprise,OPP1860,ACC016,Dunder Mifflin,ES1 Opportunity,N,209,$
Bookings,954537.64,1QFY26,20261,Jul FY26,202607,FY26,APJ,FA,Enterprise,OPP1861,ACC005,Stark Industries,ES1 Opportunity,N,213,$
Bookings,219660.5,1QFY26,20261,Jul FY26,202607,FY26,APJ,FA,Commercial,OPP1862,ACC002,Globex Corp,ES1 Opportunity,N,201,$
Bookings,85570.55,1QFY26,20261,Jul FY26,202607,FY26,APJ,FA,Corporate,OPP1863,ACC028,Cogswell Cogs,ES2 Opportunity,N,143,$
Bookings,26306.41,1QFY26,20261,Jul FY26,202607,FY26,EMEA,FA,Corporate,OPP1864,ACC010,Cyberdyne,ES1 Opportunity,N,71,$
Bookings,2990659.17,1QFY26,20261,Jul FY26,202607,FY26,APJ,FA,Enterprise,OPP1865,ACC027,Spacely Sprockets,Renewal,N,155,$
Bookings,318144.43,1QFY26,20261,Jul FY26,202607,FY26,APJ,FA,Corporate,OPP1866,ACC006,Wayne Enterprises,ES2 Opportunity,N,159,$
Bookings,80245.45,1QFY26,20261,Jul FY26,202607,FY26,APJ,FB,Commercial,OPP1867,ACC002,Globex Corp,ES2 Opportunity,N,77,$
Bookings,733748.84,1QFY26,20261,Jul FY26,202607,FY26,EMEA,FA,Enterprise,OPP1868,ACC004,Umbrella Group,ES1 Opportunity,N,162,$
Bookings,1788476.76,1QFY26,20261,Jul FY26,202607,FY26,Americas,FB,Commercial,OPP1869,ACC011,Aperture Labs,ES1 Opportunity,N,218,$
Bookings,132523.5,1QFY26,20261,Jul FY26,202607,FY26,EMEA,FB,Enterprise,OPP1870,ACC006,Wayne Enterprises,ES1 Opportunity,N,126,$
Bookings,4840122.73,1QFY26,20261,Jul FY26,202607,FY26,Americas,FA,Corporate,OPP1871,ACC020,Bluth Co,ES2 Opportunity,N,96,$
Renewal Bookings,64419.08,1QFY26,20261,Jul FY26,202607,FY26,APJ,FA,Commercial,OPP1872,ACC014,Pied Piper,Renewal,N,,$
Renewal Bookings,477264.93,1QFY26,20261,Jul FY26,202607,FY26,Americas,FB,Enterprise,OPP1873,ACC028,Cogswell Cogs,Renewal,N,,$
Renewal Bookings,339900.73,1QFY26,20261,Jul FY26,202607,FY26,APJ,FA,Enterprise,OPP1874,ACC028,Cogswell Cogs,Renewal,N,,$
Renewal Bookings,98664.75,1QFY26,20261,Jul FY26,202607,FY26,EMEA,FB,Enterprise,OPP1875,ACC006,Wayne Enterprises,Renewal,N,,$
Renewal Bookings,148983.34,1QFY26,20261,Jul FY26,202607,FY26,EMEA,Others,Enterprise,OPP1876,ACC015,Hooli,Renewal,N,,$
Renewal Bookings,476702.86,1QFY26,20261,Jul FY26,202607,FY26,APJ,FB,Enterprise,OPP1877,ACC016,Dunder Mifflin,Renewal,N,,$
Renewal Bookings,76125.56,1QFY26,20261,Jul FY26,202607,FY26,APJ,FA,Enterprise,OPP1878,ACC013,Vandelay Imports,Renewal,N,,$
Renewal Bookings,595143.25,1QFY26,20261,Jul FY26,202607,FY26,EMEA,FA,Commercial,OPP1879,ACC002,Globex Corp,Renewal,N,,$
Renewal Bookings,125455.04,1QFY26,20261,Jul FY26,202607,FY26,EMEA,Others,Corporate,OPP1880,ACC026,Vehement Capital,Renewal,N,,$
Open Pipeline,548827.09,1QFY26,20261,Jul FY26,202607,FY26,APJ,FA,Enterprise,OPP1881,ACC016,Dunder Mifflin,ES2 Opportunity,N,,$
Open Pipeline,155127.67,1QFY26,20261,Jul FY26,202607,FY26,APJ,FA,Enterprise,OPP1882,ACC005,Stark Industries,ES2 Opportunity,N,,$
Open Pipeline,371797.82,1QFY26,20261,Jul FY26,202607,FY26,EMEA,FB,Corporate,OPP1883,ACC029,Krusty Krab,ES2 Opportunity,N,,$
Open Pipeline,36071.47,1QFY26,20261,Jul FY26,202607,FY26,EMEA,FA,Enterprise,OPP1884,ACC024,Sterling Cooper,ES2 Opportunity,N,,$
Open Pipeline,1491567.5,1QFY26,20261,Jul FY26,202607,FY26,Americas,FA,Enterprise,OPP1885,ACC016,Dunder Mifflin,ES2 Opportunity,N,,$
Open Pipeline,96569.07,1QFY26,20261,Jul FY26,202607,FY26,EMEA,FA,Corporate,OPP1886,ACC015,Hooli,ES2 Opportunity,N,,$
Open Pipeline,167882.83,1QFY26,20261,Jul FY26,202607,FY26,EMEA,FA,Enterprise,OPP1887,ACC005,Stark Industries,ES1 Opportunity,N,,$
Open Pipeline,845627.57,1QFY26,20261,Jul FY26,202607,FY26,Americas,FB,Corporate,OPP1888,ACC022,Los Pollos Hermanos,ES1 Opportunity,N,,$
Open Pipeline,556765.3,1QFY26,20261,Jul FY26,202607,FY26,Americas,FA,Commercial,OPP1889,ACC003,Initech,ES2 Opportunity,N,,$
Open Pipeline,164274.08,1QFY26,20261,Jul FY26,202607,FY26,Americas,Others,Enterprise,OPP1890,ACC022,Los Pollos Hermanos,ES1 Opportunity,N,,$
Open Pipeline,138936.58,1QFY26,20261,Jul FY26,202607,FY26,Americas,FB,Enterprise,OPP1891,ACC027,Spacely Sprockets,ES2 Opportunity,N,,$
Open Pipeline,776082.0,1QFY26,20261,Jul FY26,202607,FY26,APJ,Others,Commercial,OPP1892,ACC002,Globex Corp,ES2 Opportunity,N,,$
Open Pipeline,127785.01,1QFY26,20261,Jul FY26,202607,FY26,APJ,Others,Commercial,OPP1893,ACC028,Cogswell Cogs,ES2 Opportunity,N,,$
Open Pipeline,283727.14,1QFY26,20261,Jul FY26,202607,FY26,Americas,FA,Commercial,OPP1894,ACC009,Tyrell Systems,ES2 Opportunity,N,,$
Open Pipeline,805391.02,1QFY26,20261,Jul FY26,202607,FY26,EMEA,FA,Commercial,OPP1895,ACC004,Umbrella Group,ES1 Opportunity,N,,$
Open Pipeline,68830.82,1QFY26,20261,Jul FY26,202607,FY26,APJ,FB,Enterprise,OPP1896,ACC005,Stark Industries,ES1 Opportunity,N,,$
Open Pipeline,299369.91,1QFY26,20261,Jul FY26,202607,FY26,EMEA,FA,Commercial,OPP1897,ACC016,Dunder Mifflin,ES1 Opportunity,N,,$
Open Pipeline,144808.06,1QFY26,20261,Jul FY26,202607,FY26,Americas,FB,Corporate,OPP1898,ACC014,Pied Piper,ES1 Opportunity,N,,$
Open Pipeline,500884.46,1QFY26,20261,Jul FY26,202607,FY26,APJ,FA,Commercial,OPP1899,ACC022,Los Pollos Hermanos,ES2 Opportunity,N,,$
Open Pipeline,446688.27,1QFY26,20261,Jul FY26,202607,FY26,Americas,FA,Enterprise,OPP1900,ACC016,Dunder Mifflin,ES1 Opportunity,N,,$
Open Pipeline,614726.67,1QFY26,20261,Jul FY26,202607,FY26,Americas,FA,Enterprise,OPP1901,ACC003,Initech,ES2 Opportunity,N,,$
Open Pipeline,1703541.5,1QFY26,20261,Jul FY26,202607,FY26,APJ,FA,Enterprise,OPP1902,ACC019,Gringotts Bank,ES1 Opportunity,N,,$
Open Pipeline,899489.02,1QFY26,20261,Jul FY26,202607,FY26,APJ,FA,Commercial,OPP1903,ACC022,Los Pollos Hermanos,ES2 Opportunity,N,,$
Open Pipeline,290434.74,1QFY26,20261,Jul FY26,202607,FY26,EMEA,FA,Enterprise,OPP1904,ACC011,Aperture Labs,ES1 Opportunity,N,,$
Open Pipeline,514767.67,1QFY26,20261,Jul FY26,202607,FY26,APJ,FA,Corporate,OPP1905,ACC030,Planet Express,ES2 Opportunity,N,,$
Open Pipeline,856601.51,1QFY26,20261,Jul FY26,202607,FY26,Americas,FA,Corporate,OPP1906,ACC022,Los Pollos Hermanos,ES2 Opportunity,N,,$
Open Pipeline,91724.09,1QFY26,20261,Jul FY26,202607,FY26,Americas,FA,Enterprise,OPP1907,ACC015,Hooli,ES1 Opportunity,N,,$
Open Pipeline,4802194.27,1QFY26,20261,Jul FY26,202607,FY26,APJ,FB,Commercial,OPP1908,ACC020,Bluth Co,ES1 Opportunity,N,,$
Open Pipeline,188058.57,1QFY26,20261,Jul FY26,202607,FY26,APJ,FB,Corporate,OPP1909,ACC005,Stark Industries,ES2 Opportunity,N,,$
Open Pipeline,852403.64,1QFY26,20261,Jul FY26,202607,FY26,APJ,FA,Enterprise,OPP1910,ACC028,Cogswell Cogs,ES1 Opportunity,N,,$
Open Pipeline,723518.21,1QFY26,20261,Jul FY26,202607,FY26,EMEA,FB,Enterprise,OPP1911,ACC004,Umbrella Group,ES2 Opportunity,N,,$
Open Pipeline,199017.21,1QFY26,20261,Jul FY26,202607,FY26,APJ,FA,Commercial,OPP1912,ACC015,Hooli,ES2 Opportunity,N,,$
Open Pipeline,469783.56,1QFY26,20261,Jul FY26,202607,FY26,APJ,FB,Enterprise,OPP1913,ACC004,Umbrella Group,ES2 Opportunity,N,,$
Open Pipeline,853184.91,1QFY26,20261,Jul FY26,202607,FY26,EMEA,FB,Commercial,OPP1914,ACC018,Oscorp,ES1 Opportunity,N,,$
Open Pipeline,274666.35,1QFY26,20261,Jul FY26,202607,FY26,APJ,FB,Commercial,OPP1915,ACC016,Dunder Mifflin,ES1 Opportunity,N,,$
Open Pipeline,239740.92,1QFY26,20261,Jul FY26,202607,FY26,Americas,FA,Enterprise,OPP1916,ACC029,Krusty Krab,ES2 Opportunity,N,,$
IQC Pipeline,200195.15,1QFY26,20261,Jul FY26,202607,FY26,EMEA,FB,Commercial,OPP1917,ACC014,Pied Piper,ES2 Opportunity,N,,$
IQC Pipeline,82648.52,1QFY26,20261,Jul FY26,202607,FY26,Americas,FA,Enterprise,OPP1918,ACC019,Gringotts Bank,ES2 Opportunity,N,,$
IQC Pipeline,758340.63,1QFY26,20261,Jul FY26,202607,FY26,APJ,Others,Commercial,OPP1919,ACC029,Krusty Krab,ES2 Opportunity,N,,$
IQC Pipeline,76794.96,1QFY26,20261,Jul FY26,202607,FY26,EMEA,FB,Commercial,OPP1920,ACC026,Vehement Capital,ES1 Opportunity,N,,$
IQC Pipeline,51179.49,1QFY26,20261,Jul FY26,202607,FY26,Americas,FB,Enterprise,OPP1921,ACC022,Los Pollos Hermanos,ES1 Opportunity,N,,$
IQC Pipeline,253078.52,1QFY26,20261,Jul FY26,202607,FY26,Americas,FB,Enterprise,OPP1922,ACC016,Dunder Mifflin,ES2 Opportunity,N,,$
IQC Pipeline,171251.13,1QFY26,20261,Jul FY26,202607,FY26,Americas,Others,Enterprise,OPP1923,ACC022,Los Pollos Hermanos,ES2 Opportunity,N,,$
IQC Pipeline,70424.41,1QFY26,20261,Jul FY26,202607,FY26,APJ,FA,Commercial,OPP1924,ACC011,Aperture Labs,ES2 Opportunity,N,,$
IQC Pipeline,2182765.67,1QFY26,20261,Jul FY26,202607,FY26,APJ,FA,Enterprise,OPP1925,ACC017,Nakatomi Trading,ES1 Opportunity,N,,$
IQC Pipeline,320190.28,1QFY26,20261,Jul FY26,202607,FY26,Americas,Others,Enterprise,OPP1926,ACC027,Spacely Sprockets,ES2 Opportunity,N,,$
IQC Pipeline,904193.1,1QFY26,20261,Jul FY26,202607,FY26,Americas,FB,Enterprise,OPP1927,ACC021,Strickland Propane,ES2 Opportunity,N,,$
IQC Pipeline,114963.74,1QFY26,20261,Jul FY26,202607,FY26,EMEA,FA,Enterprise,OPP1928,ACC017,Nakatomi Trading,ES2 Opportunity,N,,$
IQC Pipeline,256695.88,1QFY26,20261,Jul FY26,202607,FY26,Americas,FB,Enterprise,OPP1929,ACC028,Cogswell Cogs,ES2 Opportunity,N,,$
IQC Pipeline,780931.61,1QFY26,20261,Jul FY26,202607,FY26,EMEA,FA,Enterprise,OPP1930,ACC025,Pendant Publishing,ES2 Opportunity,N,,$
IQC Pipeline,176926.26,1QFY26,20261,Jul FY26,202607,FY26,Americas,FA,Commercial,OPP1931,ACC008,Wonka Holdings,ES2 Opportunity,N,,$
IQC Pipeline,88404.56,1QFY26,20261,Jul FY26,202607,FY26,EMEA,Others,Corporate,OPP1932,ACC022,Los Pollos Hermanos,ES2 Opportunity,N,,$
IQC Pipeline,205367.63,1QFY26,20261,Jul FY26,202607,FY26,Americas,FB,Commercial,OPP1933,ACC003,Initech,ES2 Opportunity,N,,$
IQC Pipeline,92722.63,1QFY26,20261,Jul FY26,202607,FY26,Americas,FA,Enterprise,OPP1934,ACC030,Planet Express,ES2 Opportunity,N,,$
IQC Pipeline,3160868.41,1QFY26,20261,Jul FY26,202607,FY26,Americas,Others,Corporate,OPP1935,ACC029,Krusty Krab,ES1 Opportunity,N,,$
IQC Pipeline,275168.43,1QFY26,20261,Jul FY26,202607,FY26,EMEA,Others,Commercial,OPP1936,ACC024,Sterling Cooper,ES1 Opportunity,N,,$
IQC Pipeline,477493.33,1QFY26,20261,Jul FY26,202607,FY26,APJ,FA,Commercial,OPP1937,ACC020,Bluth Co,ES1 Opportunity,N,,$
IQC Pipeline,1086577.64,1QFY26,20261,Jul FY26,202607,FY26,APJ,FA,Corporate,OPP1938,ACC025,Pendant Publishing,ES1 Opportunity,N,,$
IQC Pipeline,124676.9,1QFY26,20261,Jul FY26,202607,FY26,Americas,FA,Enterprise,OPP1939,ACC029,Krusty Krab,ES1 Opportunity,N,,$
IQC Pipeline,174269.25,1QFY26,20261,Jul FY26,202607,FY26,APJ,FA,Enterprise,OPP1940,ACC001,Acme Industries,ES1 Opportunity,N,,$
IQC Pipeline,323235.26,1QFY26,20261,Jul FY26,202607,FY26,EMEA,FB,Corporate,OPP1941,ACC002,Globex Corp,ES2 Opportunity,N,,$
Atbats,138707.2,1QFY26,20261,Jul FY26,202607,FY26,Americas,FA,Commercial,OPP1942,ACC010,Cyberdyne,ES2 Opportunity,N,,$
Atbats,362897.97,1QFY26,20261,Jul FY26,202607,FY26,EMEA,Others,Corporate,OPP1943,ACC019,Gringotts Bank,ES1 Opportunity,N,,$
Atbats,1988694.86,1QFY26,20261,Jul FY26,202607,FY26,Americas,FA,Enterprise,OPP1944,ACC023,Wernham Hogg,ES1 Opportunity,N,,$
Atbats,370315.01,1QFY26,20261,Jul FY26,202607,FY26,EMEA,FA,Enterprise,OPP1945,ACC019,Gringotts Bank,ES2 Opportunity,N,,$
Atbats,29591.87,1QFY26,20261,Jul FY26,202607,FY26,EMEA,FA,Commercial,OPP1946,ACC003,Initech,ES1 Opportunity,N,,$
Atbats,94908.02,1QFY26,20261,Jul FY26,202607,FY26,Americas,FA,Enterprise,OPP1947,ACC017,Nakatomi Trading,ES2 Opportunity,N,,$
Atbats,219408.75,1QFY26,20261,Jul FY26,202607,FY26,EMEA,Others,Commercial,OPP1948,ACC015,Hooli,ES1 Opportunity,N,,$
Atbats,633311.31,1QFY26,20261,Jul FY26,202607,FY26,Americas,FA,Enterprise,OPP1949,ACC005,Stark Industries,ES1 Opportunity,N,,$
Atbats,1666604.37,1QFY26,20261,Jul FY26,202607,FY26,APJ,FA,Enterprise,OPP1950,ACC024,Sterling Cooper,ES2 Opportunity,N,,$
Atbats,84284.84,1QFY26,20261,Jul FY26,202607,FY26,Americas,FB,Enterprise,OPP1951,ACC019,Gringotts Bank,ES2 Opportunity,N,,$
Atbats,150328.41,1QFY26,20261,Jul FY26,202607,FY26,Americas,FA,Corporate,OPP1952,ACC016,Dunder Mifflin,ES2 Opportunity,N,,$
Atbats,743344.47,1QFY26,20261,Jul FY26,202607,FY26,EMEA,Others,Enterprise,OPP1953,ACC016,Dunder Mifflin,ES1 Opportunity,N,,$
Atbats,305645.36,1QFY26,20261,Jul FY26,202607,FY26,EMEA,Others,Commercial,OPP1954,ACC024,Sterling Cooper,ES2 Opportunity,N,,$
Atbats,619751.32,1QFY26,20261,Jul FY26,202607,FY26,Americas,FA,Commercial,OPP1955,ACC015,Hooli,ES2 Opportunity,N,,$
Atbats,35037.31,1QFY26,20261,Jul FY26,202607,FY26,Americas,FB,Commercial,OPP1956,ACC008,Wonka Holdings,ES2 Opportunity,N,,$
Atbats,905038.64,1QFY26,20261,Jul FY26,202607,FY26,Americas,Others,Corporate,OPP1957,ACC021,Strickland Propane,ES1 Opportunity,N,,$
Atbats,137442.76,1QFY26,20261,Jul FY26,202607,FY26,Americas,FB,Commercial,OPP1958,ACC018,Oscorp,ES1 Opportunity,N,,$
Atbats,644546.46,1QFY26,20261,Jul FY26,202607,FY26,Americas,FA,Commercial,OPP1959,ACC002,Globex Corp,ES1 Opportunity,N,,$
Atbats,1651717.78,1QFY26,20261,Jul FY26,202607,FY26,EMEA,FA,Enterprise,OPP1960,ACC018,Oscorp,ES1 Opportunity,N,,$
Atbats,614635.25,1QFY26,20261,Jul FY26,202607,FY26,APJ,FB,Commercial,OPP1961,ACC018,Oscorp,ES2 Opportunity,N,,$
Atbats,435129.93,1QFY26,20261,Jul FY26,202607,FY26,Americas,FA,Corporate,OPP1962,ACC006,Wayne Enterprises,ES2 Opportunity,N,,$
Atbats,113235.24,1QFY26,20261,Jul FY26,202607,FY26,EMEA,FA,Enterprise,OPP1963,ACC018,Oscorp,ES1 Opportunity,N,,$
Atbats,164699.65,1QFY26,20261,Jul FY26,202607,FY26,EMEA,FB,Enterprise,OPP1964,ACC022,Los Pollos Hermanos,ES1 Opportunity,N,,$
Atbats,73490.38,1QFY26,20261,Jul FY26,202607,FY26,EMEA,FA,Commercial,OPP1965,ACC004,Umbrella Group,ES2 Opportunity,N,,$
Atbats,189318.24,1QFY26,20261,Jul FY26,202607,FY26,EMEA,FA,Corporate,OPP1966,ACC002,Globex Corp,ES1 Opportunity,N,,$
Atbats,40876.91,1QFY26,20261,Jul FY26,202607,FY26,APJ,FA,Commercial,OPP1967,ACC004,Umbrella Group,ES1 Opportunity,N,,$
Atbats,179213.3,1QFY26,20261,Jul FY26,202607,FY26,APJ,FA,Commercial,OPP1968,ACC008,Wonka Holdings,ES2 Opportunity,N,,$
Atbats,400765.17,1QFY26,20261,Jul FY26,202607,FY26,Americas,FA,Commercial,OPP1969,ACC010,Cyberdyne,ES1 Opportunity,N,,$
Atbats,395649.94,1QFY26,20261,Jul FY26,202607,FY26,APJ,FA,Commercial,OPP1970,ACC018,Oscorp,ES2 Opportunity,N,,$
Atbats,358149.99,1QFY26,20261,Jul FY26,202607,FY26,APJ,FA,Enterprise,OPP1971,ACC027,Spacely Sprockets,ES2 Opportunity,N,,$
Atbats,581831.99,1QFY26,20261,Jul FY26,202607,FY26,Americas,FA,Corporate,OPP1972,ACC020,Bluth Co,ES2 Opportunity,N,,$
Atbats,84244.61,1QFY26,20261,Jul FY26,202607,FY26,EMEA,FB,Enterprise,OPP1973,ACC010,Cyberdyne,ES1 Opportunity,N,,$
Atbats,373883.52,1QFY26,20261,Jul FY26,202607,FY26,EMEA,FB,Corporate,OPP1974,ACC009,Tyrell Systems,ES1 Opportunity,N,,$
Atbats,728905.95,1QFY26,20261,Jul FY26,202607,FY26,APJ,Others,Enterprise,OPP1975,ACC011,Aperture Labs,ES1 Opportunity,N,,$
Atbats,522936.14,1QFY26,20261,Jul FY26,202607,FY26,APJ,Others,Enterprise,OPP1976,ACC020,Bluth Co,ES2 Opportunity,N,,$
Atbats,439022.6,1QFY26,20261,Jul FY26,202607,FY26,EMEA,FB,Commercial,OPP1977,ACC021,Strickland Propane,ES1 Opportunity,N,,$
Atbats,562104.96,1QFY26,20261,Jul FY26,202607,FY26,APJ,FA,Enterprise,OPP1978,ACC013,Vandelay Imports,ES1 Opportunity,N,,$
Atbats,768317.75,1QFY26,20261,Jul FY26,202607,FY26,Americas,FB,Corporate,OPP1979,ACC004,Umbrella Group,ES1 Opportunity,N,,$
Atbats,117364.76,1QFY26,20261,Jul FY26,202607,FY26,EMEA,FA,Commercial,OPP1980,ACC022,Los Pollos Hermanos,ES1 Opportunity,N,,$
Atbats,987263.86,1QFY26,20261,Jul FY26,202607,FY26,Americas,FB,Commercial,OPP1981,ACC008,Wonka Holdings,ES1 Opportunity,N,,$
Atbats,130136.27,1QFY26,20261,Jul FY26,202607,FY26,EMEA,FA,Commercial,OPP1982,ACC020,Bluth Co,ES1 Opportunity,N,,$
Atbats,172156.56,1QFY26,20261,Jul FY26,202607,FY26,APJ,FA,Corporate,OPP1983,ACC016,Dunder Mifflin,ES1 Opportunity,N,,$
Atbats,158861.67,1QFY26,20261,Jul FY26,202607,FY26,APJ,FB,Commercial,OPP1984,ACC003,Initech,ES1 Opportunity,N,,$
Atbats,580918.91,1QFY26,20261,Jul FY26,202607,FY26,Americas,FA,Commercial,OPP1985,ACC017,Nakatomi Trading,ES2 Opportunity,N,,$
Atbats,550229.25,1QFY26,20261,Jul FY26,202607,FY26,APJ,FA,Corporate,OPP1986,ACC020,Bluth Co,ES1 Opportunity,N,,$
Atbats,122193.9,1QFY26,20261,Jul FY26,202607,FY26,EMEA,FA,Enterprise,OPP1987,ACC021,Strickland Propane,ES1 Opportunity,N,,$
Atbats,95311.27,1QFY26,20261,Jul FY26,202607,FY26,EMEA,FA,Commercial,OPP1988,ACC024,Sterling Cooper,ES2 Opportunity,N,,$
Atbats,166462.78,1QFY26,20261,Jul FY26,202607,FY26,EMEA,FA,Enterprise,OPP1989,ACC011,Aperture Labs,ES2 Opportunity,N,,$
Atbats,59961.37,1QFY26,20261,Jul FY26,202607,FY26,Americas,Others,Enterprise,OPP1990,ACC003,Initech,ES1 Opportunity,N,,$
Atbats,780501.74,1QFY26,20261,Jul FY26,202607,FY26,EMEA,FA,Commercial,OPP1991,ACC016,Dunder Mifflin,ES2 Opportunity,N,,$
Atbats,284174.55,1QFY26,20261,Jul FY26,202607,FY26,APJ,Others,Corporate,OPP1992,ACC016,Dunder Mifflin,ES2 Opportunity,N,,$
Atbats,162113.96,1QFY26,20261,Jul FY26,202607,FY26,Americas,FB,Commercial,OPP1993,ACC003,Initech,ES2 Opportunity,N,,$
Atbats,1110617.33,1QFY26,20261,Jul FY26,202607,FY26,Americas,FB,Commercial,OPP1994,ACC002,Globex Corp,ES2 Opportunity,N,,$
Atbats,1009713.71,1QFY26,20261,Jul FY26,202607,FY26,APJ,FA,Enterprise,OPP1995,ACC015,Hooli,ES1 Opportunity,N,,$
Atbats,281186.13,1QFY26,20261,Jul FY26,202607,FY26,Americas,FB,Enterprise,OPP1996,ACC004,Umbrella Group,ES2 Opportunity,N,,$
Atbats,450754.76,1QFY26,20261,Jul FY26,202607,FY26,APJ,FB,Commercial,OPP1997,ACC015,Hooli,ES2 Opportunity,N,,$
Atbats,436566.15,1QFY26,20261,Jul FY26,202607,FY26,APJ,FB,Commercial,OPP1998,ACC007,Soylent Co,ES2 Opportunity,N,,$
Atbats,786839.26,1QFY26,20261,Jul FY26,202607,FY26,Americas,Others,Enterprise,OPP1999,ACC012,Massive Dynamic,ES1 Opportunity,N,,$
Atbats,195801.16,1QFY26,20261,Jul FY26,202607,FY26,EMEA,FA,Enterprise,OPP2000,ACC005,Stark Industries,ES2 Opportunity,N,,$
Atbats,180639.63,1QFY26,20261,Jul FY26,202607,FY26,APJ,FB,Enterprise,OPP2001,ACC025,Pendant Publishing,ES1 Opportunity,N,,$
Atbats,101817.06,1QFY26,20261,Jul FY26,202607,FY26,APJ,FA,Enterprise,OPP2002,ACC019,Gringotts Bank,ES2 Opportunity,N,,$
Bookings,442830.73,2QFY26,20262,Aug FY26,202608,FY26,APJ,Others,Enterprise,OPP2003,ACC007,Soylent Co,ES2 Opportunity,N,81,$
Bookings,769329.98,2QFY26,20262,Aug FY26,202608,FY26,APJ,FB,Commercial,OPP2004,ACC028,Cogswell Cogs,ES1 Opportunity,N,115,$
Bookings,358694.66,2QFY26,20262,Aug FY26,202608,FY26,EMEA,Others,Corporate,OPP2005,ACC030,Planet Express,ES1 Opportunity,Y,87,$
Bookings,506044.46,2QFY26,20262,Aug FY26,202608,FY26,EMEA,FB,Corporate,OPP2006,ACC024,Sterling Cooper,ES2 Opportunity,N,132,$
Bookings,167545.35,2QFY26,20262,Aug FY26,202608,FY26,Americas,FA,Enterprise,OPP2007,ACC030,Planet Express,ES1 Opportunity,N,41,$
Bookings,157007.77,2QFY26,20262,Aug FY26,202608,FY26,Americas,FA,Commercial,OPP2008,ACC001,Acme Industries,ES2 Opportunity,N,97,$
Bookings,620342.7,2QFY26,20262,Aug FY26,202608,FY26,Americas,FA,Enterprise,OPP2009,ACC012,Massive Dynamic,ES1 Opportunity,N,199,$
Bookings,98109.52,2QFY26,20262,Aug FY26,202608,FY26,APJ,Others,Corporate,OPP2010,ACC005,Stark Industries,ES2 Opportunity,N,63,$
Bookings,569396.76,2QFY26,20262,Aug FY26,202608,FY26,EMEA,FA,Enterprise,OPP2011,ACC030,Planet Express,ES1 Opportunity,Y,187,$
Bookings,839058.65,2QFY26,20262,Aug FY26,202608,FY26,Americas,FA,Enterprise,OPP2012,ACC028,Cogswell Cogs,ES1 Opportunity,N,160,$
Bookings,166822.75,2QFY26,20262,Aug FY26,202608,FY26,APJ,FB,Enterprise,OPP2013,ACC029,Krusty Krab,ES2 Opportunity,N,160,$
Bookings,152154.28,2QFY26,20262,Aug FY26,202608,FY26,APJ,FA,Commercial,OPP2014,ACC016,Dunder Mifflin,ES1 Opportunity,N,178,$
Bookings,30250.01,2QFY26,20262,Aug FY26,202608,FY26,Americas,FA,Corporate,OPP2015,ACC008,Wonka Holdings,ES1 Opportunity,N,108,$
Bookings,195313.74,2QFY26,20262,Aug FY26,202608,FY26,EMEA,FA,Enterprise,OPP2016,ACC010,Cyberdyne,ES1 Opportunity,N,120,$
Bookings,310172.2,2QFY26,20262,Aug FY26,202608,FY26,EMEA,FA,Corporate,OPP2017,ACC013,Vandelay Imports,ES2 Opportunity,Y,143,$
Bookings,68522.48,2QFY26,20262,Aug FY26,202608,FY26,Americas,FA,Commercial,OPP2018,ACC003,Initech,ES1 Opportunity,N,88,$
Bookings,115883.15,2QFY26,20262,Aug FY26,202608,FY26,APJ,FB,Enterprise,OPP2019,ACC005,Stark Industries,ES1 Opportunity,N,213,$
Bookings,238270.19,2QFY26,20262,Aug FY26,202608,FY26,APJ,FA,Commercial,OPP2020,ACC005,Stark Industries,Renewal,N,131,$
Bookings,39750.12,2QFY26,20262,Aug FY26,202608,FY26,Americas,FA,Commercial,OPP2021,ACC024,Sterling Cooper,ES1 Opportunity,N,117,$
Bookings,559226.54,2QFY26,20262,Aug FY26,202608,FY26,APJ,FA,Enterprise,OPP2022,ACC001,Acme Industries,Renewal,N,125,$
Bookings,76137.5,2QFY26,20262,Aug FY26,202608,FY26,APJ,FB,Enterprise,OPP2023,ACC022,Los Pollos Hermanos,ES1 Opportunity,N,206,$
Bookings,244778.26,2QFY26,20262,Aug FY26,202608,FY26,Americas,Others,Enterprise,OPP2024,ACC011,Aperture Labs,Renewal,N,175,$
Bookings,609036.47,2QFY26,20262,Aug FY26,202608,FY26,EMEA,Others,Enterprise,OPP2025,ACC018,Oscorp,ES2 Opportunity,N,151,$
Bookings,53888.54,2QFY26,20262,Aug FY26,202608,FY26,EMEA,FA,Enterprise,OPP2026,ACC002,Globex Corp,ES1 Opportunity,N,184,$
Bookings,222910.2,2QFY26,20262,Aug FY26,202608,FY26,EMEA,FA,Enterprise,OPP2027,ACC003,Initech,ES1 Opportunity,N,124,$
Bookings,391370.77,2QFY26,20262,Aug FY26,202608,FY26,EMEA,FA,Corporate,OPP2028,ACC014,Pied Piper,ES2 Opportunity,N,47,$
Bookings,28949.28,2QFY26,20262,Aug FY26,202608,FY26,Americas,FA,Corporate,OPP2029,ACC006,Wayne Enterprises,ES1 Opportunity,N,109,$
Bookings,477722.48,2QFY26,20262,Aug FY26,202608,FY26,EMEA,FA,Corporate,OPP2030,ACC027,Spacely Sprockets,ES1 Opportunity,N,93,$
Bookings,652622.1,2QFY26,20262,Aug FY26,202608,FY26,EMEA,FA,Enterprise,OPP2031,ACC021,Strickland Propane,ES2 Opportunity,N,146,$
Bookings,57755.41,2QFY26,20262,Aug FY26,202608,FY26,EMEA,FB,Corporate,OPP2032,ACC008,Wonka Holdings,ES2 Opportunity,N,188,$
Bookings,866250.28,2QFY26,20262,Aug FY26,202608,FY26,Americas,FB,Enterprise,OPP2033,ACC002,Globex Corp,ES1 Opportunity,N,70,$
Bookings,85694.13,2QFY26,20262,Aug FY26,202608,FY26,Americas,FB,Commercial,OPP2034,ACC016,Dunder Mifflin,ES2 Opportunity,N,171,$
Bookings,114698.43,2QFY26,20262,Aug FY26,202608,FY26,APJ,FB,Enterprise,OPP2035,ACC009,Tyrell Systems,ES1 Opportunity,N,41,$
Bookings,319049.27,2QFY26,20262,Aug FY26,202608,FY26,APJ,FA,Enterprise,OPP2036,ACC007,Soylent Co,ES2 Opportunity,N,32,$
Bookings,47853.03,2QFY26,20262,Aug FY26,202608,FY26,APJ,FB,Commercial,OPP2037,ACC018,Oscorp,ES2 Opportunity,N,212,$
Bookings,108264.4,2QFY26,20262,Aug FY26,202608,FY26,EMEA,FA,Commercial,OPP2038,ACC009,Tyrell Systems,ES2 Opportunity,N,121,$
Bookings,45399.29,2QFY26,20262,Aug FY26,202608,FY26,APJ,FA,Commercial,OPP2039,ACC026,Vehement Capital,ES1 Opportunity,N,199,$
Bookings,167478.7,2QFY26,20262,Aug FY26,202608,FY26,Americas,FA,Enterprise,OPP2040,ACC008,Wonka Holdings,ES2 Opportunity,N,91,$
Renewal Bookings,62872.05,2QFY26,20262,Aug FY26,202608,FY26,Americas,FA,Enterprise,OPP2041,ACC022,Los Pollos Hermanos,Renewal,N,,$
Renewal Bookings,468758.5,2QFY26,20262,Aug FY26,202608,FY26,Americas,FA,Enterprise,OPP2042,ACC011,Aperture Labs,Renewal,N,,$
Renewal Bookings,89876.51,2QFY26,20262,Aug FY26,202608,FY26,APJ,FA,Commercial,OPP2043,ACC014,Pied Piper,Renewal,N,,$
Renewal Bookings,88885.0,2QFY26,20262,Aug FY26,202608,FY26,EMEA,FA,Enterprise,OPP2044,ACC021,Strickland Propane,Renewal,N,,$
Renewal Bookings,117626.04,2QFY26,20262,Aug FY26,202608,FY26,EMEA,FA,Commercial,OPP2045,ACC009,Tyrell Systems,Renewal,N,,$
Renewal Bookings,270126.65,2QFY26,20262,Aug FY26,202608,FY26,Americas,Others,Enterprise,OPP2046,ACC025,Pendant Publishing,Renewal,N,,$
Renewal Bookings,49725.11,2QFY26,20262,Aug FY26,202608,FY26,APJ,FA,Corporate,OPP2047,ACC020,Bluth Co,Renewal,N,,$
Renewal Bookings,89776.07,2QFY26,20262,Aug FY26,202608,FY26,EMEA,FB,Corporate,OPP2048,ACC023,Wernham Hogg,Renewal,N,,$
Renewal Bookings,94138.55,2QFY26,20262,Aug FY26,202608,FY26,APJ,FA,Corporate,OPP2049,ACC016,Dunder Mifflin,Renewal,N,,$
Open Pipeline,202226.2,2QFY26,20262,Aug FY26,202608,FY26,APJ,FA,Commercial,OPP2050,ACC017,Nakatomi Trading,ES1 Opportunity,N,,$
Open Pipeline,126006.37,2QFY26,20262,Aug FY26,202608,FY26,Americas,FA,Commercial,OPP2051,ACC020,Bluth Co,ES1 Opportunity,N,,$
Open Pipeline,415411.18,2QFY26,20262,Aug FY26,202608,FY26,EMEA,FA,Enterprise,OPP2052,ACC020,Bluth Co,ES1 Opportunity,N,,$
Open Pipeline,1879349.53,2QFY26,20262,Aug FY26,202608,FY26,EMEA,FA,Enterprise,OPP2053,ACC002,Globex Corp,ES1 Opportunity,N,,$
Open Pipeline,2055472.63,2QFY26,20262,Aug FY26,202608,FY26,APJ,FB,Commercial,OPP2054,ACC024,Sterling Cooper,ES2 Opportunity,N,,$
Open Pipeline,284293.49,2QFY26,20262,Aug FY26,202608,FY26,APJ,FA,Corporate,OPP2055,ACC026,Vehement Capital,ES1 Opportunity,N,,$
Open Pipeline,1310076.11,2QFY26,20262,Aug FY26,202608,FY26,APJ,Others,Commercial,OPP2056,ACC021,Strickland Propane,ES2 Opportunity,N,,$
Open Pipeline,167081.53,2QFY26,20262,Aug FY26,202608,FY26,APJ,Others,Corporate,OPP2057,ACC006,Wayne Enterprises,ES2 Opportunity,N,,$
Open Pipeline,1067992.25,2QFY26,20262,Aug FY26,202608,FY26,Americas,FA,Enterprise,OPP2058,ACC010,Cyberdyne,ES1 Opportunity,N,,$
Open Pipeline,203168.7,2QFY26,20262,Aug FY26,202608,FY26,EMEA,FA,Enterprise,OPP2059,ACC015,Hooli,ES2 Opportunity,N,,$
Open Pipeline,1380746.73,2QFY26,20262,Aug FY26,202608,FY26,EMEA,FA,Enterprise,OPP2060,ACC017,Nakatomi Trading,ES2 Opportunity,N,,$
Open Pipeline,580125.08,2QFY26,20262,Aug FY26,202608,FY26,Americas,FB,Commercial,OPP2061,ACC013,Vandelay Imports,ES2 Opportunity,N,,$
Open Pipeline,363633.57,2QFY26,20262,Aug FY26,202608,FY26,EMEA,FB,Enterprise,OPP2062,ACC009,Tyrell Systems,ES1 Opportunity,N,,$
Open Pipeline,309993.58,2QFY26,20262,Aug FY26,202608,FY26,EMEA,FA,Commercial,OPP2063,ACC005,Stark Industries,ES2 Opportunity,N,,$
Open Pipeline,658725.84,2QFY26,20262,Aug FY26,202608,FY26,Americas,FA,Corporate,OPP2064,ACC012,Massive Dynamic,ES1 Opportunity,N,,$
Open Pipeline,341963.34,2QFY26,20262,Aug FY26,202608,FY26,EMEA,Others,Enterprise,OPP2065,ACC021,Strickland Propane,ES2 Opportunity,N,,$
Open Pipeline,807981.79,2QFY26,20262,Aug FY26,202608,FY26,APJ,FA,Commercial,OPP2066,ACC021,Strickland Propane,ES1 Opportunity,N,,$
Open Pipeline,296031.28,2QFY26,20262,Aug FY26,202608,FY26,Americas,FA,Enterprise,OPP2067,ACC021,Strickland Propane,ES1 Opportunity,N,,$
Open Pipeline,581467.03,2QFY26,20262,Aug FY26,202608,FY26,APJ,FA,Commercial,OPP2068,ACC020,Bluth Co,ES2 Opportunity,N,,$
Open Pipeline,620388.0,2QFY26,20262,Aug FY26,202608,FY26,Americas,FA,Commercial,OPP2069,ACC030,Planet Express,ES1 Opportunity,N,,$
Open Pipeline,212087.86,2QFY26,20262,Aug FY26,202608,FY26,Americas,FA,Enterprise,OPP2070,ACC027,Spacely Sprockets,ES2 Opportunity,N,,$
Open Pipeline,277245.7,2QFY26,20262,Aug FY26,202608,FY26,APJ,Others,Commercial,OPP2071,ACC010,Cyberdyne,ES2 Opportunity,N,,$
Open Pipeline,2107487.05,2QFY26,20262,Aug FY26,202608,FY26,APJ,Others,Enterprise,OPP2072,ACC026,Vehement Capital,ES1 Opportunity,N,,$
Open Pipeline,305093.72,2QFY26,20262,Aug FY26,202608,FY26,APJ,FA,Commercial,OPP2073,ACC001,Acme Industries,ES1 Opportunity,N,,$
Open Pipeline,846385.3,2QFY26,20262,Aug FY26,202608,FY26,APJ,FA,Enterprise,OPP2074,ACC006,Wayne Enterprises,ES2 Opportunity,N,,$
Open Pipeline,644508.14,2QFY26,20262,Aug FY26,202608,FY26,Americas,FA,Enterprise,OPP2075,ACC007,Soylent Co,ES1 Opportunity,N,,$
Open Pipeline,43467.43,2QFY26,20262,Aug FY26,202608,FY26,EMEA,Others,Corporate,OPP2076,ACC030,Planet Express,ES2 Opportunity,N,,$
Open Pipeline,2107983.66,2QFY26,20262,Aug FY26,202608,FY26,Americas,FA,Enterprise,OPP2077,ACC003,Initech,ES2 Opportunity,N,,$
Open Pipeline,216691.79,2QFY26,20262,Aug FY26,202608,FY26,EMEA,FA,Commercial,OPP2078,ACC009,Tyrell Systems,ES2 Opportunity,N,,$
Open Pipeline,97912.15,2QFY26,20262,Aug FY26,202608,FY26,Americas,FA,Commercial,OPP2079,ACC009,Tyrell Systems,ES1 Opportunity,N,,$
Open Pipeline,1701593.72,2QFY26,20262,Aug FY26,202608,FY26,EMEA,FB,Enterprise,OPP2080,ACC011,Aperture Labs,ES1 Opportunity,N,,$
Open Pipeline,333885.25,2QFY26,20262,Aug FY26,202608,FY26,EMEA,Others,Corporate,OPP2081,ACC028,Cogswell Cogs,ES2 Opportunity,N,,$
Open Pipeline,1436695.62,2QFY26,20262,Aug FY26,202608,FY26,Americas,FA,Enterprise,OPP2082,ACC023,Wernham Hogg,ES1 Opportunity,N,,$
Open Pipeline,739536.21,2QFY26,20262,Aug FY26,202608,FY26,EMEA,FB,Commercial,OPP2083,ACC014,Pied Piper,ES2 Opportunity,N,,$
Open Pipeline,181099.43,2QFY26,20262,Aug FY26,202608,FY26,Americas,Others,Commercial,OPP2084,ACC008,Wonka Holdings,ES1 Opportunity,N,,$
Open Pipeline,565295.68,2QFY26,20262,Aug FY26,202608,FY26,APJ,FB,Enterprise,OPP2085,ACC030,Planet Express,ES1 Opportunity,N,,$
Open Pipeline,369485.49,2QFY26,20262,Aug FY26,202608,FY26,APJ,Others,Commercial,OPP2086,ACC007,Soylent Co,ES2 Opportunity,N,,$
IQC Pipeline,1566788.96,2QFY26,20262,Aug FY26,202608,FY26,Americas,FA,Commercial,OPP2087,ACC022,Los Pollos Hermanos,ES2 Opportunity,N,,$
IQC Pipeline,161135.86,2QFY26,20262,Aug FY26,202608,FY26,Americas,FA,Commercial,OPP2088,ACC006,Wayne Enterprises,ES2 Opportunity,N,,$
IQC Pipeline,1001123.37,2QFY26,20262,Aug FY26,202608,FY26,Americas,FA,Corporate,OPP2089,ACC030,Planet Express,ES2 Opportunity,N,,$
IQC Pipeline,501702.52,2QFY26,20262,Aug FY26,202608,FY26,EMEA,FB,Corporate,OPP2090,ACC022,Los Pollos Hermanos,ES1 Opportunity,N,,$
IQC Pipeline,72931.37,2QFY26,20262,Aug FY26,202608,FY26,APJ,FA,Commercial,OPP2091,ACC008,Wonka Holdings,ES2 Opportunity,N,,$
IQC Pipeline,453571.17,2QFY26,20262,Aug FY26,202608,FY26,EMEA,Others,Commercial,OPP2092,ACC021,Strickland Propane,ES1 Opportunity,N,,$
IQC Pipeline,487093.22,2QFY26,20262,Aug FY26,202608,FY26,EMEA,FB,Enterprise,OPP2093,ACC003,Initech,ES2 Opportunity,N,,$
IQC Pipeline,101647.92,2QFY26,20262,Aug FY26,202608,FY26,APJ,Others,Commercial,OPP2094,ACC012,Massive Dynamic,ES2 Opportunity,N,,$
IQC Pipeline,110069.88,2QFY26,20262,Aug FY26,202608,FY26,EMEA,FB,Enterprise,OPP2095,ACC018,Oscorp,ES2 Opportunity,N,,$
IQC Pipeline,117029.31,2QFY26,20262,Aug FY26,202608,FY26,EMEA,FA,Enterprise,OPP2096,ACC026,Vehement Capital,ES1 Opportunity,N,,$
IQC Pipeline,41491.55,2QFY26,20262,Aug FY26,202608,FY26,APJ,FA,Enterprise,OPP2097,ACC015,Hooli,ES2 Opportunity,N,,$
IQC Pipeline,50119.49,2QFY26,20262,Aug FY26,202608,FY26,EMEA,FB,Commercial,OPP2098,ACC020,Bluth Co,ES2 Opportunity,N,,$
IQC Pipeline,64257.68,2QFY26,20262,Aug FY26,202608,FY26,APJ,FA,Enterprise,OPP2099,ACC023,Wernham Hogg,ES2 Opportunity,N,,$
IQC Pipeline,550650.31,2QFY26,20262,Aug FY26,202608,FY26,Americas,FA,Commercial,OPP2100,ACC026,Vehement Capital,ES2 Opportunity,N,,$
IQC Pipeline,52926.57,2QFY26,20262,Aug FY26,202608,FY26,Americas,FB,Corporate,OPP2101,ACC024,Sterling Cooper,ES2 Opportunity,N,,$
IQC Pipeline,95350.39,2QFY26,20262,Aug FY26,202608,FY26,EMEA,FA,Corporate,OPP2102,ACC006,Wayne Enterprises,ES1 Opportunity,N,,$
IQC Pipeline,117453.79,2QFY26,20262,Aug FY26,202608,FY26,EMEA,FB,Enterprise,OPP2103,ACC010,Cyberdyne,ES2 Opportunity,N,,$
Atbats,518297.95,2QFY26,20262,Aug FY26,202608,FY26,APJ,FA,Enterprise,OPP2104,ACC019,Gringotts Bank,ES1 Opportunity,N,,$
Atbats,995533.66,2QFY26,20262,Aug FY26,202608,FY26,APJ,FA,Enterprise,OPP2105,ACC010,Cyberdyne,ES1 Opportunity,N,,$
Atbats,807814.29,2QFY26,20262,Aug FY26,202608,FY26,APJ,FA,Commercial,OPP2106,ACC028,Cogswell Cogs,ES2 Opportunity,N,,$
Atbats,510616.33,2QFY26,20262,Aug FY26,202608,FY26,Americas,FA,Corporate,OPP2107,ACC006,Wayne Enterprises,ES1 Opportunity,N,,$
Atbats,642449.27,2QFY26,20262,Aug FY26,202608,FY26,Americas,FB,Enterprise,OPP2108,ACC008,Wonka Holdings,ES2 Opportunity,N,,$
Atbats,264470.97,2QFY26,20262,Aug FY26,202608,FY26,APJ,Others,Commercial,OPP2109,ACC023,Wernham Hogg,ES2 Opportunity,N,,$
Atbats,91772.28,2QFY26,20262,Aug FY26,202608,FY26,APJ,FA,Commercial,OPP2110,ACC001,Acme Industries,ES2 Opportunity,N,,$
Atbats,322519.1,2QFY26,20262,Aug FY26,202608,FY26,APJ,FA,Commercial,OPP2111,ACC016,Dunder Mifflin,ES1 Opportunity,N,,$
Atbats,74260.47,2QFY26,20262,Aug FY26,202608,FY26,APJ,FA,Commercial,OPP2112,ACC014,Pied Piper,ES1 Opportunity,N,,$
Atbats,229653.2,2QFY26,20262,Aug FY26,202608,FY26,EMEA,FA,Corporate,OPP2113,ACC006,Wayne Enterprises,ES1 Opportunity,N,,$
Atbats,198205.45,2QFY26,20262,Aug FY26,202608,FY26,EMEA,FB,Commercial,OPP2114,ACC016,Dunder Mifflin,ES1 Opportunity,N,,$
Atbats,493304.47,2QFY26,20262,Aug FY26,202608,FY26,APJ,FA,Commercial,OPP2115,ACC029,Krusty Krab,ES1 Opportunity,N,,$
Atbats,298864.8,2QFY26,20262,Aug FY26,202608,FY26,Americas,FA,Enterprise,OPP2116,ACC018,Oscorp,ES2 Opportunity,N,,$
Atbats,62936.54,2QFY26,20262,Aug FY26,202608,FY26,Americas,Others,Commercial,OPP2117,ACC018,Oscorp,ES2 Opportunity,N,,$
Atbats,489299.79,2QFY26,20262,Aug FY26,202608,FY26,Americas,Others,Commercial,OPP2118,ACC022,Los Pollos Hermanos,ES1 Opportunity,N,,$
Atbats,365045.74,2QFY26,20262,Aug FY26,202608,FY26,EMEA,FB,Commercial,OPP2119,ACC012,Massive Dynamic,ES1 Opportunity,N,,$
Atbats,494809.02,2QFY26,20262,Aug FY26,202608,FY26,APJ,FA,Corporate,OPP2120,ACC007,Soylent Co,ES2 Opportunity,N,,$
Atbats,193972.03,2QFY26,20262,Aug FY26,202608,FY26,APJ,FA,Enterprise,OPP2121,ACC020,Bluth Co,ES2 Opportunity,N,,$
Atbats,253358.56,2QFY26,20262,Aug FY26,202608,FY26,EMEA,FA,Corporate,OPP2122,ACC003,Initech,ES2 Opportunity,N,,$
Atbats,86494.96,2QFY26,20262,Aug FY26,202608,FY26,EMEA,Others,Commercial,OPP2123,ACC012,Massive Dynamic,ES2 Opportunity,N,,$
Atbats,464971.09,2QFY26,20262,Aug FY26,202608,FY26,APJ,FB,Enterprise,OPP2124,ACC026,Vehement Capital,ES2 Opportunity,N,,$
Atbats,303418.63,2QFY26,20262,Aug FY26,202608,FY26,APJ,FA,Enterprise,OPP2125,ACC022,Los Pollos Hermanos,ES1 Opportunity,N,,$
Atbats,372726.29,2QFY26,20262,Aug FY26,202608,FY26,APJ,FA,Corporate,OPP2126,ACC005,Stark Industries,ES1 Opportunity,N,,$
Atbats,772248.46,2QFY26,20262,Aug FY26,202608,FY26,Americas,FA,Corporate,OPP2127,ACC004,Umbrella Group,ES2 Opportunity,N,,$
Atbats,593115.2,2QFY26,20262,Aug FY26,202608,FY26,APJ,FB,Enterprise,OPP2128,ACC016,Dunder Mifflin,ES1 Opportunity,N,,$
Atbats,117487.35,2QFY26,20262,Aug FY26,202608,FY26,APJ,Others,Commercial,OPP2129,ACC029,Krusty Krab,ES1 Opportunity,N,,$
Atbats,109392.57,2QFY26,20262,Aug FY26,202608,FY26,EMEA,FA,Corporate,OPP2130,ACC026,Vehement Capital,ES1 Opportunity,N,,$
Atbats,389974.49,2QFY26,20262,Aug FY26,202608,FY26,EMEA,FA,Enterprise,OPP2131,ACC017,Nakatomi Trading,ES2 Opportunity,N,,$
Atbats,992474.37,2QFY26,20262,Aug FY26,202608,FY26,Americas,FA,Commercial,OPP2132,ACC024,Sterling Cooper,ES2 Opportunity,N,,$
Atbats,498263.76,2QFY26,20262,Aug FY26,202608,FY26,Americas,FB,Enterprise,OPP2133,ACC015,Hooli,ES2 Opportunity,N,,$
Atbats,342848.14,2QFY26,20262,Aug FY26,202608,FY26,EMEA,FA,Commercial,OPP2134,ACC008,Wonka Holdings,ES1 Opportunity,N,,$
Atbats,32451.33,2QFY26,20262,Aug FY26,202608,FY26,EMEA,FA,Enterprise,OPP2135,ACC003,Initech,ES2 Opportunity,N,,$
Atbats,131163.07,2QFY26,20262,Aug FY26,202608,FY26,Americas,FA,Enterprise,OPP2136,ACC018,Oscorp,ES1 Opportunity,N,,$
Atbats,98496.8,2QFY26,20262,Aug FY26,202608,FY26,APJ,Others,Corporate,OPP2137,ACC013,Vandelay Imports,ES1 Opportunity,N,,$
Atbats,258690.44,2QFY26,20262,Aug FY26,202608,FY26,EMEA,FA,Commercial,OPP2138,ACC027,Spacely Sprockets,ES1 Opportunity,N,,$
Atbats,474264.41,2QFY26,20262,Aug FY26,202608,FY26,EMEA,Others,Commercial,OPP2139,ACC017,Nakatomi Trading,ES1 Opportunity,N,,$
Atbats,789569.29,2QFY26,20262,Aug FY26,202608,FY26,EMEA,FB,Commercial,OPP2140,ACC014,Pied Piper,ES1 Opportunity,N,,$
Atbats,337888.66,2QFY26,20262,Aug FY26,202608,FY26,Americas,FA,Commercial,OPP2141,ACC028,Cogswell Cogs,ES1 Opportunity,N,,$
Atbats,572558.01,2QFY26,20262,Aug FY26,202608,FY26,EMEA,FA,Enterprise,OPP2142,ACC021,Strickland Propane,ES2 Opportunity,N,,$
Atbats,396599.29,2QFY26,20262,Aug FY26,202608,FY26,EMEA,Others,Corporate,OPP2143,ACC029,Krusty Krab,ES1 Opportunity,N,,$
Atbats,77301.02,2QFY26,20262,Aug FY26,202608,FY26,APJ,FB,Enterprise,OPP2144,ACC015,Hooli,ES2 Opportunity,N,,$
Atbats,216324.96,2QFY26,20262,Aug FY26,202608,FY26,Americas,FA,Commercial,OPP2145,ACC001,Acme Industries,ES2 Opportunity,N,,$
Atbats,88729.54,2QFY26,20262,Aug FY26,202608,FY26,Americas,FA,Corporate,OPP2146,ACC030,Planet Express,ES2 Opportunity,N,,$
Atbats,332430.76,2QFY26,20262,Aug FY26,202608,FY26,APJ,FA,Commercial,OPP2147,ACC012,Massive Dynamic,ES2 Opportunity,N,,$
Atbats,293444.74,2QFY26,20262,Aug FY26,202608,FY26,EMEA,FA,Enterprise,OPP2148,ACC006,Wayne Enterprises,ES1 Opportunity,N,,$
Atbats,510602.49,2QFY26,20262,Aug FY26,202608,FY26,EMEA,FA,Enterprise,OPP2149,ACC029,Krusty Krab,ES1 Opportunity,N,,$
Atbats,328595.46,2QFY26,20262,Aug FY26,202608,FY26,APJ,FB,Enterprise,OPP2150,ACC029,Krusty Krab,ES1 Opportunity,N,,$
Atbats,182205.99,2QFY26,20262,Aug FY26,202608,FY26,APJ,FB,Enterprise,OPP2151,ACC004,Umbrella Group,ES2 Opportunity,N,,$
Atbats,605853.67,2QFY26,20262,Aug FY26,202608,FY26,EMEA,FA,Commercial,OPP2152,ACC022,Los Pollos Hermanos,ES2 Opportunity,N,,$
Atbats,919775.52,2QFY26,20262,Aug FY26,202608,FY26,APJ,FB,Enterprise,OPP2153,ACC016,Dunder Mifflin,ES2 Opportunity,N,,$
Atbats,97330.19,2QFY26,20262,Aug FY26,202608,FY26,APJ,FA,Commercial,OPP2154,ACC025,Pendant Publishing,ES2 Opportunity,N,,$
Atbats,139105.99,2QFY26,20262,Aug FY26,202608,FY26,APJ,FA,Corporate,OPP2155,ACC023,Wernham Hogg,ES2 Opportunity,N,,$
Atbats,585664.27,2QFY26,20262,Aug FY26,202608,FY26,APJ,FA,Enterprise,OPP2156,ACC019,Gringotts Bank,ES1 Opportunity,N,,$
Atbats,442211.39,2QFY26,20262,Aug FY26,202608,FY26,Americas,FA,Enterprise,OPP2157,ACC030,Planet Express,ES1 Opportunity,N,,$
Atbats,221386.5,2QFY26,20262,Aug FY26,202608,FY26,APJ,FB,Enterprise,OPP2158,ACC016,Dunder Mifflin,ES2 Opportunity,N,,$
Atbats,91702.26,2QFY26,20262,Aug FY26,202608,FY26,Americas,FA,Enterprise,OPP2159,ACC012,Massive Dynamic,ES2 Opportunity,N,,$
Atbats,552267.78,2QFY26,20262,Aug FY26,202608,FY26,Americas,FA,Enterprise,OPP2160,ACC011,Aperture Labs,ES1 Opportunity,N,,$
Atbats,133765.49,2QFY26,20262,Aug FY26,202608,FY26,APJ,FA,Enterprise,OPP2161,ACC012,Massive Dynamic,ES1 Opportunity,N,,$
Atbats,247652.39,2QFY26,20262,Aug FY26,202608,FY26,APJ,FA,Commercial,OPP2162,ACC011,Aperture Labs,ES1 Opportunity,N,,$
Bookings,734871.16,2QFY26,20262,Sep FY26,202609,FY26,APJ,FB,Enterprise,OPP2163,ACC019,Gringotts Bank,ES2 Opportunity,N,57,$
Bookings,68044.03,2QFY26,20262,Sep FY26,202609,FY26,APJ,FB,Enterprise,OPP2164,ACC004,Umbrella Group,ES1 Opportunity,Y,169,$
Bookings,419018.24,2QFY26,20262,Sep FY26,202609,FY26,Americas,FA,Enterprise,OPP2165,ACC014,Pied Piper,ES2 Opportunity,N,94,$
Bookings,1238204.57,2QFY26,20262,Sep FY26,202609,FY26,EMEA,FA,Commercial,OPP2166,ACC003,Initech,Renewal,N,153,$
Bookings,33396.48,2QFY26,20262,Sep FY26,202609,FY26,Americas,FA,Enterprise,OPP2167,ACC010,Cyberdyne,Renewal,N,41,$
Bookings,1019133.63,2QFY26,20262,Sep FY26,202609,FY26,APJ,Others,Enterprise,OPP2168,ACC013,Vandelay Imports,ES1 Opportunity,N,129,$
Bookings,193444.99,2QFY26,20262,Sep FY26,202609,FY26,Americas,FB,Commercial,OPP2169,ACC030,Planet Express,ES2 Opportunity,N,146,$
Bookings,270829.1,2QFY26,20262,Sep FY26,202609,FY26,Americas,FA,Enterprise,OPP2170,ACC008,Wonka Holdings,ES2 Opportunity,Y,90,$
Bookings,131274.25,2QFY26,20262,Sep FY26,202609,FY26,EMEA,Others,Enterprise,OPP2171,ACC021,Strickland Propane,ES1 Opportunity,N,83,$
Bookings,299284.92,2QFY26,20262,Sep FY26,202609,FY26,APJ,Others,Enterprise,OPP2172,ACC029,Krusty Krab,Renewal,N,170,$
Bookings,228689.23,2QFY26,20262,Sep FY26,202609,FY26,EMEA,FA,Enterprise,OPP2173,ACC027,Spacely Sprockets,ES1 Opportunity,N,217,$
Bookings,2719727.45,2QFY26,20262,Sep FY26,202609,FY26,APJ,FA,Commercial,OPP2174,ACC021,Strickland Propane,ES2 Opportunity,N,190,$
Bookings,645718.49,2QFY26,20262,Sep FY26,202609,FY26,Americas,FA,Enterprise,OPP2175,ACC028,Cogswell Cogs,ES1 Opportunity,N,69,$
Bookings,203319.39,2QFY26,20262,Sep FY26,202609,FY26,Americas,Others,Enterprise,OPP2176,ACC006,Wayne Enterprises,ES2 Opportunity,N,75,$
Bookings,110893.02,2QFY26,20262,Sep FY26,202609,FY26,APJ,FA,Enterprise,OPP2177,ACC027,Spacely Sprockets,Renewal,N,130,$
Bookings,374918.91,2QFY26,20262,Sep FY26,202609,FY26,EMEA,FA,Corporate,OPP2178,ACC004,Umbrella Group,Renewal,N,215,$
Bookings,439888.42,2QFY26,20262,Sep FY26,202609,FY26,APJ,FA,Enterprise,OPP2179,ACC001,Acme Industries,ES2 Opportunity,N,194,$
Bookings,781842.5,2QFY26,20262,Sep FY26,202609,FY26,APJ,FA,Corporate,OPP2180,ACC004,Umbrella Group,Renewal,N,168,$
Bookings,680500.66,2QFY26,20262,Sep FY26,202609,FY26,Americas,FA,Commercial,OPP2181,ACC027,Spacely Sprockets,Renewal,N,71,$
Bookings,130004.91,2QFY26,20262,Sep FY26,202609,FY26,APJ,FB,Commercial,OPP2182,ACC027,Spacely Sprockets,ES2 Opportunity,Y,169,$
Bookings,169124.06,2QFY26,20262,Sep FY26,202609,FY26,Americas,FA,Enterprise,OPP2183,ACC013,Vandelay Imports,ES2 Opportunity,N,197,$
Bookings,1058158.41,2QFY26,20262,Sep FY26,202609,FY26,Americas,FA,Corporate,OPP2184,ACC010,Cyberdyne,ES2 Opportunity,N,187,$
Bookings,237068.36,2QFY26,20262,Sep FY26,202609,FY26,Americas,Others,Commercial,OPP2185,ACC017,Nakatomi Trading,ES2 Opportunity,N,76,$
Bookings,505784.06,2QFY26,20262,Sep FY26,202609,FY26,EMEA,FB,Enterprise,OPP2186,ACC009,Tyrell Systems,Renewal,N,157,$
Bookings,1754246.8,2QFY26,20262,Sep FY26,202609,FY26,Americas,Others,Corporate,OPP2187,ACC005,Stark Industries,ES1 Opportunity,N,129,$
Bookings,241830.46,2QFY26,20262,Sep FY26,202609,FY26,Americas,FA,Enterprise,OPP2188,ACC005,Stark Industries,ES1 Opportunity,Y,62,$
Bookings,103656.14,2QFY26,20262,Sep FY26,202609,FY26,EMEA,FA,Corporate,OPP2189,ACC021,Strickland Propane,ES1 Opportunity,N,197,$
Bookings,1154054.58,2QFY26,20262,Sep FY26,202609,FY26,APJ,FA,Commercial,OPP2190,ACC013,Vandelay Imports,ES1 Opportunity,Y,213,$
Bookings,242849.02,2QFY26,20262,Sep FY26,202609,FY26,APJ,FA,Enterprise,OPP2191,ACC007,Soylent Co,ES2 Opportunity,N,34,$
Bookings,146959.02,2QFY26,20262,Sep FY26,202609,FY26,Americas,FA,Enterprise,OPP2192,ACC028,Cogswell Cogs,ES1 Opportunity,N,65,$
Bookings,237839.78,2QFY26,20262,Sep FY26,202609,FY26,EMEA,FA,Corporate,OPP2193,ACC005,Stark Industries,ES2 Opportunity,Y,208,$
Bookings,409906.36,2QFY26,20262,Sep FY26,202609,FY26,EMEA,FA,Commercial,OPP2194,ACC003,Initech,ES1 Opportunity,N,182,$
Bookings,174721.29,2QFY26,20262,Sep FY26,202609,FY26,APJ,FB,Enterprise,OPP2195,ACC016,Dunder Mifflin,ES1 Opportunity,N,165,$
Renewal Bookings,692140.22,2QFY26,20262,Sep FY26,202609,FY26,APJ,FA,Commercial,OPP2196,ACC023,Wernham Hogg,Renewal,N,,$
Renewal Bookings,227381.91,2QFY26,20262,Sep FY26,202609,FY26,Americas,FA,Corporate,OPP2197,ACC022,Los Pollos Hermanos,Renewal,N,,$
Renewal Bookings,665295.22,2QFY26,20262,Sep FY26,202609,FY26,APJ,FB,Corporate,OPP2198,ACC017,Nakatomi Trading,Renewal,N,,$
Renewal Bookings,127030.2,2QFY26,20262,Sep FY26,202609,FY26,Americas,FA,Enterprise,OPP2199,ACC013,Vandelay Imports,Renewal,N,,$
Renewal Bookings,58219.67,2QFY26,20262,Sep FY26,202609,FY26,Americas,FA,Corporate,OPP2200,ACC018,Oscorp,Renewal,N,,$
Renewal Bookings,223146.35,2QFY26,20262,Sep FY26,202609,FY26,APJ,FA,Enterprise,OPP2201,ACC021,Strickland Propane,Renewal,N,,$
Renewal Bookings,147746.69,2QFY26,20262,Sep FY26,202609,FY26,Americas,FB,Commercial,OPP2202,ACC007,Soylent Co,Renewal,N,,$
Renewal Bookings,125883.65,2QFY26,20262,Sep FY26,202609,FY26,EMEA,FB,Corporate,OPP2203,ACC001,Acme Industries,Renewal,N,,$
Renewal Bookings,115777.14,2QFY26,20262,Sep FY26,202609,FY26,Americas,FA,Commercial,OPP2204,ACC025,Pendant Publishing,Renewal,N,,$
Renewal Bookings,407792.77,2QFY26,20262,Sep FY26,202609,FY26,Americas,FB,Enterprise,OPP2205,ACC009,Tyrell Systems,Renewal,N,,$
Renewal Bookings,42165.7,2QFY26,20262,Sep FY26,202609,FY26,Americas,FB,Commercial,OPP2206,ACC002,Globex Corp,Renewal,N,,$
Renewal Bookings,187259.12,2QFY26,20262,Sep FY26,202609,FY26,EMEA,FB,Corporate,OPP2207,ACC023,Wernham Hogg,Renewal,N,,$
Renewal Bookings,280158.26,2QFY26,20262,Sep FY26,202609,FY26,APJ,FB,Commercial,OPP2208,ACC025,Pendant Publishing,Renewal,N,,$
Open Pipeline,308161.44,2QFY26,20262,Sep FY26,202609,FY26,Americas,FA,Enterprise,OPP2209,ACC029,Krusty Krab,ES2 Opportunity,N,,$
Open Pipeline,231574.05,2QFY26,20262,Sep FY26,202609,FY26,APJ,FB,Commercial,OPP2210,ACC017,Nakatomi Trading,ES2 Opportunity,N,,$
Open Pipeline,461780.8,2QFY26,20262,Sep FY26,202609,FY26,APJ,FA,Commercial,OPP2211,ACC005,Stark Industries,ES2 Opportunity,N,,$
Open Pipeline,270503.85,2QFY26,20262,Sep FY26,202609,FY26,EMEA,FA,Commercial,OPP2212,ACC008,Wonka Holdings,ES1 Opportunity,N,,$
Open Pipeline,115572.39,2QFY26,20262,Sep FY26,202609,FY26,Americas,Others,Commercial,OPP2213,ACC004,Umbrella Group,ES1 Opportunity,N,,$
Open Pipeline,766422.99,2QFY26,20262,Sep FY26,202609,FY26,EMEA,FA,Corporate,OPP2214,ACC003,Initech,ES1 Opportunity,N,,$
Open Pipeline,415126.76,2QFY26,20262,Sep FY26,202609,FY26,Americas,Others,Enterprise,OPP2215,ACC012,Massive Dynamic,ES2 Opportunity,N,,$
Open Pipeline,317726.87,2QFY26,20262,Sep FY26,202609,FY26,APJ,FB,Enterprise,OPP2216,ACC009,Tyrell Systems,ES2 Opportunity,N,,$
Open Pipeline,935513.52,2QFY26,20262,Sep FY26,202609,FY26,Americas,Others,Corporate,OPP2217,ACC012,Massive Dynamic,ES2 Opportunity,N,,$
Open Pipeline,1164541.5,2QFY26,20262,Sep FY26,202609,FY26,APJ,Others,Enterprise,OPP2218,ACC028,Cogswell Cogs,ES2 Opportunity,N,,$
Open Pipeline,568795.69,2QFY26,20262,Sep FY26,202609,FY26,Americas,FB,Commercial,OPP2219,ACC029,Krusty Krab,ES2 Opportunity,N,,$
Open Pipeline,2191448.61,2QFY26,20262,Sep FY26,202609,FY26,APJ,FA,Corporate,OPP2220,ACC006,Wayne Enterprises,ES2 Opportunity,N,,$
Open Pipeline,948733.84,2QFY26,20262,Sep FY26,202609,FY26,Americas,FA,Commercial,OPP2221,ACC015,Hooli,ES2 Opportunity,N,,$
Open Pipeline,370822.25,2QFY26,20262,Sep FY26,202609,FY26,EMEA,FA,Enterprise,OPP2222,ACC030,Planet Express,ES2 Opportunity,N,,$
Open Pipeline,304946.97,2QFY26,20262,Sep FY26,202609,FY26,EMEA,FA,Enterprise,OPP2223,ACC016,Dunder Mifflin,ES1 Opportunity,N,,$
Open Pipeline,61960.99,2QFY26,20262,Sep FY26,202609,FY26,Americas,FA,Enterprise,OPP2224,ACC016,Dunder Mifflin,ES2 Opportunity,N,,$
Open Pipeline,192255.35,2QFY26,20262,Sep FY26,202609,FY26,APJ,FA,Commercial,OPP2225,ACC030,Planet Express,ES2 Opportunity,N,,$
Open Pipeline,898579.27,2QFY26,20262,Sep FY26,202609,FY26,EMEA,FB,Enterprise,OPP2226,ACC013,Vandelay Imports,ES2 Opportunity,N,,$
Open Pipeline,360823.19,2QFY26,20262,Sep FY26,202609,FY26,Americas,FB,Enterprise,OPP2227,ACC003,Initech,ES1 Opportunity,N,,$
Open Pipeline,1363292.29,2QFY26,20262,Sep FY26,202609,FY26,EMEA,FA,Enterprise,OPP2228,ACC016,Dunder Mifflin,ES2 Opportunity,N,,$
Open Pipeline,552150.54,2QFY26,20262,Sep FY26,202609,FY26,APJ,FA,Corporate,OPP2229,ACC027,Spacely Sprockets,ES1 Opportunity,N,,$
Open Pipeline,499043.1,2QFY26,20262,Sep FY26,202609,FY26,APJ,FB,Enterprise,OPP2230,ACC027,Spacely Sprockets,ES1 Opportunity,N,,$
Open Pipeline,754583.2,2QFY26,20262,Sep FY26,202609,FY26,Americas,Others,Corporate,OPP2231,ACC011,Aperture Labs,ES2 Opportunity,N,,$
Open Pipeline,297956.7,2QFY26,20262,Sep FY26,202609,FY26,Americas,Others,Corporate,OPP2232,ACC021,Strickland Propane,ES1 Opportunity,N,,$
Open Pipeline,24188.32,2QFY26,20262,Sep FY26,202609,FY26,Americas,FA,Commercial,OPP2233,ACC023,Wernham Hogg,ES2 Opportunity,N,,$
Open Pipeline,457976.08,2QFY26,20262,Sep FY26,202609,FY26,EMEA,FA,Enterprise,OPP2234,ACC022,Los Pollos Hermanos,ES2 Opportunity,N,,$
Open Pipeline,476155.09,2QFY26,20262,Sep FY26,202609,FY26,EMEA,FA,Corporate,OPP2235,ACC028,Cogswell Cogs,ES1 Opportunity,N,,$
Open Pipeline,115206.0,2QFY26,20262,Sep FY26,202609,FY26,EMEA,FA,Enterprise,OPP2236,ACC014,Pied Piper,ES1 Opportunity,N,,$
Open Pipeline,493344.41,2QFY26,20262,Sep FY26,202609,FY26,Americas,Others,Commercial,OPP2237,ACC018,Oscorp,ES2 Opportunity,N,,$
Open Pipeline,594687.08,2QFY26,20262,Sep FY26,202609,FY26,EMEA,FA,Commercial,OPP2238,ACC021,Strickland Propane,ES1 Opportunity,N,,$
Open Pipeline,156413.13,2QFY26,20262,Sep FY26,202609,FY26,Americas,Others,Corporate,OPP2239,ACC021,Strickland Propane,ES2 Opportunity,N,,$
Open Pipeline,664214.31,2QFY26,20262,Sep FY26,202609,FY26,APJ,FA,Commercial,OPP2240,ACC010,Cyberdyne,ES2 Opportunity,N,,$
Open Pipeline,895665.4,2QFY26,20262,Sep FY26,202609,FY26,EMEA,FB,Enterprise,OPP2241,ACC004,Umbrella Group,ES1 Opportunity,N,,$
Open Pipeline,120234.89,2QFY26,20262,Sep FY26,202609,FY26,EMEA,FA,Corporate,OPP2242,ACC024,Sterling Cooper,ES1 Opportunity,N,,$
Open Pipeline,21581.93,2QFY26,20262,Sep FY26,202609,FY26,Americas,FA,Enterprise,OPP2243,ACC010,Cyberdyne,ES1 Opportunity,N,,$
Open Pipeline,343471.45,2QFY26,20262,Sep FY26,202609,FY26,EMEA,FA,Enterprise,OPP2244,ACC027,Spacely Sprockets,ES1 Opportunity,N,,$
Open Pipeline,539086.21,2QFY26,20262,Sep FY26,202609,FY26,APJ,Others,Enterprise,OPP2245,ACC007,Soylent Co,ES1 Opportunity,N,,$
Open Pipeline,578697.46,2QFY26,20262,Sep FY26,202609,FY26,Americas,FB,Commercial,OPP2246,ACC021,Strickland Propane,ES2 Opportunity,N,,$
Open Pipeline,208624.74,2QFY26,20262,Sep FY26,202609,FY26,EMEA,Others,Commercial,OPP2247,ACC004,Umbrella Group,ES2 Opportunity,N,,$
IQC Pipeline,284809.89,2QFY26,20262,Sep FY26,202609,FY26,EMEA,FB,Commercial,OPP2248,ACC018,Oscorp,ES2 Opportunity,N,,$
IQC Pipeline,117778.01,2QFY26,20262,Sep FY26,202609,FY26,Americas,FA,Enterprise,OPP2249,ACC019,Gringotts Bank,ES1 Opportunity,N,,$
IQC Pipeline,58760.66,2QFY26,20262,Sep FY26,202609,FY26,APJ,Others,Enterprise,OPP2250,ACC024,Sterling Cooper,ES2 Opportunity,N,,$
IQC Pipeline,787739.78,2QFY26,20262,Sep FY26,202609,FY26,Americas,FA,Corporate,OPP2251,ACC018,Oscorp,ES2 Opportunity,N,,$
IQC Pipeline,2359154.58,2QFY26,20262,Sep FY26,202609,FY26,EMEA,FB,Commercial,OPP2252,ACC030,Planet Express,ES2 Opportunity,N,,$
IQC Pipeline,131331.9,2QFY26,20262,Sep FY26,202609,FY26,EMEA,Others,Enterprise,OPP2253,ACC012,Massive Dynamic,ES2 Opportunity,N,,$
IQC Pipeline,682630.88,2QFY26,20262,Sep FY26,202609,FY26,Americas,FA,Enterprise,OPP2254,ACC021,Strickland Propane,ES2 Opportunity,N,,$
IQC Pipeline,204431.97,2QFY26,20262,Sep FY26,202609,FY26,EMEA,FB,Enterprise,OPP2255,ACC006,Wayne Enterprises,ES2 Opportunity,N,,$
IQC Pipeline,586836.07,2QFY26,20262,Sep FY26,202609,FY26,Americas,FA,Enterprise,OPP2256,ACC020,Bluth Co,ES2 Opportunity,N,,$
IQC Pipeline,293551.77,2QFY26,20262,Sep FY26,202609,FY26,Americas,FA,Enterprise,OPP2257,ACC017,Nakatomi Trading,ES2 Opportunity,N,,$
IQC Pipeline,494356.94,2QFY26,20262,Sep FY26,202609,FY26,EMEA,FA,Enterprise,OPP2258,ACC008,Wonka Holdings,ES2 Opportunity,N,,$
IQC Pipeline,115587.32,2QFY26,20262,Sep FY26,202609,FY26,Americas,Others,Enterprise,OPP2259,ACC010,Cyberdyne,ES1 Opportunity,N,,$
IQC Pipeline,207676.45,2QFY26,20262,Sep FY26,202609,FY26,EMEA,FA,Enterprise,OPP2260,ACC006,Wayne Enterprises,ES2 Opportunity,N,,$
IQC Pipeline,334313.93,2QFY26,20262,Sep FY26,202609,FY26,Americas,Others,Commercial,OPP2261,ACC014,Pied Piper,ES1 Opportunity,N,,$
IQC Pipeline,350340.53,2QFY26,20262,Sep FY26,202609,FY26,EMEA,FB,Commercial,OPP2262,ACC019,Gringotts Bank,ES2 Opportunity,N,,$
IQC Pipeline,23588.49,2QFY26,20262,Sep FY26,202609,FY26,Americas,FA,Corporate,OPP2263,ACC009,Tyrell Systems,ES1 Opportunity,N,,$
IQC Pipeline,344789.89,2QFY26,20262,Sep FY26,202609,FY26,APJ,Others,Commercial,OPP2264,ACC004,Umbrella Group,ES2 Opportunity,N,,$
Atbats,863613.69,2QFY26,20262,Sep FY26,202609,FY26,Americas,FA,Enterprise,OPP2265,ACC012,Massive Dynamic,ES1 Opportunity,N,,$
Atbats,140294.86,2QFY26,20262,Sep FY26,202609,FY26,Americas,FA,Enterprise,OPP2266,ACC015,Hooli,ES2 Opportunity,N,,$
Atbats,404483.99,2QFY26,20262,Sep FY26,202609,FY26,Americas,FB,Enterprise,OPP2267,ACC017,Nakatomi Trading,ES1 Opportunity,N,,$
Atbats,113070.53,2QFY26,20262,Sep FY26,202609,FY26,APJ,FB,Corporate,OPP2268,ACC003,Initech,ES1 Opportunity,N,,$
Atbats,488160.08,2QFY26,20262,Sep FY26,202609,FY26,APJ,FB,Enterprise,OPP2269,ACC007,Soylent Co,ES2 Opportunity,N,,$
Atbats,74097.69,2QFY26,20262,Sep FY26,202609,FY26,Americas,Others,Enterprise,OPP2270,ACC006,Wayne Enterprises,ES2 Opportunity,N,,$
Atbats,521980.41,2QFY26,20262,Sep FY26,202609,FY26,Americas,FB,Enterprise,OPP2271,ACC028,Cogswell Cogs,ES1 Opportunity,N,,$
Atbats,388611.32,2QFY26,20262,Sep FY26,202609,FY26,EMEA,FA,Corporate,OPP2272,ACC029,Krusty Krab,ES2 Opportunity,N,,$
Atbats,385106.69,2QFY26,20262,Sep FY26,202609,FY26,EMEA,FB,Enterprise,OPP2273,ACC026,Vehement Capital,ES2 Opportunity,N,,$
Atbats,276881.23,2QFY26,20262,Sep FY26,202609,FY26,EMEA,FB,Enterprise,OPP2274,ACC011,Aperture Labs,ES1 Opportunity,N,,$
Atbats,337268.2,2QFY26,20262,Sep FY26,202609,FY26,EMEA,FB,Commercial,OPP2275,ACC030,Planet Express,ES1 Opportunity,N,,$
Atbats,120863.25,2QFY26,20262,Sep FY26,202609,FY26,APJ,FA,Enterprise,OPP2276,ACC005,Stark Industries,ES1 Opportunity,N,,$
Atbats,125414.36,2QFY26,20262,Sep FY26,202609,FY26,APJ,FB,Enterprise,OPP2277,ACC024,Sterling Cooper,ES2 Opportunity,N,,$
Atbats,1017887.7,2QFY26,20262,Sep FY26,202609,FY26,APJ,Others,Corporate,OPP2278,ACC009,Tyrell Systems,ES1 Opportunity,N,,$
Atbats,111881.84,2QFY26,20262,Sep FY26,202609,FY26,EMEA,FA,Commercial,OPP2279,ACC009,Tyrell Systems,ES1 Opportunity,N,,$
Atbats,401287.21,2QFY26,20262,Sep FY26,202609,FY26,EMEA,Others,Commercial,OPP2280,ACC029,Krusty Krab,ES1 Opportunity,N,,$
Atbats,260637.98,2QFY26,20262,Sep FY26,202609,FY26,Americas,FA,Enterprise,OPP2281,ACC016,Dunder Mifflin,ES2 Opportunity,N,,$
Atbats,1138133.76,2QFY26,20262,Sep FY26,202609,FY26,APJ,FA,Enterprise,OPP2282,ACC023,Wernham Hogg,ES1 Opportunity,N,,$
Atbats,67411.98,2QFY26,20262,Sep FY26,202609,FY26,Americas,FB,Commercial,OPP2283,ACC003,Initech,ES2 Opportunity,N,,$
Atbats,80629.3,2QFY26,20262,Sep FY26,202609,FY26,Americas,FA,Enterprise,OPP2284,ACC007,Soylent Co,ES1 Opportunity,N,,$
Atbats,330257.31,2QFY26,20262,Sep FY26,202609,FY26,APJ,FB,Commercial,OPP2285,ACC010,Cyberdyne,ES2 Opportunity,N,,$
Atbats,962673.1,2QFY26,20262,Sep FY26,202609,FY26,APJ,FA,Enterprise,OPP2286,ACC013,Vandelay Imports,ES1 Opportunity,N,,$
Atbats,378799.62,2QFY26,20262,Sep FY26,202609,FY26,Americas,FA,Enterprise,OPP2287,ACC028,Cogswell Cogs,ES1 Opportunity,N,,$
Atbats,395274.28,2QFY26,20262,Sep FY26,202609,FY26,EMEA,Others,Commercial,OPP2288,ACC029,Krusty Krab,ES2 Opportunity,N,,$
Atbats,311189.54,2QFY26,20262,Sep FY26,202609,FY26,EMEA,FB,Commercial,OPP2289,ACC030,Planet Express,ES2 Opportunity,N,,$
Atbats,389819.49,2QFY26,20262,Sep FY26,202609,FY26,Americas,FA,Commercial,OPP2290,ACC002,Globex Corp,ES1 Opportunity,N,,$
Atbats,290710.87,2QFY26,20262,Sep FY26,202609,FY26,Americas,FB,Commercial,OPP2291,ACC010,Cyberdyne,ES2 Opportunity,N,,$
Atbats,178564.41,2QFY26,20262,Sep FY26,202609,FY26,EMEA,FA,Commercial,OPP2292,ACC022,Los Pollos Hermanos,ES2 Opportunity,N,,$
Atbats,121978.31,2QFY26,20262,Sep FY26,202609,FY26,Americas,FA,Enterprise,OPP2293,ACC009,Tyrell Systems,ES2 Opportunity,N,,$
Atbats,130862.45,2QFY26,20262,Sep FY26,202609,FY26,EMEA,FA,Commercial,OPP2294,ACC013,Vandelay Imports,ES1 Opportunity,N,,$
Atbats,269468.95,2QFY26,20262,Sep FY26,202609,FY26,APJ,FA,Enterprise,OPP2295,ACC012,Massive Dynamic,ES1 Opportunity,N,,$
Atbats,757810.15,2QFY26,20262,Sep FY26,202609,FY26,EMEA,FB,Enterprise,OPP2296,ACC023,Wernham Hogg,ES1 Opportunity,N,,$
Atbats,761247.06,2QFY26,20262,Sep FY26,202609,FY26,APJ,FA,Enterprise,OPP2297,ACC006,Wayne Enterprises,ES2 Opportunity,N,,$
Atbats,201031.69,2QFY26,20262,Sep FY26,202609,FY26,Americas,FB,Enterprise,OPP2298,ACC009,Tyrell Systems,ES2 Opportunity,N,,$
Atbats,750483.18,2QFY26,20262,Sep FY26,202609,FY26,Americas,FB,Corporate,OPP2299,ACC016,Dunder Mifflin,ES1 Opportunity,N,,$
Atbats,1148187.14,2QFY26,20262,Sep FY26,202609,FY26,Americas,FB,Commercial,OPP2300,ACC027,Spacely Sprockets,ES1 Opportunity,N,,$
Atbats,133465.47,2QFY26,20262,Sep FY26,202609,FY26,Americas,FB,Enterprise,OPP2301,ACC011,Aperture Labs,ES1 Opportunity,N,,$
Atbats,251005.19,2QFY26,20262,Sep FY26,202609,FY26,APJ,FA,Commercial,OPP2302,ACC001,Acme Industries,ES2 Opportunity,N,,$
Atbats,762454.92,2QFY26,20262,Sep FY26,202609,FY26,EMEA,Others,Commercial,OPP2303,ACC029,Krusty Krab,ES1 Opportunity,N,,$
Atbats,1070061.28,2QFY26,20262,Sep FY26,202609,FY26,EMEA,FB,Commercial,OPP2304,ACC014,Pied Piper,ES2 Opportunity,N,,$
Atbats,2051371.67,2QFY26,20262,Sep FY26,202609,FY26,Americas,FA,Enterprise,OPP2305,ACC023,Wernham Hogg,ES1 Opportunity,N,,$
Atbats,1211384.27,2QFY26,20262,Sep FY26,202609,FY26,APJ,FA,Corporate,OPP2306,ACC004,Umbrella Group,ES2 Opportunity,N,,$
Atbats,42294.35,2QFY26,20262,Sep FY26,202609,FY26,APJ,FA,Corporate,OPP2307,ACC011,Aperture Labs,ES2 Opportunity,N,,$
Atbats,247442.93,2QFY26,20262,Sep FY26,202609,FY26,EMEA,FA,Enterprise,OPP2308,ACC011,Aperture Labs,ES1 Opportunity,N,,$
Atbats,655672.54,2QFY26,20262,Sep FY26,202609,FY26,EMEA,FB,Commercial,OPP2309,ACC004,Umbrella Group,ES2 Opportunity,N,,$
Atbats,1701617.7,2QFY26,20262,Sep FY26,202609,FY26,APJ,FA,Commercial,OPP2310,ACC010,Cyberdyne,ES1 Opportunity,N,,$
Atbats,642055.82,2QFY26,20262,Sep FY26,202609,FY26,EMEA,FA,Enterprise,OPP2311,ACC015,Hooli,ES2 Opportunity,N,,$
Atbats,113709.06,2QFY26,20262,Sep FY26,202609,FY26,APJ,FA,Commercial,OPP2312,ACC012,Massive Dynamic,ES2 Opportunity,N,,$
Atbats,176929.48,2QFY26,20262,Sep FY26,202609,FY26,EMEA,FB,Commercial,OPP2313,ACC018,Oscorp,ES1 Opportunity,N,,$
Atbats,97286.31,2QFY26,20262,Sep FY26,202609,FY26,Americas,FA,Enterprise,OPP2314,ACC008,Wonka Holdings,ES1 Opportunity,N,,$
Atbats,1488190.52,2QFY26,20262,Sep FY26,202609,FY26,EMEA,FA,Corporate,OPP2315,ACC030,Planet Express,ES1 Opportunity,N,,$
Atbats,208357.56,2QFY26,20262,Sep FY26,202609,FY26,APJ,FA,Corporate,OPP2316,ACC005,Stark Industries,ES1 Opportunity,N,,$
Atbats,505162.48,2QFY26,20262,Sep FY26,202609,FY26,Americas,FA,Enterprise,OPP2317,ACC010,Cyberdyne,ES2 Opportunity,N,,$
Atbats,463916.86,2QFY26,20262,Sep FY26,202609,FY26,APJ,FA,Commercial,OPP2318,ACC004,Umbrella Group,ES1 Opportunity,N,,$
Atbats,112295.88,2QFY26,20262,Sep FY26,202609,FY26,EMEA,FA,Commercial,OPP2319,ACC012,Massive Dynamic,ES2 Opportunity,N,,$
Bookings,58634.96,2QFY26,20262,Oct FY26,202610,FY26,APJ,FA,Commercial,OPP2320,ACC005,Stark Industries,ES2 Opportunity,N,107,$
Bookings,1034486.57,2QFY26,20262,Oct FY26,202610,FY26,APJ,FA,Commercial,OPP2321,ACC025,Pendant Publishing,ES2 Opportunity,N,62,$
Bookings,208881.03,2QFY26,20262,Oct FY26,202610,FY26,APJ,FA,Commercial,OPP2322,ACC019,Gringotts Bank,ES1 Opportunity,N,114,$
Bookings,709139.3,2QFY26,20262,Oct FY26,202610,FY26,APJ,FB,Enterprise,OPP2323,ACC005,Stark Industries,ES2 Opportunity,N,156,$
Bookings,453938.7,2QFY26,20262,Oct FY26,202610,FY26,APJ,Others,Enterprise,OPP2324,ACC023,Wernham Hogg,ES1 Opportunity,N,47,$
Bookings,128209.58,2QFY26,20262,Oct FY26,202610,FY26,EMEA,FA,Corporate,OPP2325,ACC016,Dunder Mifflin,ES2 Opportunity,N,90,$
Bookings,1527100.82,2QFY26,20262,Oct FY26,202610,FY26,APJ,FA,Commercial,OPP2326,ACC005,Stark Industries,ES2 Opportunity,N,77,$
Bookings,126894.64,2QFY26,20262,Oct FY26,202610,FY26,Americas,FA,Enterprise,OPP2327,ACC019,Gringotts Bank,ES1 Opportunity,N,200,$
Bookings,182488.42,2QFY26,20262,Oct FY26,202610,FY26,EMEA,FA,Enterprise,OPP2328,ACC015,Hooli,ES2 Opportunity,N,129,$
Bookings,4298152.2,2QFY26,20262,Oct FY26,202610,FY26,Americas,Others,Enterprise,OPP2329,ACC029,Krusty Krab,ES2 Opportunity,N,100,$
Bookings,257258.34,2QFY26,20262,Oct FY26,202610,FY26,APJ,FA,Commercial,OPP2330,ACC005,Stark Industries,ES2 Opportunity,N,214,$
Bookings,467490.09,2QFY26,20262,Oct FY26,202610,FY26,Americas,FA,Commercial,OPP2331,ACC013,Vandelay Imports,ES2 Opportunity,Y,195,$
Bookings,144657.88,2QFY26,20262,Oct FY26,202610,FY26,Americas,FB,Corporate,OPP2332,ACC017,Nakatomi Trading,ES1 Opportunity,N,208,$
Bookings,137435.85,2QFY26,20262,Oct FY26,202610,FY26,Americas,FA,Commercial,OPP2333,ACC022,Los Pollos Hermanos,ES2 Opportunity,Y,203,$
Bookings,330407.04,2QFY26,20262,Oct FY26,202610,FY26,APJ,FB,Enterprise,OPP2334,ACC024,Sterling Cooper,Renewal,N,128,$
Bookings,523968.16,2QFY26,20262,Oct FY26,202610,FY26,APJ,FA,Enterprise,OPP2335,ACC015,Hooli,ES1 Opportunity,N,185,$
Bookings,320435.55,2QFY26,20262,Oct FY26,202610,FY26,Americas,FB,Enterprise,OPP2336,ACC019,Gringotts Bank,Renewal,N,172,$
Bookings,139180.64,2QFY26,20262,Oct FY26,202610,FY26,EMEA,FA,Commercial,OPP2337,ACC017,Nakatomi Trading,ES1 Opportunity,N,79,$
Bookings,722430.67,2QFY26,20262,Oct FY26,202610,FY26,APJ,FB,Corporate,OPP2338,ACC016,Dunder Mifflin,ES1 Opportunity,N,83,$
Bookings,361917.23,2QFY26,20262,Oct FY26,202610,FY26,APJ,Others,Corporate,OPP2339,ACC015,Hooli,ES1 Opportunity,N,126,$
Bookings,1232501.96,2QFY26,20262,Oct FY26,202610,FY26,APJ,FA,Enterprise,OPP2340,ACC020,Bluth Co,ES2 Opportunity,N,35,$
Bookings,1003785.49,2QFY26,20262,Oct FY26,202610,FY26,Americas,Others,Enterprise,OPP2341,ACC018,Oscorp,ES2 Opportunity,N,162,$
Bookings,1479564.69,2QFY26,20262,Oct FY26,202610,FY26,Americas,FA,Corporate,OPP2342,ACC030,Planet Express,ES1 Opportunity,N,97,$
Bookings,396432.96,2QFY26,20262,Oct FY26,202610,FY26,Americas,FA,Commercial,OPP2343,ACC018,Oscorp,ES2 Opportunity,N,114,$
Bookings,583948.16,2QFY26,20262,Oct FY26,202610,FY26,APJ,Others,Commercial,OPP2344,ACC002,Globex Corp,ES1 Opportunity,N,48,$
Bookings,400680.05,2QFY26,20262,Oct FY26,202610,FY26,Americas,FA,Enterprise,OPP2345,ACC017,Nakatomi Trading,ES2 Opportunity,N,119,$
Bookings,310137.61,2QFY26,20262,Oct FY26,202610,FY26,Americas,FA,Enterprise,OPP2346,ACC026,Vehement Capital,ES1 Opportunity,N,185,$
Bookings,2990266.6,2QFY26,20262,Oct FY26,202610,FY26,APJ,FA,Enterprise,OPP2347,ACC005,Stark Industries,ES2 Opportunity,N,139,$
Bookings,264380.29,2QFY26,20262,Oct FY26,202610,FY26,APJ,Others,Enterprise,OPP2348,ACC014,Pied Piper,ES2 Opportunity,N,90,$
Bookings,75490.13,2QFY26,20262,Oct FY26,202610,FY26,APJ,FB,Corporate,OPP2349,ACC002,Globex Corp,ES1 Opportunity,N,33,$
Bookings,579399.55,2QFY26,20262,Oct FY26,202610,FY26,Americas,FA,Enterprise,OPP2350,ACC012,Massive Dynamic,ES2 Opportunity,N,92,$
Bookings,192227.25,2QFY26,20262,Oct FY26,202610,FY26,Americas,FA,Commercial,OPP2351,ACC024,Sterling Cooper,ES1 Opportunity,N,86,$
Bookings,243716.12,2QFY26,20262,Oct FY26,202610,FY26,APJ,FA,Commercial,OPP2352,ACC009,Tyrell Systems,ES1 Opportunity,N,168,$
Bookings,385367.23,2QFY26,20262,Oct FY26,202610,FY26,APJ,Others,Commercial,OPP2353,ACC030,Planet Express,ES2 Opportunity,N,163,$
Renewal Bookings,95421.34,2QFY26,20262,Oct FY26,202610,FY26,Americas,FA,Corporate,OPP2354,ACC005,Stark Industries,Renewal,N,,$
Renewal Bookings,126591.76,2QFY26,20262,Oct FY26,202610,FY26,Americas,FA,Corporate,OPP2355,ACC009,Tyrell Systems,Renewal,N,,$
Renewal Bookings,107268.24,2QFY26,20262,Oct FY26,202610,FY26,Americas,FA,Corporate,OPP2356,ACC013,Vandelay Imports,Renewal,N,,$
Renewal Bookings,177642.45,2QFY26,20262,Oct FY26,202610,FY26,EMEA,FA,Enterprise,OPP2357,ACC013,Vandelay Imports,Renewal,N,,$
Renewal Bookings,79485.49,2QFY26,20262,Oct FY26,202610,FY26,Americas,FB,Enterprise,OPP2358,ACC025,Pendant Publishing,Renewal,N,,$
Renewal Bookings,147046.65,2QFY26,20262,Oct FY26,202610,FY26,APJ,FB,Enterprise,OPP2359,ACC027,Spacely Sprockets,Renewal,N,,$
Renewal Bookings,333799.55,2QFY26,20262,Oct FY26,202610,FY26,EMEA,FB,Commercial,OPP2360,ACC028,Cogswell Cogs,Renewal,N,,$
Renewal Bookings,123827.09,2QFY26,20262,Oct FY26,202610,FY26,APJ,FB,Corporate,OPP2361,ACC018,Oscorp,Renewal,N,,$
Renewal Bookings,100700.93,2QFY26,20262,Oct FY26,202610,FY26,APJ,FA,Corporate,OPP2362,ACC018,Oscorp,Renewal,N,,$
Open Pipeline,261556.06,2QFY26,20262,Oct FY26,202610,FY26,APJ,FA,Corporate,OPP2363,ACC030,Planet Express,ES2 Opportunity,N,,$
Open Pipeline,127320.67,2QFY26,20262,Oct FY26,202610,FY26,EMEA,FA,Enterprise,OPP2364,ACC011,Aperture Labs,ES1 Opportunity,N,,$
Open Pipeline,472882.88,2QFY26,20262,Oct FY26,202610,FY26,EMEA,FA,Commercial,OPP2365,ACC026,Vehement Capital,ES1 Opportunity,N,,$
Open Pipeline,156872.46,2QFY26,20262,Oct FY26,202610,FY26,EMEA,FB,Enterprise,OPP2366,ACC001,Acme Industries,ES2 Opportunity,N,,$
Open Pipeline,77041.06,2QFY26,20262,Oct FY26,202610,FY26,EMEA,FB,Commercial,OPP2367,ACC019,Gringotts Bank,ES2 Opportunity,N,,$
Open Pipeline,1179057.7,2QFY26,20262,Oct FY26,202610,FY26,APJ,FB,Corporate,OPP2368,ACC009,Tyrell Systems,ES2 Opportunity,N,,$
Open Pipeline,782401.49,2QFY26,20262,Oct FY26,202610,FY26,EMEA,FA,Commercial,OPP2369,ACC020,Bluth Co,ES2 Opportunity,N,,$
Open Pipeline,590358.38,2QFY26,20262,Oct FY26,202610,FY26,APJ,FA,Commercial,OPP2370,ACC019,Gringotts Bank,ES1 Opportunity,N,,$
Open Pipeline,206504.04,2QFY26,20262,Oct FY26,202610,FY26,Americas,FA,Commercial,OPP2371,ACC009,Tyrell Systems,ES2 Opportunity,N,,$
Open Pipeline,1535084.44,2QFY26,20262,Oct FY26,202610,FY26,Americas,FB,Enterprise,OPP2372,ACC015,Hooli,ES2 Opportunity,N,,$
Open Pipeline,127771.93,2QFY26,20262,Oct FY26,202610,FY26,APJ,FA,Commercial,OPP2373,ACC005,Stark Industries,ES1 Opportunity,N,,$
Open Pipeline,1239285.63,2QFY26,20262,Oct FY26,202610,FY26,EMEA,FB,Enterprise,OPP2374,ACC030,Planet Express,ES2 Opportunity,N,,$
Open Pipeline,95908.99,2QFY26,20262,Oct FY26,202610,FY26,Americas,FB,Corporate,OPP2375,ACC025,Pendant Publishing,ES1 Opportunity,N,,$
Open Pipeline,2834575.12,2QFY26,20262,Oct FY26,202610,FY26,APJ,FA,Enterprise,OPP2376,ACC002,Globex Corp,ES1 Opportunity,N,,$
Open Pipeline,571933.28,2QFY26,20262,Oct FY26,202610,FY26,APJ,FA,Enterprise,OPP2377,ACC008,Wonka Holdings,ES1 Opportunity,N,,$
Open Pipeline,965224.28,2QFY26,20262,Oct FY26,202610,FY26,APJ,FB,Corporate,OPP2378,ACC002,Globex Corp,ES1 Opportunity,N,,$
Open Pipeline,714180.66,2QFY26,20262,Oct FY26,202610,FY26,APJ,FA,Enterprise,OPP2379,ACC010,Cyberdyne,ES1 Opportunity,N,,$
Open Pipeline,1190922.15,2QFY26,20262,Oct FY26,202610,FY26,EMEA,FA,Enterprise,OPP2380,ACC023,Wernham Hogg,ES1 Opportunity,N,,$
Open Pipeline,78998.97,2QFY26,20262,Oct FY26,202610,FY26,EMEA,FA,Enterprise,OPP2381,ACC030,Planet Express,ES1 Opportunity,N,,$
Open Pipeline,263499.9,2QFY26,20262,Oct FY26,202610,FY26,Americas,FA,Enterprise,OPP2382,ACC027,Spacely Sprockets,ES1 Opportunity,N,,$
Open Pipeline,1018416.37,2QFY26,20262,Oct FY26,202610,FY26,APJ,FA,Enterprise,OPP2383,ACC003,Initech,ES2 Opportunity,N,,$
Open Pipeline,303349.93,2QFY26,20262,Oct FY26,202610,FY26,Americas,FB,Commercial,OPP2384,ACC029,Krusty Krab,ES1 Opportunity,N,,$
Open Pipeline,152349.45,2QFY26,20262,Oct FY26,202610,FY26,Americas,FA,Enterprise,OPP2385,ACC030,Planet Express,ES1 Opportunity,N,,$
Open Pipeline,393268.45,2QFY26,20262,Oct FY26,202610,FY26,Americas,FB,Enterprise,OPP2386,ACC003,Initech,ES2 Opportunity,N,,$
Open Pipeline,274238.6,2QFY26,20262,Oct FY26,202610,FY26,APJ,FA,Enterprise,OPP2387,ACC027,Spacely Sprockets,ES2 Opportunity,N,,$
Open Pipeline,2219051.15,2QFY26,20262,Oct FY26,202610,FY26,APJ,FA,Commercial,OPP2388,ACC030,Planet Express,ES2 Opportunity,N,,$
Open Pipeline,265205.72,2QFY26,20262,Oct FY26,202610,FY26,EMEA,FB,Commercial,OPP2389,ACC025,Pendant Publishing,ES2 Opportunity,N,,$
Open Pipeline,398067.86,2QFY26,20262,Oct FY26,202610,FY26,Americas,FB,Commercial,OPP2390,ACC017,Nakatomi Trading,ES1 Opportunity,N,,$
Open Pipeline,537380.76,2QFY26,20262,Oct FY26,202610,FY26,APJ,FA,Enterprise,OPP2391,ACC024,Sterling Cooper,ES2 Opportunity,N,,$
Open Pipeline,6424271.3,2QFY26,20262,Oct FY26,202610,FY26,Americas,FA,Commercial,OPP2392,ACC017,Nakatomi Trading,ES2 Opportunity,N,,$
Open Pipeline,2109396.93,2QFY26,20262,Oct FY26,202610,FY26,EMEA,FA,Enterprise,OPP2393,ACC005,Stark Industries,ES1 Opportunity,N,,$
Open Pipeline,353152.57,2QFY26,20262,Oct FY26,202610,FY26,APJ,FA,Enterprise,OPP2394,ACC010,Cyberdyne,ES2 Opportunity,N,,$
Open Pipeline,208625.78,2QFY26,20262,Oct FY26,202610,FY26,Americas,FA,Corporate,OPP2395,ACC025,Pendant Publishing,ES1 Opportunity,N,,$
Open Pipeline,172870.83,2QFY26,20262,Oct FY26,202610,FY26,EMEA,FA,Enterprise,OPP2396,ACC025,Pendant Publishing,ES1 Opportunity,N,,$
Open Pipeline,101236.83,2QFY26,20262,Oct FY26,202610,FY26,Americas,Others,Commercial,OPP2397,ACC001,Acme Industries,ES1 Opportunity,N,,$
Open Pipeline,372273.25,2QFY26,20262,Oct FY26,202610,FY26,EMEA,FA,Corporate,OPP2398,ACC024,Sterling Cooper,ES1 Opportunity,N,,$
Open Pipeline,373786.15,2QFY26,20262,Oct FY26,202610,FY26,EMEA,FA,Enterprise,OPP2399,ACC028,Cogswell Cogs,ES1 Opportunity,N,,$
Open Pipeline,411305.29,2QFY26,20262,Oct FY26,202610,FY26,Americas,Others,Commercial,OPP2400,ACC012,Massive Dynamic,ES2 Opportunity,N,,$
Open Pipeline,3193903.21,2QFY26,20262,Oct FY26,202610,FY26,Americas,FB,Enterprise,OPP2401,ACC009,Tyrell Systems,ES1 Opportunity,N,,$
Open Pipeline,308016.43,2QFY26,20262,Oct FY26,202610,FY26,APJ,FB,Commercial,OPP2402,ACC030,Planet Express,ES2 Opportunity,N,,$
Open Pipeline,868733.47,2QFY26,20262,Oct FY26,202610,FY26,Americas,FB,Commercial,OPP2403,ACC002,Globex Corp,ES1 Opportunity,N,,$
Open Pipeline,145220.51,2QFY26,20262,Oct FY26,202610,FY26,Americas,FB,Enterprise,OPP2404,ACC027,Spacely Sprockets,ES2 Opportunity,N,,$
Open Pipeline,143370.06,2QFY26,20262,Oct FY26,202610,FY26,Americas,FA,Corporate,OPP2405,ACC028,Cogswell Cogs,ES1 Opportunity,N,,$
Open Pipeline,678214.69,2QFY26,20262,Oct FY26,202610,FY26,EMEA,FA,Commercial,OPP2406,ACC006,Wayne Enterprises,ES2 Opportunity,N,,$
Open Pipeline,705674.5,2QFY26,20262,Oct FY26,202610,FY26,Americas,FB,Commercial,OPP2407,ACC006,Wayne Enterprises,ES1 Opportunity,N,,$
Open Pipeline,2892241.1,2QFY26,20262,Oct FY26,202610,FY26,EMEA,FB,Enterprise,OPP2408,ACC016,Dunder Mifflin,ES2 Opportunity,N,,$
Open Pipeline,265778.83,2QFY26,20262,Oct FY26,202610,FY26,EMEA,FA,Enterprise,OPP2409,ACC014,Pied Piper,ES2 Opportunity,N,,$
Open Pipeline,121595.81,2QFY26,20262,Oct FY26,202610,FY26,EMEA,FB,Enterprise,OPP2410,ACC005,Stark Industries,ES2 Opportunity,N,,$
Open Pipeline,1034265.47,2QFY26,20262,Oct FY26,202610,FY26,EMEA,FB,Commercial,OPP2411,ACC009,Tyrell Systems,ES2 Opportunity,N,,$
IQC Pipeline,195468.17,2QFY26,20262,Oct FY26,202610,FY26,EMEA,FA,Enterprise,OPP2412,ACC015,Hooli,ES2 Opportunity,N,,$
IQC Pipeline,234729.44,2QFY26,20262,Oct FY26,202610,FY26,Americas,FA,Commercial,OPP2413,ACC027,Spacely Sprockets,ES2 Opportunity,N,,$
IQC Pipeline,68089.46,2QFY26,20262,Oct FY26,202610,FY26,Americas,FB,Enterprise,OPP2414,ACC021,Strickland Propane,ES2 Opportunity,N,,$
IQC Pipeline,347302.91,2QFY26,20262,Oct FY26,202610,FY26,APJ,FA,Commercial,OPP2415,ACC003,Initech,ES1 Opportunity,N,,$
IQC Pipeline,574554.49,2QFY26,20262,Oct FY26,202610,FY26,EMEA,FB,Commercial,OPP2416,ACC017,Nakatomi Trading,ES1 Opportunity,N,,$
IQC Pipeline,95844.81,2QFY26,20262,Oct FY26,202610,FY26,Americas,FB,Enterprise,OPP2417,ACC010,Cyberdyne,ES1 Opportunity,N,,$
IQC Pipeline,193153.47,2QFY26,20262,Oct FY26,202610,FY26,APJ,FA,Enterprise,OPP2418,ACC025,Pendant Publishing,ES1 Opportunity,N,,$
IQC Pipeline,198758.35,2QFY26,20262,Oct FY26,202610,FY26,Americas,FA,Enterprise,OPP2419,ACC023,Wernham Hogg,ES1 Opportunity,N,,$
IQC Pipeline,153878.93,2QFY26,20262,Oct FY26,202610,FY26,Americas,FB,Enterprise,OPP2420,ACC027,Spacely Sprockets,ES2 Opportunity,N,,$
IQC Pipeline,491395.97,2QFY26,20262,Oct FY26,202610,FY26,Americas,FA,Commercial,OPP2421,ACC024,Sterling Cooper,ES1 Opportunity,N,,$
IQC Pipeline,240968.61,2QFY26,20262,Oct FY26,202610,FY26,APJ,FB,Enterprise,OPP2422,ACC026,Vehement Capital,ES1 Opportunity,N,,$
IQC Pipeline,92176.59,2QFY26,20262,Oct FY26,202610,FY26,EMEA,FB,Enterprise,OPP2423,ACC010,Cyberdyne,ES1 Opportunity,N,,$
IQC Pipeline,171718.45,2QFY26,20262,Oct FY26,202610,FY26,EMEA,Others,Commercial,OPP2424,ACC014,Pied Piper,ES2 Opportunity,N,,$
IQC Pipeline,341908.63,2QFY26,20262,Oct FY26,202610,FY26,APJ,FA,Enterprise,OPP2425,ACC016,Dunder Mifflin,ES2 Opportunity,N,,$
IQC Pipeline,1354205.62,2QFY26,20262,Oct FY26,202610,FY26,EMEA,FA,Corporate,OPP2426,ACC008,Wonka Holdings,ES2 Opportunity,N,,$
IQC Pipeline,234745.46,2QFY26,20262,Oct FY26,202610,FY26,Americas,FB,Enterprise,OPP2427,ACC003,Initech,ES1 Opportunity,N,,$
IQC Pipeline,121081.65,2QFY26,20262,Oct FY26,202610,FY26,EMEA,FB,Enterprise,OPP2428,ACC027,Spacely Sprockets,ES2 Opportunity,N,,$
IQC Pipeline,236975.64,2QFY26,20262,Oct FY26,202610,FY26,APJ,FB,Enterprise,OPP2429,ACC014,Pied Piper,ES2 Opportunity,N,,$
IQC Pipeline,171314.68,2QFY26,20262,Oct FY26,202610,FY26,Americas,FA,Commercial,OPP2430,ACC028,Cogswell Cogs,ES1 Opportunity,N,,$
IQC Pipeline,2352210.52,2QFY26,20262,Oct FY26,202610,FY26,APJ,FA,Corporate,OPP2431,ACC015,Hooli,ES2 Opportunity,N,,$
IQC Pipeline,584024.81,2QFY26,20262,Oct FY26,202610,FY26,APJ,Others,Enterprise,OPP2432,ACC023,Wernham Hogg,ES2 Opportunity,N,,$
IQC Pipeline,124332.81,2QFY26,20262,Oct FY26,202610,FY26,Americas,FA,Enterprise,OPP2433,ACC026,Vehement Capital,ES2 Opportunity,N,,$
IQC Pipeline,293256.99,2QFY26,20262,Oct FY26,202610,FY26,APJ,FA,Enterprise,OPP2434,ACC010,Cyberdyne,ES2 Opportunity,N,,$
Atbats,376983.82,2QFY26,20262,Oct FY26,202610,FY26,EMEA,FB,Enterprise,OPP2435,ACC022,Los Pollos Hermanos,ES2 Opportunity,N,,$
Atbats,91700.3,2QFY26,20262,Oct FY26,202610,FY26,APJ,FA,Commercial,OPP2436,ACC007,Soylent Co,ES2 Opportunity,N,,$
Atbats,4404905.23,2QFY26,20262,Oct FY26,202610,FY26,Americas,FA,Commercial,OPP2437,ACC011,Aperture Labs,ES2 Opportunity,N,,$
Atbats,288015.46,2QFY26,20262,Oct FY26,202610,FY26,Americas,Others,Enterprise,OPP2438,ACC007,Soylent Co,ES1 Opportunity,N,,$
Atbats,700734.46,2QFY26,20262,Oct FY26,202610,FY26,EMEA,FA,Commercial,OPP2439,ACC003,Initech,ES1 Opportunity,N,,$
Atbats,190575.65,2QFY26,20262,Oct FY26,202610,FY26,Americas,FA,Enterprise,OPP2440,ACC010,Cyberdyne,ES2 Opportunity,N,,$
Atbats,420200.73,2QFY26,20262,Oct FY26,202610,FY26,APJ,FB,Corporate,OPP2441,ACC021,Strickland Propane,ES1 Opportunity,N,,$
Atbats,458686.52,2QFY26,20262,Oct FY26,202610,FY26,Americas,FA,Enterprise,OPP2442,ACC019,Gringotts Bank,ES2 Opportunity,N,,$
Atbats,646972.81,2QFY26,20262,Oct FY26,202610,FY26,EMEA,FB,Corporate,OPP2443,ACC026,Vehement Capital,ES1 Opportunity,N,,$
Atbats,984057.08,2QFY26,20262,Oct FY26,202610,FY26,EMEA,FA,Enterprise,OPP2444,ACC007,Soylent Co,ES2 Opportunity,N,,$
Atbats,164988.06,2QFY26,20262,Oct FY26,202610,FY26,Americas,FA,Corporate,OPP2445,ACC017,Nakatomi Trading,ES2 Opportunity,N,,$
Atbats,853457.62,2QFY26,20262,Oct FY26,202610,FY26,EMEA,FA,Commercial,OPP2446,ACC018,Oscorp,ES2 Opportunity,N,,$
Atbats,151706.57,2QFY26,20262,Oct FY26,202610,FY26,APJ,FA,Enterprise,OPP2447,ACC017,Nakatomi Trading,ES1 Opportunity,N,,$
Atbats,54506.14,2QFY26,20262,Oct FY26,202610,FY26,Americas,Others,Corporate,OPP2448,ACC023,Wernham Hogg,ES1 Opportunity,N,,$
Atbats,114819.52,2QFY26,20262,Oct FY26,202610,FY26,EMEA,FA,Commercial,OPP2449,ACC018,Oscorp,ES1 Opportunity,N,,$
Atbats,2448490.26,2QFY26,20262,Oct FY26,202610,FY26,Americas,FA,Enterprise,OPP2450,ACC022,Los Pollos Hermanos,ES2 Opportunity,N,,$
Atbats,215563.18,2QFY26,20262,Oct FY26,202610,FY26,APJ,FB,Corporate,OPP2451,ACC013,Vandelay Imports,ES1 Opportunity,N,,$
Atbats,13487.77,2QFY26,20262,Oct FY26,202610,FY26,Americas,FA,Enterprise,OPP2452,ACC019,Gringotts Bank,ES2 Opportunity,N,,$
Atbats,238158.15,2QFY26,20262,Oct FY26,202610,FY26,EMEA,Others,Commercial,OPP2453,ACC009,Tyrell Systems,ES2 Opportunity,N,,$
Atbats,113102.44,2QFY26,20262,Oct FY26,202610,FY26,EMEA,FA,Corporate,OPP2454,ACC009,Tyrell Systems,ES1 Opportunity,N,,$
Atbats,532240.49,2QFY26,20262,Oct FY26,202610,FY26,EMEA,FB,Commercial,OPP2455,ACC004,Umbrella Group,ES1 Opportunity,N,,$
Atbats,758041.85,2QFY26,20262,Oct FY26,202610,FY26,APJ,FA,Corporate,OPP2456,ACC027,Spacely Sprockets,ES2 Opportunity,N,,$
Atbats,438574.9,2QFY26,20262,Oct FY26,202610,FY26,Americas,Others,Enterprise,OPP2457,ACC021,Strickland Propane,ES1 Opportunity,N,,$
Atbats,416089.24,2QFY26,20262,Oct FY26,202610,FY26,APJ,FB,Enterprise,OPP2458,ACC029,Krusty Krab,ES1 Opportunity,N,,$
Atbats,270228.5,2QFY26,20262,Oct FY26,202610,FY26,APJ,FA,Corporate,OPP2459,ACC003,Initech,ES1 Opportunity,N,,$
Atbats,37533.8,2QFY26,20262,Oct FY26,202610,FY26,Americas,FB,Enterprise,OPP2460,ACC009,Tyrell Systems,ES2 Opportunity,N,,$
Atbats,620252.09,2QFY26,20262,Oct FY26,202610,FY26,EMEA,FA,Commercial,OPP2461,ACC001,Acme Industries,ES1 Opportunity,N,,$
Atbats,163173.45,2QFY26,20262,Oct FY26,202610,FY26,Americas,FA,Commercial,OPP2462,ACC019,Gringotts Bank,ES1 Opportunity,N,,$
Atbats,819919.4,2QFY26,20262,Oct FY26,202610,FY26,Americas,FA,Commercial,OPP2463,ACC025,Pendant Publishing,ES1 Opportunity,N,,$
Atbats,528757.57,2QFY26,20262,Oct FY26,202610,FY26,APJ,Others,Enterprise,OPP2464,ACC029,Krusty Krab,ES1 Opportunity,N,,$
Atbats,616730.58,2QFY26,20262,Oct FY26,202610,FY26,EMEA,FB,Enterprise,OPP2465,ACC011,Aperture Labs,ES2 Opportunity,N,,$
Atbats,139237.24,2QFY26,20262,Oct FY26,202610,FY26,EMEA,Others,Enterprise,OPP2466,ACC023,Wernham Hogg,ES2 Opportunity,N,,$
Atbats,304245.54,2QFY26,20262,Oct FY26,202610,FY26,EMEA,FB,Enterprise,OPP2467,ACC015,Hooli,ES1 Opportunity,N,,$
Atbats,2076003.88,2QFY26,20262,Oct FY26,202610,FY26,Americas,FA,Corporate,OPP2468,ACC018,Oscorp,ES2 Opportunity,N,,$
Atbats,247508.47,2QFY26,20262,Oct FY26,202610,FY26,APJ,FB,Enterprise,OPP2469,ACC017,Nakatomi Trading,ES1 Opportunity,N,,$
Atbats,481400.14,2QFY26,20262,Oct FY26,202610,FY26,EMEA,FA,Commercial,OPP2470,ACC015,Hooli,ES2 Opportunity,N,,$
Atbats,369150.66,2QFY26,20262,Oct FY26,202610,FY26,EMEA,FA,Commercial,OPP2471,ACC013,Vandelay Imports,ES2 Opportunity,N,,$
Atbats,5339246.93,2QFY26,20262,Oct FY26,202610,FY26,EMEA,FB,Commercial,OPP2472,ACC001,Acme Industries,ES1 Opportunity,N,,$
Atbats,111704.94,2QFY26,20262,Oct FY26,202610,FY26,EMEA,FB,Enterprise,OPP2473,ACC010,Cyberdyne,ES1 Opportunity,N,,$
Atbats,95148.35,2QFY26,20262,Oct FY26,202610,FY26,Americas,FA,Commercial,OPP2474,ACC023,Wernham Hogg,ES1 Opportunity,N,,$
Atbats,283234.17,2QFY26,20262,Oct FY26,202610,FY26,Americas,FA,Enterprise,OPP2475,ACC022,Los Pollos Hermanos,ES2 Opportunity,N,,$
Atbats,285814.42,2QFY26,20262,Oct FY26,202610,FY26,Americas,FB,Corporate,OPP2476,ACC014,Pied Piper,ES1 Opportunity,N,,$
Atbats,286577.1,2QFY26,20262,Oct FY26,202610,FY26,APJ,FA,Enterprise,OPP2477,ACC030,Planet Express,ES1 Opportunity,N,,$
Atbats,145973.09,2QFY26,20262,Oct FY26,202610,FY26,APJ,Others,Enterprise,OPP2478,ACC025,Pendant Publishing,ES1 Opportunity,N,,$
Atbats,54319.59,2QFY26,20262,Oct FY26,202610,FY26,Americas,Others,Enterprise,OPP2479,ACC026,Vehement Capital,ES1 Opportunity,N,,$
Atbats,220279.97,2QFY26,20262,Oct FY26,202610,FY26,EMEA,FA,Enterprise,OPP2480,ACC010,Cyberdyne,ES1 Opportunity,N,,$
Atbats,227480.27,2QFY26,20262,Oct FY26,202610,FY26,Americas,FA,Commercial,OPP2481,ACC018,Oscorp,ES2 Opportunity,N,,$
Atbats,879793.54,2QFY26,20262,Oct FY26,202610,FY26,EMEA,FA,Enterprise,OPP2482,ACC013,Vandelay Imports,ES1 Opportunity,N,,$
Atbats,1891897.73,2QFY26,20262,Oct FY26,202610,FY26,APJ,FA,Corporate,OPP2483,ACC011,Aperture Labs,ES2 Opportunity,N,,$
Atbats,574101.94,2QFY26,20262,Oct FY26,202610,FY26,EMEA,Others,Corporate,OPP2484,ACC014,Pied Piper,ES1 Opportunity,N,,$
Atbats,487341.3,2QFY26,20262,Oct FY26,202610,FY26,EMEA,FA,Commercial,OPP2485,ACC008,Wonka Holdings,ES1 Opportunity,N,,$
Atbats,762720.96,2QFY26,20262,Oct FY26,202610,FY26,Americas,FA,Enterprise,OPP2486,ACC020,Bluth Co,ES1 Opportunity,N,,$
Atbats,452459.48,2QFY26,20262,Oct FY26,202610,FY26,Americas,FB,Enterprise,OPP2487,ACC007,Soylent Co,ES2 Opportunity,N,,$
Atbats,234498.16,2QFY26,20262,Oct FY26,202610,FY26,EMEA,FB,Enterprise,OPP2488,ACC013,Vandelay Imports,ES2 Opportunity,N,,$
Atbats,608486.16,2QFY26,20262,Oct FY26,202610,FY26,EMEA,Others,Enterprise,OPP2489,ACC022,Los Pollos Hermanos,ES2 Opportunity,N,,$
Atbats,352592.67,2QFY26,20262,Oct FY26,202610,FY26,Americas,FA,Commercial,OPP2490,ACC013,Vandelay Imports,ES1 Opportunity,N,,$
Atbats,164357.44,2QFY26,20262,Oct FY26,202610,FY26,EMEA,FB,Enterprise,OPP2491,ACC022,Los Pollos Hermanos,ES1 Opportunity,N,,$
Atbats,163117.42,2QFY26,20262,Oct FY26,202610,FY26,EMEA,FA,Commercial,OPP2492,ACC026,Vehement Capital,ES2 Opportunity,N,,$
Bookings,375631.77,3QFY26,20263,Nov FY26,202611,FY26,APJ,Others,Enterprise,OPP2493,ACC014,Pied Piper,ES2 Opportunity,N,128,$
Bookings,559902.85,3QFY26,20263,Nov FY26,202611,FY26,APJ,FB,Commercial,OPP2494,ACC010,Cyberdyne,ES2 Opportunity,Y,155,$
Bookings,320544.16,3QFY26,20263,Nov FY26,202611,FY26,EMEA,FA,Enterprise,OPP2495,ACC027,Spacely Sprockets,ES2 Opportunity,Y,98,$
Bookings,90615.27,3QFY26,20263,Nov FY26,202611,FY26,EMEA,FA,Enterprise,OPP2496,ACC024,Sterling Cooper,ES2 Opportunity,Y,219,$
Bookings,263593.05,3QFY26,20263,Nov FY26,202611,FY26,Americas,FB,Commercial,OPP2497,ACC009,Tyrell Systems,ES1 Opportunity,N,147,$
Bookings,627247.72,3QFY26,20263,Nov FY26,202611,FY26,APJ,FB,Commercial,OPP2498,ACC011,Aperture Labs,ES2 Opportunity,N,67,$
Bookings,820650.33,3QFY26,20263,Nov FY26,202611,FY26,Americas,FA,Corporate,OPP2499,ACC030,Planet Express,ES2 Opportunity,N,107,$
Bookings,358075.01,3QFY26,20263,Nov FY26,202611,FY26,EMEA,FB,Commercial,OPP2500,ACC030,Planet Express,ES2 Opportunity,N,59,$
Bookings,1544534.08,3QFY26,20263,Nov FY26,202611,FY26,APJ,FA,Corporate,OPP2501,ACC026,Vehement Capital,ES2 Opportunity,Y,176,$
Bookings,254410.9,3QFY26,20263,Nov FY26,202611,FY26,APJ,FB,Enterprise,OPP2502,ACC002,Globex Corp,ES1 Opportunity,N,76,$
Bookings,490864.12,3QFY26,20263,Nov FY26,202611,FY26,Americas,FB,Commercial,OPP2503,ACC015,Hooli,ES2 Opportunity,N,192,$
Bookings,149771.67,3QFY26,20263,Nov FY26,202611,FY26,EMEA,FA,Commercial,OPP2504,ACC020,Bluth Co,ES1 Opportunity,N,180,$
Bookings,231889.82,3QFY26,20263,Nov FY26,202611,FY26,EMEA,Others,Enterprise,OPP2505,ACC012,Massive Dynamic,ES2 Opportunity,N,68,$
Bookings,204681.42,3QFY26,20263,Nov FY26,202611,FY26,APJ,FA,Enterprise,OPP2506,ACC022,Los Pollos Hermanos,ES1 Opportunity,N,50,$
Bookings,522626.0,3QFY26,20263,Nov FY26,202611,FY26,Americas,FB,Commercial,OPP2507,ACC025,Pendant Publishing,ES2 Opportunity,N,202,$
Bookings,319857.68,3QFY26,20263,Nov FY26,202611,FY26,APJ,FA,Enterprise,OPP2508,ACC001,Acme Industries,Renewal,N,102,$
Bookings,339297.25,3QFY26,20263,Nov FY26,202611,FY26,APJ,FA,Commercial,OPP2509,ACC004,Umbrella Group,ES1 Opportunity,N,84,$
Bookings,185655.21,3QFY26,20263,Nov FY26,202611,FY26,APJ,Others,Commercial,OPP2510,ACC007,Soylent Co,ES2 Opportunity,N,183,$
Bookings,57293.17,3QFY26,20263,Nov FY26,202611,FY26,APJ,Others,Corporate,OPP2511,ACC011,Aperture Labs,ES1 Opportunity,N,166,$
Bookings,77038.72,3QFY26,20263,Nov FY26,202611,FY26,EMEA,FA,Corporate,OPP2512,ACC028,Cogswell Cogs,ES2 Opportunity,N,103,$
Bookings,1538629.02,3QFY26,20263,Nov FY26,202611,FY26,Americas,FA,Commercial,OPP2513,ACC014,Pied Piper,Renewal,N,78,$
Bookings,503762.2,3QFY26,20263,Nov FY26,202611,FY26,APJ,FA,Enterprise,OPP2514,ACC014,Pied Piper,ES1 Opportunity,N,113,$
Bookings,451375.96,3QFY26,20263,Nov FY26,202611,FY26,APJ,FA,Enterprise,OPP2515,ACC029,Krusty Krab,ES1 Opportunity,N,129,$
Bookings,813401.36,3QFY26,20263,Nov FY26,202611,FY26,Americas,FA,Commercial,OPP2516,ACC016,Dunder Mifflin,ES2 Opportunity,N,81,$
Bookings,252233.26,3QFY26,20263,Nov FY26,202611,FY26,Americas,FB,Commercial,OPP2517,ACC015,Hooli,ES1 Opportunity,N,75,$
Bookings,1496133.37,3QFY26,20263,Nov FY26,202611,FY26,APJ,FB,Corporate,OPP2518,ACC008,Wonka Holdings,Renewal,N,148,$
Bookings,590289.54,3QFY26,20263,Nov FY26,202611,FY26,APJ,FB,Corporate,OPP2519,ACC028,Cogswell Cogs,Renewal,N,128,$
Bookings,69738.85,3QFY26,20263,Nov FY26,202611,FY26,APJ,FA,Commercial,OPP2520,ACC018,Oscorp,ES1 Opportunity,N,142,$
Bookings,251201.69,3QFY26,20263,Nov FY26,202611,FY26,EMEA,FB,Commercial,OPP2521,ACC013,Vandelay Imports,ES2 Opportunity,N,160,$
Bookings,593380.92,3QFY26,20263,Nov FY26,202611,FY26,Americas,FA,Enterprise,OPP2522,ACC025,Pendant Publishing,ES1 Opportunity,N,214,$
Bookings,102105.78,3QFY26,20263,Nov FY26,202611,FY26,Americas,FB,Enterprise,OPP2523,ACC021,Strickland Propane,ES2 Opportunity,N,147,$
Bookings,1219889.62,3QFY26,20263,Nov FY26,202611,FY26,EMEA,FA,Commercial,OPP2524,ACC015,Hooli,ES2 Opportunity,N,175,$
Bookings,56594.87,3QFY26,20263,Nov FY26,202611,FY26,EMEA,FB,Commercial,OPP2525,ACC023,Wernham Hogg,ES2 Opportunity,N,192,$
Bookings,100061.98,3QFY26,20263,Nov FY26,202611,FY26,Americas,FB,Commercial,OPP2526,ACC010,Cyberdyne,ES2 Opportunity,N,95,$
Bookings,353067.38,3QFY26,20263,Nov FY26,202611,FY26,EMEA,FA,Enterprise,OPP2527,ACC017,Nakatomi Trading,ES2 Opportunity,N,162,$
Renewal Bookings,139152.55,3QFY26,20263,Nov FY26,202611,FY26,EMEA,FB,Commercial,OPP2528,ACC017,Nakatomi Trading,Renewal,N,,$
Renewal Bookings,125563.02,3QFY26,20263,Nov FY26,202611,FY26,EMEA,FB,Corporate,OPP2529,ACC016,Dunder Mifflin,Renewal,N,,$
Renewal Bookings,139591.76,3QFY26,20263,Nov FY26,202611,FY26,Americas,FA,Commercial,OPP2530,ACC024,Sterling Cooper,Renewal,N,,$
Renewal Bookings,711357.71,3QFY26,20263,Nov FY26,202611,FY26,EMEA,FA,Commercial,OPP2531,ACC021,Strickland Propane,Renewal,N,,$
Renewal Bookings,208378.2,3QFY26,20263,Nov FY26,202611,FY26,Americas,FA,Enterprise,OPP2532,ACC021,Strickland Propane,Renewal,N,,$
Renewal Bookings,78831.68,3QFY26,20263,Nov FY26,202611,FY26,Americas,FA,Corporate,OPP2533,ACC028,Cogswell Cogs,Renewal,N,,$
Renewal Bookings,227702.64,3QFY26,20263,Nov FY26,202611,FY26,EMEA,FB,Enterprise,OPP2534,ACC030,Planet Express,Renewal,N,,$
Renewal Bookings,270299.85,3QFY26,20263,Nov FY26,202611,FY26,APJ,FB,Enterprise,OPP2535,ACC020,Bluth Co,Renewal,N,,$
Renewal Bookings,120367.61,3QFY26,20263,Nov FY26,202611,FY26,APJ,FA,Corporate,OPP2536,ACC003,Initech,Renewal,N,,$
Renewal Bookings,135194.59,3QFY26,20263,Nov FY26,202611,FY26,Americas,FB,Commercial,OPP2537,ACC015,Hooli,Renewal,N,,$
Renewal Bookings,56123.22,3QFY26,20263,Nov FY26,202611,FY26,EMEA,FA,Enterprise,OPP2538,ACC018,Oscorp,Renewal,N,,$
Open Pipeline,562266.53,3QFY26,20263,Nov FY26,202611,FY26,Americas,FB,Corporate,OPP2539,ACC029,Krusty Krab,ES2 Opportunity,N,,$
Open Pipeline,335544.29,3QFY26,20263,Nov FY26,202611,FY26,APJ,FB,Commercial,OPP2540,ACC001,Acme Industries,ES2 Opportunity,N,,$
Open Pipeline,215445.12,3QFY26,20263,Nov FY26,202611,FY26,EMEA,FA,Enterprise,OPP2541,ACC017,Nakatomi Trading,ES1 Opportunity,N,,$
Open Pipeline,155287.33,3QFY26,20263,Nov FY26,202611,FY26,EMEA,Others,Enterprise,OPP2542,ACC018,Oscorp,ES2 Opportunity,N,,$
Open Pipeline,448155.04,3QFY26,20263,Nov FY26,202611,FY26,Americas,Others,Corporate,OPP2543,ACC011,Aperture Labs,ES2 Opportunity,N,,$
Open Pipeline,1749412.05,3QFY26,20263,Nov FY26,202611,FY26,EMEA,FA,Enterprise,OPP2544,ACC010,Cyberdyne,ES2 Opportunity,N,,$
Open Pipeline,186343.15,3QFY26,20263,Nov FY26,202611,FY26,Americas,FA,Enterprise,OPP2545,ACC010,Cyberdyne,ES2 Opportunity,N,,$
Open Pipeline,443893.87,3QFY26,20263,Nov FY26,202611,FY26,APJ,FA,Commercial,OPP2546,ACC007,Soylent Co,ES1 Opportunity,N,,$
Open Pipeline,510397.08,3QFY26,20263,Nov FY26,202611,FY26,Americas,FA,Enterprise,OPP2547,ACC006,Wayne Enterprises,ES2 Opportunity,N,,$
Open Pipeline,552931.76,3QFY26,20263,Nov FY26,202611,FY26,APJ,Others,Commercial,OPP2548,ACC025,Pendant Publishing,ES1 Opportunity,N,,$
Open Pipeline,731299.03,3QFY26,20263,Nov FY26,202611,FY26,EMEA,FA,Corporate,OPP2549,ACC005,Stark Industries,ES2 Opportunity,N,,$
Open Pipeline,130942.28,3QFY26,20263,Nov FY26,202611,FY26,APJ,FA,Enterprise,OPP2550,ACC025,Pendant Publishing,ES1 Opportunity,N,,$
Open Pipeline,243022.7,3QFY26,20263,Nov FY26,202611,FY26,EMEA,FA,Enterprise,OPP2551,ACC005,Stark Industries,ES1 Opportunity,N,,$
Open Pipeline,75697.33,3QFY26,20263,Nov FY26,202611,FY26,EMEA,FB,Enterprise,OPP2552,ACC013,Vandelay Imports,ES2 Opportunity,N,,$
Open Pipeline,223966.73,3QFY26,20263,Nov FY26,202611,FY26,Americas,FB,Commercial,OPP2553,ACC009,Tyrell Systems,ES2 Opportunity,N,,$
Open Pipeline,181260.35,3QFY26,20263,Nov FY26,202611,FY26,EMEA,FB,Corporate,OPP2554,ACC002,Globex Corp,ES1 Opportunity,N,,$
Open Pipeline,974657.43,3QFY26,20263,Nov FY26,202611,FY26,APJ,FA,Enterprise,OPP2555,ACC013,Vandelay Imports,ES1 Opportunity,N,,$
Open Pipeline,246435.69,3QFY26,20263,Nov FY26,202611,FY26,EMEA,Others,Enterprise,OPP2556,ACC024,Sterling Cooper,ES2 Opportunity,N,,$
Open Pipeline,4276356.86,3QFY26,20263,Nov FY26,202611,FY26,Americas,FB,Commercial,OPP2557,ACC015,Hooli,ES1 Opportunity,N,,$
Open Pipeline,158880.12,3QFY26,20263,Nov FY26,202611,FY26,APJ,FA,Commercial,OPP2558,ACC001,Acme Industries,ES2 Opportunity,N,,$
Open Pipeline,3662068.47,3QFY26,20263,Nov FY26,202611,FY26,APJ,FA,Corporate,OPP2559,ACC015,Hooli,ES1 Opportunity,N,,$
Open Pipeline,758508.55,3QFY26,20263,Nov FY26,202611,FY26,EMEA,FA,Commercial,OPP2560,ACC022,Los Pollos Hermanos,ES2 Opportunity,N,,$
Open Pipeline,1316307.67,3QFY26,20263,Nov FY26,202611,FY26,APJ,FB,Enterprise,OPP2561,ACC014,Pied Piper,ES2 Opportunity,N,,$
Open Pipeline,232356.67,3QFY26,20263,Nov FY26,202611,FY26,Americas,FB,Enterprise,OPP2562,ACC012,Massive Dynamic,ES1 Opportunity,N,,$
Open Pipeline,101125.41,3QFY26,20263,Nov FY26,202611,FY26,Americas,Others,Corporate,OPP2563,ACC018,Oscorp,ES2 Opportunity,N,,$
Open Pipeline,427885.45,3QFY26,20263,Nov FY26,202611,FY26,APJ,FA,Enterprise,OPP2564,ACC018,Oscorp,ES2 Opportunity,N,,$
Open Pipeline,1235355.5,3QFY26,20263,Nov FY26,202611,FY26,APJ,FB,Enterprise,OPP2565,ACC020,Bluth Co,ES1 Opportunity,N,,$
Open Pipeline,607591.8,3QFY26,20263,Nov FY26,202611,FY26,Americas,FB,Enterprise,OPP2566,ACC015,Hooli,ES2 Opportunity,N,,$
Open Pipeline,181272.22,3QFY26,20263,Nov FY26,202611,FY26,Americas,FB,Enterprise,OPP2567,ACC023,Wernham Hogg,ES1 Opportunity,N,,$
Open Pipeline,1349098.12,3QFY26,20263,Nov FY26,202611,FY26,EMEA,FA,Corporate,OPP2568,ACC008,Wonka Holdings,ES2 Opportunity,N,,$
Open Pipeline,308712.58,3QFY26,20263,Nov FY26,202611,FY26,Americas,FB,Commercial,OPP2569,ACC021,Strickland Propane,ES1 Opportunity,N,,$
Open Pipeline,1516879.82,3QFY26,20263,Nov FY26,202611,FY26,APJ,Others,Corporate,OPP2570,ACC019,Gringotts Bank,ES1 Opportunity,N,,$
Open Pipeline,238680.49,3QFY26,20263,Nov FY26,202611,FY26,Americas,FA,Corporate,OPP2571,ACC005,Stark Industries,ES2 Opportunity,N,,$
Open Pipeline,2013196.4,3QFY26,20263,Nov FY26,202611,FY26,EMEA,Others,Corporate,OPP2572,ACC007,Soylent Co,ES1 Opportunity,N,,$
Open Pipeline,245638.79,3QFY26,20263,Nov FY26,202611,FY26,EMEA,FA,Corporate,OPP2573,ACC001,Acme Industries,ES1 Opportunity,N,,$
Open Pipeline,236683.35,3QFY26,20263,Nov FY26,202611,FY26,EMEA,FA,Corporate,OPP2574,ACC007,Soylent Co,ES1 Opportunity,N,,$
Open Pipeline,304980.32,3QFY26,20263,Nov FY26,202611,FY26,EMEA,FA,Commercial,OPP2575,ACC004,Umbrella Group,ES1 Opportunity,N,,$
Open Pipeline,189494.7,3QFY26,20263,Nov FY26,202611,FY26,APJ,FB,Enterprise,OPP2576,ACC004,Umbrella Group,ES1 Opportunity,N,,$
Open Pipeline,367496.84,3QFY26,20263,Nov FY26,202611,FY26,Americas,FB,Enterprise,OPP2577,ACC004,Umbrella Group,ES2 Opportunity,N,,$
Open Pipeline,309895.9,3QFY26,20263,Nov FY26,202611,FY26,Americas,FA,Corporate,OPP2578,ACC014,Pied Piper,ES1 Opportunity,N,,$
Open Pipeline,93425.68,3QFY26,20263,Nov FY26,202611,FY26,APJ,FB,Enterprise,OPP2579,ACC009,Tyrell Systems,ES2 Opportunity,N,,$
IQC Pipeline,611301.69,3QFY26,20263,Nov FY26,202611,FY26,Americas,FA,Enterprise,OPP2580,ACC025,Pendant Publishing,ES1 Opportunity,N,,$
IQC Pipeline,43710.19,3QFY26,20263,Nov FY26,202611,FY26,EMEA,FA,Enterprise,OPP2581,ACC006,Wayne Enterprises,ES2 Opportunity,N,,$
IQC Pipeline,92909.62,3QFY26,20263,Nov FY26,202611,FY26,Americas,FB,Corporate,OPP2582,ACC029,Krusty Krab,ES2 Opportunity,N,,$
IQC Pipeline,227558.59,3QFY26,20263,Nov FY26,202611,FY26,EMEA,FB,Enterprise,OPP2583,ACC001,Acme Industries,ES2 Opportunity,N,,$
IQC Pipeline,84964.82,3QFY26,20263,Nov FY26,202611,FY26,APJ,FB,Enterprise,OPP2584,ACC012,Massive Dynamic,ES2 Opportunity,N,,$
IQC Pipeline,24129.32,3QFY26,20263,Nov FY26,202611,FY26,APJ,FA,Corporate,OPP2585,ACC001,Acme Industries,ES1 Opportunity,N,,$
IQC Pipeline,160985.91,3QFY26,20263,Nov FY26,202611,FY26,EMEA,FA,Commercial,OPP2586,ACC020,Bluth Co,ES2 Opportunity,N,,$
IQC Pipeline,407838.43,3QFY26,20263,Nov FY26,202611,FY26,EMEA,FB,Corporate,OPP2587,ACC008,Wonka Holdings,ES2 Opportunity,N,,$
IQC Pipeline,337315.1,3QFY26,20263,Nov FY26,202611,FY26,Americas,FA,Enterprise,OPP2588,ACC013,Vandelay Imports,ES2 Opportunity,N,,$
IQC Pipeline,112281.03,3QFY26,20263,Nov FY26,202611,FY26,Americas,FA,Enterprise,OPP2589,ACC011,Aperture Labs,ES1 Opportunity,N,,$
IQC Pipeline,579624.11,3QFY26,20263,Nov FY26,202611,FY26,APJ,FA,Commercial,OPP2590,ACC025,Pendant Publishing,ES1 Opportunity,N,,$
IQC Pipeline,821361.8,3QFY26,20263,Nov FY26,202611,FY26,EMEA,FB,Commercial,OPP2591,ACC002,Globex Corp,ES1 Opportunity,N,,$
IQC Pipeline,2478409.64,3QFY26,20263,Nov FY26,202611,FY26,APJ,FA,Enterprise,OPP2592,ACC005,Stark Industries,ES2 Opportunity,N,,$
IQC Pipeline,1204828.44,3QFY26,20263,Nov FY26,202611,FY26,Americas,FA,Enterprise,OPP2593,ACC016,Dunder Mifflin,ES1 Opportunity,N,,$
IQC Pipeline,630516.7,3QFY26,20263,Nov FY26,202611,FY26,APJ,FA,Corporate,OPP2594,ACC009,Tyrell Systems,ES2 Opportunity,N,,$
IQC Pipeline,323861.1,3QFY26,20263,Nov FY26,202611,FY26,EMEA,FB,Commercial,OPP2595,ACC029,Krusty Krab,ES2 Opportunity,N,,$
IQC Pipeline,130913.17,3QFY26,20263,Nov FY26,202611,FY26,EMEA,FB,Commercial,OPP2596,ACC028,Cogswell Cogs,ES2 Opportunity,N,,$
IQC Pipeline,168819.03,3QFY26,20263,Nov FY26,202611,FY26,Americas,FB,Enterprise,OPP2597,ACC018,Oscorp,ES2 Opportunity,N,,$
IQC Pipeline,129210.81,3QFY26,20263,Nov FY26,202611,FY26,EMEA,FB,Enterprise,OPP2598,ACC005,Stark Industries,ES1 Opportunity,N,,$
IQC Pipeline,746399.02,3QFY26,20263,Nov FY26,202611,FY26,EMEA,FB,Corporate,OPP2599,ACC017,Nakatomi Trading,ES1 Opportunity,N,,$
IQC Pipeline,1145610.55,3QFY26,20263,Nov FY26,202611,FY26,Americas,FB,Enterprise,OPP2600,ACC024,Sterling Cooper,ES2 Opportunity,N,,$
IQC Pipeline,717345.07,3QFY26,20263,Nov FY26,202611,FY26,Americas,FB,Commercial,OPP2601,ACC018,Oscorp,ES2 Opportunity,N,,$
IQC Pipeline,218095.02,3QFY26,20263,Nov FY26,202611,FY26,APJ,FA,Enterprise,OPP2602,ACC021,Strickland Propane,ES1 Opportunity,N,,$
IQC Pipeline,541624.32,3QFY26,20263,Nov FY26,202611,FY26,APJ,FA,Corporate,OPP2603,ACC028,Cogswell Cogs,ES1 Opportunity,N,,$
IQC Pipeline,1135058.19,3QFY26,20263,Nov FY26,202611,FY26,EMEA,Others,Corporate,OPP2604,ACC015,Hooli,ES1 Opportunity,N,,$
Atbats,415734.52,3QFY26,20263,Nov FY26,202611,FY26,APJ,FB,Corporate,OPP2605,ACC014,Pied Piper,ES2 Opportunity,N,,$
Atbats,110199.47,3QFY26,20263,Nov FY26,202611,FY26,Americas,FB,Corporate,OPP2606,ACC008,Wonka Holdings,ES1 Opportunity,N,,$
Atbats,289779.19,3QFY26,20263,Nov FY26,202611,FY26,EMEA,FA,Enterprise,OPP2607,ACC003,Initech,ES1 Opportunity,N,,$
Atbats,129096.96,3QFY26,20263,Nov FY26,202611,FY26,APJ,FB,Corporate,OPP2608,ACC015,Hooli,ES2 Opportunity,N,,$
Atbats,155150.72,3QFY26,20263,Nov FY26,202611,FY26,EMEA,FA,Enterprise,OPP2609,ACC004,Umbrella Group,ES2 Opportunity,N,,$
Atbats,1154797.63,3QFY26,20263,Nov FY26,202611,FY26,Americas,FB,Enterprise,OPP2610,ACC024,Sterling Cooper,ES2 Opportunity,N,,$
Atbats,452207.83,3QFY26,20263,Nov FY26,202611,FY26,APJ,FA,Enterprise,OPP2611,ACC013,Vandelay Imports,ES1 Opportunity,N,,$
Atbats,788266.7,3QFY26,20263,Nov FY26,202611,FY26,APJ,FA,Commercial,OPP2612,ACC023,Wernham Hogg,ES1 Opportunity,N,,$
Atbats,1229192.67,3QFY26,20263,Nov FY26,202611,FY26,EMEA,FA,Enterprise,OPP2613,ACC020,Bluth Co,ES1 Opportunity,N,,$
Atbats,350604.4,3QFY26,20263,Nov FY26,202611,FY26,EMEA,FA,Commercial,OPP2614,ACC009,Tyrell Systems,ES1 Opportunity,N,,$
Atbats,3248730.01,3QFY26,20263,Nov FY26,202611,FY26,EMEA,FB,Enterprise,OPP2615,ACC009,Tyrell Systems,ES1 Opportunity,N,,$
Atbats,150990.56,3QFY26,20263,Nov FY26,202611,FY26,APJ,FA,Enterprise,OPP2616,ACC027,Spacely Sprockets,ES1 Opportunity,N,,$
Atbats,816785.53,3QFY26,20263,Nov FY26,202611,FY26,APJ,FA,Commercial,OPP2617,ACC013,Vandelay Imports,ES1 Opportunity,N,,$
Atbats,1835080.08,3QFY26,20263,Nov FY26,202611,FY26,Americas,FB,Enterprise,OPP2618,ACC012,Massive Dynamic,ES1 Opportunity,N,,$
Atbats,580525.64,3QFY26,20263,Nov FY26,202611,FY26,APJ,FA,Enterprise,OPP2619,ACC012,Massive Dynamic,ES1 Opportunity,N,,$
Atbats,567868.54,3QFY26,20263,Nov FY26,202611,FY26,EMEA,FB,Commercial,OPP2620,ACC027,Spacely Sprockets,ES1 Opportunity,N,,$
Atbats,2806113.73,3QFY26,20263,Nov FY26,202611,FY26,EMEA,FB,Enterprise,OPP2621,ACC001,Acme Industries,ES1 Opportunity,N,,$
Atbats,505110.42,3QFY26,20263,Nov FY26,202611,FY26,EMEA,Others,Corporate,OPP2622,ACC028,Cogswell Cogs,ES1 Opportunity,N,,$
Atbats,1029390.4,3QFY26,20263,Nov FY26,202611,FY26,APJ,FA,Corporate,OPP2623,ACC015,Hooli,ES2 Opportunity,N,,$
Atbats,743694.23,3QFY26,20263,Nov FY26,202611,FY26,APJ,Others,Enterprise,OPP2624,ACC007,Soylent Co,ES1 Opportunity,N,,$
Atbats,754420.78,3QFY26,20263,Nov FY26,202611,FY26,APJ,FA,Enterprise,OPP2625,ACC027,Spacely Sprockets,ES2 Opportunity,N,,$
Atbats,117480.98,3QFY26,20263,Nov FY26,202611,FY26,Americas,FA,Commercial,OPP2626,ACC027,Spacely Sprockets,ES1 Opportunity,N,,$
Atbats,1165066.09,3QFY26,20263,Nov FY26,202611,FY26,EMEA,FA,Commercial,OPP2627,ACC011,Aperture Labs,ES1 Opportunity,N,,$
Atbats,645915.89,3QFY26,20263,Nov FY26,202611,FY26,EMEA,FA,Corporate,OPP2628,ACC011,Aperture Labs,ES2 Opportunity,N,,$
Atbats,256950.96,3QFY26,20263,Nov FY26,202611,FY26,APJ,FA,Commercial,OPP2629,ACC010,Cyberdyne,ES1 Opportunity,N,,$
Atbats,939246.2,3QFY26,20263,Nov FY26,202611,FY26,EMEA,FB,Enterprise,OPP2630,ACC023,Wernham Hogg,ES2 Opportunity,N,,$
Atbats,1417667.89,3QFY26,20263,Nov FY26,202611,FY26,EMEA,Others,Enterprise,OPP2631,ACC012,Massive Dynamic,ES2 Opportunity,N,,$
Atbats,38158.83,3QFY26,20263,Nov FY26,202611,FY26,Americas,FB,Commercial,OPP2632,ACC026,Vehement Capital,ES1 Opportunity,N,,$
Atbats,158964.96,3QFY26,20263,Nov FY26,202611,FY26,Americas,FA,Enterprise,OPP2633,ACC008,Wonka Holdings,ES1 Opportunity,N,,$
Atbats,463450.99,3QFY26,20263,Nov FY26,202611,FY26,EMEA,FA,Enterprise,OPP2634,ACC008,Wonka Holdings,ES1 Opportunity,N,,$
Atbats,205779.24,3QFY26,20263,Nov FY26,202611,FY26,APJ,FB,Enterprise,OPP2635,ACC001,Acme Industries,ES2 Opportunity,N,,$
Atbats,1185709.07,3QFY26,20263,Nov FY26,202611,FY26,EMEA,FA,Commercial,OPP2636,ACC014,Pied Piper,ES1 Opportunity,N,,$
Atbats,118201.58,3QFY26,20263,Nov FY26,202611,FY26,EMEA,FB,Corporate,OPP2637,ACC024,Sterling Cooper,ES1 Opportunity,N,,$
Atbats,48303.64,3QFY26,20263,Nov FY26,202611,FY26,EMEA,FB,Enterprise,OPP2638,ACC029,Krusty Krab,ES2 Opportunity,N,,$
Atbats,939111.38,3QFY26,20263,Nov FY26,202611,FY26,APJ,FA,Corporate,OPP2639,ACC028,Cogswell Cogs,ES2 Opportunity,N,,$
Atbats,2389653.46,3QFY26,20263,Nov FY26,202611,FY26,APJ,FB,Enterprise,OPP2640,ACC017,Nakatomi Trading,ES1 Opportunity,N,,$
Atbats,780841.81,3QFY26,20263,Nov FY26,202611,FY26,Americas,FB,Commercial,OPP2641,ACC023,Wernham Hogg,ES1 Opportunity,N,,$
Atbats,735741.43,3QFY26,20263,Nov FY26,202611,FY26,EMEA,FB,Enterprise,OPP2642,ACC016,Dunder Mifflin,ES1 Opportunity,N,,$
Atbats,427569.01,3QFY26,20263,Nov FY26,202611,FY26,Americas,FA,Enterprise,OPP2643,ACC029,Krusty Krab,ES1 Opportunity,N,,$
Atbats,50239.7,3QFY26,20263,Nov FY26,202611,FY26,Americas,FA,Enterprise,OPP2644,ACC009,Tyrell Systems,ES1 Opportunity,N,,$
Atbats,3512102.45,3QFY26,20263,Nov FY26,202611,FY26,APJ,FA,Commercial,OPP2645,ACC025,Pendant Publishing,ES2 Opportunity,N,,$
Atbats,148317.19,3QFY26,20263,Nov FY26,202611,FY26,APJ,FB,Enterprise,OPP2646,ACC026,Vehement Capital,ES2 Opportunity,N,,$
Atbats,96102.17,3QFY26,20263,Nov FY26,202611,FY26,APJ,FB,Corporate,OPP2647,ACC002,Globex Corp,ES1 Opportunity,N,,$
Atbats,637915.9,3QFY26,20263,Nov FY26,202611,FY26,Americas,FB,Enterprise,OPP2648,ACC014,Pied Piper,ES2 Opportunity,N,,$
Atbats,1585855.43,3QFY26,20263,Nov FY26,202611,FY26,Americas,Others,Commercial,OPP2649,ACC027,Spacely Sprockets,ES1 Opportunity,N,,$
Atbats,76044.92,3QFY26,20263,Nov FY26,202611,FY26,EMEA,FB,Enterprise,OPP2650,ACC013,Vandelay Imports,ES2 Opportunity,N,,$
Atbats,4367079.37,3QFY26,20263,Nov FY26,202611,FY26,EMEA,FB,Enterprise,OPP2651,ACC028,Cogswell Cogs,ES2 Opportunity,N,,$
Atbats,268744.44,3QFY26,20263,Nov FY26,202611,FY26,EMEA,FA,Enterprise,OPP2652,ACC003,Initech,ES2 Opportunity,N,,$
Atbats,146503.96,3QFY26,20263,Nov FY26,202611,FY26,Americas,FA,Commercial,OPP2653,ACC015,Hooli,ES2 Opportunity,N,,$
Atbats,896409.93,3QFY26,20263,Nov FY26,202611,FY26,Americas,Others,Enterprise,OPP2654,ACC022,Los Pollos Hermanos,ES1 Opportunity,N,,$
Atbats,278487.12,3QFY26,20263,Nov FY26,202611,FY26,APJ,FA,Enterprise,OPP2655,ACC026,Vehement Capital,ES2 Opportunity,N,,$
Atbats,1777386.02,3QFY26,20263,Nov FY26,202611,FY26,Americas,Others,Enterprise,OPP2656,ACC006,Wayne Enterprises,ES1 Opportunity,N,,$
Atbats,4379807.11,3QFY26,20263,Nov FY26,202611,FY26,Americas,Others,Corporate,OPP2657,ACC019,Gringotts Bank,ES1 Opportunity,N,,$
Atbats,134309.87,3QFY26,20263,Nov FY26,202611,FY26,Americas,FA,Corporate,OPP2658,ACC020,Bluth Co,ES2 Opportunity,N,,$
Atbats,65363.37,3QFY26,20263,Nov FY26,202611,FY26,Americas,FB,Enterprise,OPP2659,ACC012,Massive Dynamic,ES2 Opportunity,N,,$
Atbats,778321.38,3QFY26,20263,Nov FY26,202611,FY26,Americas,Others,Commercial,OPP2660,ACC020,Bluth Co,ES1 Opportunity,N,,$
Atbats,1840448.87,3QFY26,20263,Nov FY26,202611,FY26,EMEA,FB,Corporate,OPP2661,ACC003,Initech,ES1 Opportunity,N,,$
Atbats,233664.21,3QFY26,20263,Nov FY26,202611,FY26,Americas,Others,Commercial,OPP2662,ACC002,Globex Corp,ES1 Opportunity,N,,$
Atbats,19617.41,3QFY26,20263,Nov FY26,202611,FY26,EMEA,FB,Corporate,OPP2663,ACC027,Spacely Sprockets,ES1 Opportunity,N,,$
Atbats,1010431.27,3QFY26,20263,Nov FY26,202611,FY26,Americas,FB,Enterprise,OPP2664,ACC019,Gringotts Bank,ES1 Opportunity,N,,$
Bookings,420639.13,3QFY26,20263,Dec FY26,202612,FY26,EMEA,FA,Enterprise,OPP2665,ACC021,Strickland Propane,ES2 Opportunity,N,141,$
Bookings,206549.12,3QFY26,20263,Dec FY26,202612,FY26,EMEA,FB,Commercial,OPP2666,ACC026,Vehement Capital,ES2 Opportunity,N,205,$
Bookings,525287.46,3QFY26,20263,Dec FY26,202612,FY26,Americas,FA,Commercial,OPP2667,ACC018,Oscorp,Renewal,N,74,$
Bookings,926519.73,3QFY26,20263,Dec FY26,202612,FY26,Americas,Others,Enterprise,OPP2668,ACC018,Oscorp,ES2 Opportunity,Y,205,$
Bookings,319099.36,3QFY26,20263,Dec FY26,202612,FY26,APJ,FA,Enterprise,OPP2669,ACC006,Wayne Enterprises,ES1 Opportunity,N,212,$
Bookings,99732.26,3QFY26,20263,Dec FY26,202612,FY26,APJ,FB,Enterprise,OPP2670,ACC007,Soylent Co,Renewal,N,206,$
Bookings,146636.77,3QFY26,20263,Dec FY26,202612,FY26,APJ,FB,Corporate,OPP2671,ACC013,Vandelay Imports,Renewal,N,88,$
Bookings,53542.68,3QFY26,20263,Dec FY26,202612,FY26,Americas,FB,Commercial,OPP2672,ACC030,Planet Express,ES2 Opportunity,N,176,$
Bookings,8861011.06,3QFY26,20263,Dec FY26,202612,FY26,Americas,FA,Enterprise,OPP2673,ACC029,Krusty Krab,ES2 Opportunity,N,154,$
Bookings,554966.95,3QFY26,20263,Dec FY26,202612,FY26,Americas,FB,Enterprise,OPP2674,ACC004,Umbrella Group,ES1 Opportunity,N,155,$
Bookings,44784.54,3QFY26,20263,Dec FY26,202612,FY26,APJ,FA,Commercial,OPP2675,ACC013,Vandelay Imports,Renewal,N,102,$
Bookings,375388.2,3QFY26,20263,Dec FY26,202612,FY26,Americas,FB,Enterprise,OPP2676,ACC007,Soylent Co,Renewal,N,52,$
Bookings,312198.13,3QFY26,20263,Dec FY26,202612,FY26,Americas,FA,Enterprise,OPP2677,ACC027,Spacely Sprockets,ES2 Opportunity,N,51,$
Bookings,3575757.09,3QFY26,20263,Dec FY26,202612,FY26,APJ,FA,Commercial,OPP2678,ACC025,Pendant Publishing,ES1 Opportunity,Y,158,$
Bookings,503209.91,3QFY26,20263,Dec FY26,202612,FY26,EMEA,FA,Enterprise,OPP2679,ACC028,Cogswell Cogs,ES2 Opportunity,N,74,$
Bookings,249685.32,3QFY26,20263,Dec FY26,202612,FY26,EMEA,FA,Corporate,OPP2680,ACC008,Wonka Holdings,ES1 Opportunity,N,79,$
Bookings,77104.13,3QFY26,20263,Dec FY26,202612,FY26,EMEA,FA,Enterprise,OPP2681,ACC018,Oscorp,ES1 Opportunity,N,170,$
Bookings,603248.02,3QFY26,20263,Dec FY26,202612,FY26,APJ,FB,Commercial,OPP2682,ACC002,Globex Corp,ES2 Opportunity,N,56,$
Bookings,243486.19,3QFY26,20263,Dec FY26,202612,FY26,APJ,FA,Commercial,OPP2683,ACC027,Spacely Sprockets,ES2 Opportunity,N,176,$
Bookings,512448.61,3QFY26,20263,Dec FY26,202612,FY26,EMEA,Others,Enterprise,OPP2684,ACC009,Tyrell Systems,ES1 Opportunity,N,192,$
Bookings,90328.93,3QFY26,20263,Dec FY26,202612,FY26,APJ,Others,Enterprise,OPP2685,ACC024,Sterling Cooper,ES2 Opportunity,N,129,$
Bookings,300397.52,3QFY26,20263,Dec FY26,202612,FY26,Americas,FA,Enterprise,OPP2686,ACC028,Cogswell Cogs,Renewal,N,88,$
Bookings,417530.46,3QFY26,20263,Dec FY26,202612,FY26,EMEA,FA,Commercial,OPP2687,ACC015,Hooli,Renewal,N,123,$
Bookings,102285.6,3QFY26,20263,Dec FY26,202612,FY26,APJ,FA,Enterprise,OPP2688,ACC007,Soylent Co,ES2 Opportunity,N,216,$
Bookings,893600.25,3QFY26,20263,Dec FY26,202612,FY26,APJ,Others,Commercial,OPP2689,ACC010,Cyberdyne,ES2 Opportunity,N,66,$
Bookings,281237.02,3QFY26,20263,Dec FY26,202612,FY26,APJ,FA,Enterprise,OPP2690,ACC029,Krusty Krab,ES2 Opportunity,N,128,$
Bookings,1769766.82,3QFY26,20263,Dec FY26,202612,FY26,Americas,FB,Enterprise,OPP2691,ACC009,Tyrell Systems,ES1 Opportunity,N,204,$
Bookings,354982.02,3QFY26,20263,Dec FY26,202612,FY26,Americas,FA,Enterprise,OPP2692,ACC024,Sterling Cooper,ES2 Opportunity,N,154,$
Bookings,893652.77,3QFY26,20263,Dec FY26,202612,FY26,APJ,FA,Enterprise,OPP2693,ACC030,Planet Express,ES2 Opportunity,N,43,$
Bookings,290609.68,3QFY26,20263,Dec FY26,202612,FY26,EMEA,FA,Enterprise,OPP2694,ACC027,Spacely Sprockets,ES2 Opportunity,Y,189,$
Bookings,2502029.89,3QFY26,20263,Dec FY26,202612,FY26,EMEA,FA,Enterprise,OPP2695,ACC026,Vehement Capital,ES2 Opportunity,N,68,$
Bookings,198404.41,3QFY26,20263,Dec FY26,202612,FY26,EMEA,FA,Commercial,OPP2696,ACC009,Tyrell Systems,ES1 Opportunity,N,93,$
Bookings,113586.81,3QFY26,20263,Dec FY26,202612,FY26,Americas,Others,Commercial,OPP2697,ACC025,Pendant Publishing,ES1 Opportunity,Y,206,$
Bookings,1337586.33,3QFY26,20263,Dec FY26,202612,FY26,APJ,FA,Corporate,OPP2698,ACC022,Los Pollos Hermanos,Renewal,N,175,$
Bookings,157335.23,3QFY26,20263,Dec FY26,202612,FY26,EMEA,FA,Enterprise,OPP2699,ACC013,Vandelay Imports,ES2 Opportunity,N,58,$
Bookings,128649.11,3QFY26,20263,Dec FY26,202612,FY26,Americas,FA,Corporate,OPP2700,ACC020,Bluth Co,ES1 Opportunity,N,136,$
Renewal Bookings,150297.45,3QFY26,20263,Dec FY26,202612,FY26,APJ,FA,Commercial,OPP2701,ACC030,Planet Express,Renewal,N,,$
Renewal Bookings,67445.92,3QFY26,20263,Dec FY26,202612,FY26,Americas,FA,Enterprise,OPP2702,ACC010,Cyberdyne,Renewal,N,,$
Renewal Bookings,140625.41,3QFY26,20263,Dec FY26,202612,FY26,APJ,FA,Enterprise,OPP2703,ACC018,Oscorp,Renewal,N,,$
Renewal Bookings,233733.37,3QFY26,20263,Dec FY26,202612,FY26,Americas,Others,Enterprise,OPP2704,ACC002,Globex Corp,Renewal,N,,$
Renewal Bookings,300154.57,3QFY26,20263,Dec FY26,202612,FY26,EMEA,FA,Corporate,OPP2705,ACC028,Cogswell Cogs,Renewal,N,,$
Renewal Bookings,746593.6,3QFY26,20263,Dec FY26,202612,FY26,APJ,FA,Corporate,OPP2706,ACC024,Sterling Cooper,Renewal,N,,$
Renewal Bookings,125840.28,3QFY26,20263,Dec FY26,202612,FY26,EMEA,FA,Corporate,OPP2707,ACC030,Planet Express,Renewal,N,,$
Renewal Bookings,776473.75,3QFY26,20263,Dec FY26,202612,FY26,EMEA,Others,Corporate,OPP2708,ACC001,Acme Industries,Renewal,N,,$
Renewal Bookings,157594.27,3QFY26,20263,Dec FY26,202612,FY26,Americas,FB,Corporate,OPP2709,ACC001,Acme Industries,Renewal,N,,$
Open Pipeline,818026.18,3QFY26,20263,Dec FY26,202612,FY26,APJ,FA,Commercial,OPP2710,ACC015,Hooli,ES1 Opportunity,N,,$
Open Pipeline,618303.01,3QFY26,20263,Dec FY26,202612,FY26,APJ,FA,Enterprise,OPP2711,ACC007,Soylent Co,ES1 Opportunity,N,,$
Open Pipeline,65142.96,3QFY26,20263,Dec FY26,202612,FY26,Americas,FA,Commercial,OPP2712,ACC002,Globex Corp,ES2 Opportunity,N,,$
Open Pipeline,810969.49,3QFY26,20263,Dec FY26,202612,FY26,APJ,FA,Commercial,OPP2713,ACC016,Dunder Mifflin,ES2 Opportunity,N,,$
Open Pipeline,551900.96,3QFY26,20263,Dec FY26,202612,FY26,EMEA,FB,Commercial,OPP2714,ACC015,Hooli,ES1 Opportunity,N,,$
Open Pipeline,220955.68,3QFY26,20263,Dec FY26,202612,FY26,Americas,Others,Commercial,OPP2715,ACC004,Umbrella Group,ES2 Opportunity,N,,$
Open Pipeline,643973.24,3QFY26,20263,Dec FY26,202612,FY26,Americas,FB,Commercial,OPP2716,ACC013,Vandelay Imports,ES2 Opportunity,N,,$
Open Pipeline,780872.58,3QFY26,20263,Dec FY26,202612,FY26,APJ,FA,Commercial,OPP2717,ACC009,Tyrell Systems,ES2 Opportunity,N,,$
Open Pipeline,3623236.43,3QFY26,20263,Dec FY26,202612,FY26,APJ,FA,Corporate,OPP2718,ACC010,Cyberdyne,ES1 Opportunity,N,,$
Open Pipeline,704511.16,3QFY26,20263,Dec FY26,202612,FY26,Americas,FA,Corporate,OPP2719,ACC025,Pendant Publishing,ES2 Opportunity,N,,$
Open Pipeline,2184296.95,3QFY26,20263,Dec FY26,202612,FY26,Americas,Others,Commercial,OPP2720,ACC025,Pendant Publishing,ES2 Opportunity,N,,$
Open Pipeline,1352443.99,3QFY26,20263,Dec FY26,202612,FY26,APJ,FB,Corporate,OPP2721,ACC024,Sterling Cooper,ES1 Opportunity,N,,$
Open Pipeline,1276994.8,3QFY26,20263,Dec FY26,202612,FY26,APJ,FB,Enterprise,OPP2722,ACC016,Dunder Mifflin,ES2 Opportunity,N,,$
Open Pipeline,121982.94,3QFY26,20263,Dec FY26,202612,FY26,Americas,FB,Enterprise,OPP2723,ACC011,Aperture Labs,ES1 Opportunity,N,,$
Open Pipeline,2001411.13,3QFY26,20263,Dec FY26,202612,FY26,EMEA,FA,Enterprise,OPP2724,ACC014,Pied Piper,ES1 Opportunity,N,,$
Open Pipeline,982990.33,3QFY26,20263,Dec FY26,202612,FY26,APJ,FA,Enterprise,OPP2725,ACC027,Spacely Sprockets,ES2 Opportunity,N,,$
Open Pipeline,618060.34,3QFY26,20263,Dec FY26,202612,FY26,APJ,Others,Enterprise,OPP2726,ACC016,Dunder Mifflin,ES2 Opportunity,N,,$
Open Pipeline,178532.81,3QFY26,20263,Dec FY26,202612,FY26,Americas,FA,Enterprise,OPP2727,ACC028,Cogswell Cogs,ES1 Opportunity,N,,$
Open Pipeline,493082.25,3QFY26,20263,Dec FY26,202612,FY26,EMEA,FB,Commercial,OPP2728,ACC028,Cogswell Cogs,ES2 Opportunity,N,,$
Open Pipeline,147403.13,3QFY26,20263,Dec FY26,202612,FY26,EMEA,FB,Enterprise,OPP2729,ACC016,Dunder Mifflin,ES1 Opportunity,N,,$
Open Pipeline,1078716.96,3QFY26,20263,Dec FY26,202612,FY26,Americas,Others,Commercial,OPP2730,ACC010,Cyberdyne,ES2 Opportunity,N,,$
Open Pipeline,768223.42,3QFY26,20263,Dec FY26,202612,FY26,Americas,FB,Commercial,OPP2731,ACC012,Massive Dynamic,ES2 Opportunity,N,,$
Open Pipeline,113934.24,3QFY26,20263,Dec FY26,202612,FY26,EMEA,FA,Corporate,OPP2732,ACC030,Planet Express,ES1 Opportunity,N,,$
Open Pipeline,1117765.75,3QFY26,20263,Dec FY26,202612,FY26,EMEA,FB,Commercial,OPP2733,ACC011,Aperture Labs,ES1 Opportunity,N,,$
Open Pipeline,1790455.99,3QFY26,20263,Dec FY26,202612,FY26,APJ,FB,Enterprise,OPP2734,ACC016,Dunder Mifflin,ES1 Opportunity,N,,$
Open Pipeline,1191892.39,3QFY26,20263,Dec FY26,202612,FY26,EMEA,FA,Enterprise,OPP2735,ACC020,Bluth Co,ES1 Opportunity,N,,$
Open Pipeline,230714.87,3QFY26,20263,Dec FY26,202612,FY26,EMEA,FB,Corporate,OPP2736,ACC009,Tyrell Systems,ES1 Opportunity,N,,$
Open Pipeline,130841.6,3QFY26,20263,Dec FY26,202612,FY26,Americas,FB,Enterprise,OPP2737,ACC028,Cogswell Cogs,ES2 Opportunity,N,,$
Open Pipeline,1092867.9,3QFY26,20263,Dec FY26,202612,FY26,Americas,FB,Enterprise,OPP2738,ACC016,Dunder Mifflin,ES1 Opportunity,N,,$
Open Pipeline,721858.06,3QFY26,20263,Dec FY26,202612,FY26,EMEA,FA,Enterprise,OPP2739,ACC007,Soylent Co,ES1 Opportunity,N,,$
Open Pipeline,2124301.24,3QFY26,20263,Dec FY26,202612,FY26,APJ,FB,Enterprise,OPP2740,ACC029,Krusty Krab,ES2 Opportunity,N,,$
Open Pipeline,74285.72,3QFY26,20263,Dec FY26,202612,FY26,EMEA,FB,Corporate,OPP2741,ACC007,Soylent Co,ES2 Opportunity,N,,$
Open Pipeline,1320563.91,3QFY26,20263,Dec FY26,202612,FY26,Americas,FA,Commercial,OPP2742,ACC015,Hooli,ES1 Opportunity,N,,$
Open Pipeline,718168.66,3QFY26,20263,Dec FY26,202612,FY26,APJ,FA,Enterprise,OPP2743,ACC015,Hooli,ES1 Opportunity,N,,$
Open Pipeline,119391.86,3QFY26,20263,Dec FY26,202612,FY26,EMEA,FA,Commercial,OPP2744,ACC001,Acme Industries,ES2 Opportunity,N,,$
IQC Pipeline,94724.42,3QFY26,20263,Dec FY26,202612,FY26,EMEA,FA,Enterprise,OPP2745,ACC018,Oscorp,ES1 Opportunity,N,,$
IQC Pipeline,70255.32,3QFY26,20263,Dec FY26,202612,FY26,EMEA,FA,Enterprise,OPP2746,ACC002,Globex Corp,ES1 Opportunity,N,,$
IQC Pipeline,426485.86,3QFY26,20263,Dec FY26,202612,FY26,APJ,FA,Commercial,OPP2747,ACC023,Wernham Hogg,ES1 Opportunity,N,,$
IQC Pipeline,568940.96,3QFY26,20263,Dec FY26,202612,FY26,Americas,FA,Enterprise,OPP2748,ACC003,Initech,ES2 Opportunity,N,,$
IQC Pipeline,162322.81,3QFY26,20263,Dec FY26,202612,FY26,EMEA,FA,Enterprise,OPP2749,ACC026,Vehement Capital,ES2 Opportunity,N,,$
IQC Pipeline,239831.77,3QFY26,20263,Dec FY26,202612,FY26,Americas,FB,Enterprise,OPP2750,ACC030,Planet Express,ES2 Opportunity,N,,$
IQC Pipeline,671623.35,3QFY26,20263,Dec FY26,202612,FY26,Americas,FB,Commercial,OPP2751,ACC027,Spacely Sprockets,ES2 Opportunity,N,,$
IQC Pipeline,566985.94,3QFY26,20263,Dec FY26,202612,FY26,Americas,FA,Enterprise,OPP2752,ACC028,Cogswell Cogs,ES2 Opportunity,N,,$
IQC Pipeline,118834.44,3QFY26,20263,Dec FY26,202612,FY26,EMEA,FB,Commercial,OPP2753,ACC025,Pendant Publishing,ES2 Opportunity,N,,$
IQC Pipeline,555999.08,3QFY26,20263,Dec FY26,202612,FY26,Americas,FA,Commercial,OPP2754,ACC019,Gringotts Bank,ES2 Opportunity,N,,$
IQC Pipeline,289626.14,3QFY26,20263,Dec FY26,202612,FY26,Americas,FB,Enterprise,OPP2755,ACC006,Wayne Enterprises,ES1 Opportunity,N,,$
IQC Pipeline,240574.08,3QFY26,20263,Dec FY26,202612,FY26,Americas,Others,Commercial,OPP2756,ACC018,Oscorp,ES2 Opportunity,N,,$
IQC Pipeline,208200.05,3QFY26,20263,Dec FY26,202612,FY26,Americas,FB,Enterprise,OPP2757,ACC029,Krusty Krab,ES2 Opportunity,N,,$
IQC Pipeline,185737.11,3QFY26,20263,Dec FY26,202612,FY26,EMEA,FA,Enterprise,OPP2758,ACC022,Los Pollos Hermanos,ES1 Opportunity,N,,$
IQC Pipeline,306486.01,3QFY26,20263,Dec FY26,202612,FY26,Americas,FA,Enterprise,OPP2759,ACC030,Planet Express,ES2 Opportunity,N,,$
IQC Pipeline,660997.73,3QFY26,20263,Dec FY26,202612,FY26,APJ,FB,Enterprise,OPP2760,ACC007,Soylent Co,ES1 Opportunity,N,,$
Atbats,849268.14,3QFY26,20263,Dec FY26,202612,FY26,Americas,FB,Enterprise,OPP2761,ACC027,Spacely Sprockets,ES1 Opportunity,N,,$
Atbats,151720.95,3QFY26,20263,Dec FY26,202612,FY26,EMEA,FA,Corporate,OPP2762,ACC007,Soylent Co,ES1 Opportunity,N,,$
Atbats,360899.92,3QFY26,20263,Dec FY26,202612,FY26,APJ,FA,Corporate,OPP2763,ACC006,Wayne Enterprises,ES1 Opportunity,N,,$
Atbats,1450820.98,3QFY26,20263,Dec FY26,202612,FY26,APJ,FA,Corporate,OPP2764,ACC008,Wonka Holdings,ES1 Opportunity,N,,$
Atbats,255604.74,3QFY26,20263,Dec FY26,202612,FY26,Americas,FA,Enterprise,OPP2765,ACC014,Pied Piper,ES1 Opportunity,N,,$
Atbats,701078.73,3QFY26,20263,Dec FY26,202612,FY26,EMEA,FA,Enterprise,OPP2766,ACC029,Krusty Krab,ES1 Opportunity,N,,$
Atbats,169287.94,3QFY26,20263,Dec FY26,202612,FY26,EMEA,Others,Corporate,OPP2767,ACC007,Soylent Co,ES1 Opportunity,N,,$
Atbats,60231.52,3QFY26,20263,Dec FY26,202612,FY26,APJ,FB,Corporate,OPP2768,ACC006,Wayne Enterprises,ES1 Opportunity,N,,$
Atbats,492918.78,3QFY26,20263,Dec FY26,202612,FY26,EMEA,FA,Commercial,OPP2769,ACC023,Wernham Hogg,ES2 Opportunity,N,,$
Atbats,495667.22,3QFY26,20263,Dec FY26,202612,FY26,EMEA,FA,Commercial,OPP2770,ACC001,Acme Industries,ES2 Opportunity,N,,$
Atbats,415235.71,3QFY26,20263,Dec FY26,202612,FY26,Americas,Others,Corporate,OPP2771,ACC024,Sterling Cooper,ES1 Opportunity,N,,$
Atbats,302077.19,3QFY26,20263,Dec FY26,202612,FY26,Americas,FB,Corporate,OPP2772,ACC023,Wernham Hogg,ES2 Opportunity,N,,$
Atbats,2774222.17,3QFY26,20263,Dec FY26,202612,FY26,EMEA,FB,Commercial,OPP2773,ACC023,Wernham Hogg,ES1 Opportunity,N,,$
Atbats,202511.3,3QFY26,20263,Dec FY26,202612,FY26,EMEA,FB,Commercial,OPP2774,ACC029,Krusty Krab,ES2 Opportunity,N,,$
Atbats,221235.92,3QFY26,20263,Dec FY26,202612,FY26,Americas,FA,Commercial,OPP2775,ACC019,Gringotts Bank,ES2 Opportunity,N,,$
Atbats,263663.08,3QFY26,20263,Dec FY26,202612,FY26,EMEA,FB,Enterprise,OPP2776,ACC029,Krusty Krab,ES1 Opportunity,N,,$
Atbats,354434.02,3QFY26,20263,Dec FY26,202612,FY26,EMEA,Others,Enterprise,OPP2777,ACC005,Stark Industries,ES2 Opportunity,N,,$
Atbats,231332.3,3QFY26,20263,Dec FY26,202612,FY26,EMEA,FA,Commercial,OPP2778,ACC029,Krusty Krab,ES1 Opportunity,N,,$
Atbats,73852.91,3QFY26,20263,Dec FY26,202612,FY26,APJ,FA,Enterprise,OPP2779,ACC024,Sterling Cooper,ES1 Opportunity,N,,$
Atbats,69826.61,3QFY26,20263,Dec FY26,202612,FY26,Americas,FB,Corporate,OPP2780,ACC018,Oscorp,ES1 Opportunity,N,,$
Atbats,507362.36,3QFY26,20263,Dec FY26,202612,FY26,Americas,FB,Commercial,OPP2781,ACC011,Aperture Labs,ES2 Opportunity,N,,$
Atbats,2564788.53,3QFY26,20263,Dec FY26,202612,FY26,APJ,Others,Commercial,OPP2782,ACC008,Wonka Holdings,ES1 Opportunity,N,,$
Atbats,613539.45,3QFY26,20263,Dec FY26,202612,FY26,APJ,FB,Enterprise,OPP2783,ACC015,Hooli,ES1 Opportunity,N,,$
Atbats,52521.03,3QFY26,20263,Dec FY26,202612,FY26,Americas,FB,Corporate,OPP2784,ACC026,Vehement Capital,ES1 Opportunity,N,,$
Atbats,164803.58,3QFY26,20263,Dec FY26,202612,FY26,Americas,FB,Enterprise,OPP2785,ACC010,Cyberdyne,ES1 Opportunity,N,,$
Atbats,1223201.43,3QFY26,20263,Dec FY26,202612,FY26,Americas,Others,Enterprise,OPP2786,ACC010,Cyberdyne,ES2 Opportunity,N,,$
Atbats,162842.27,3QFY26,20263,Dec FY26,202612,FY26,APJ,FA,Enterprise,OPP2787,ACC014,Pied Piper,ES1 Opportunity,N,,$
Atbats,235256.97,3QFY26,20263,Dec FY26,202612,FY26,EMEA,FA,Commercial,OPP2788,ACC020,Bluth Co,ES2 Opportunity,N,,$
Atbats,595914.31,3QFY26,20263,Dec FY26,202612,FY26,Americas,FA,Enterprise,OPP2789,ACC016,Dunder Mifflin,ES2 Opportunity,N,,$
Atbats,988856.53,3QFY26,20263,Dec FY26,202612,FY26,APJ,FB,Enterprise,OPP2790,ACC029,Krusty Krab,ES1 Opportunity,N,,$
Atbats,355669.65,3QFY26,20263,Dec FY26,202612,FY26,Americas,Others,Commercial,OPP2791,ACC009,Tyrell Systems,ES2 Opportunity,N,,$
Atbats,392647.39,3QFY26,20263,Dec FY26,202612,FY26,APJ,FB,Commercial,OPP2792,ACC013,Vandelay Imports,ES2 Opportunity,N,,$
Atbats,635426.34,3QFY26,20263,Dec FY26,202612,FY26,EMEA,FA,Enterprise,OPP2793,ACC028,Cogswell Cogs,ES1 Opportunity,N,,$
Atbats,291303.15,3QFY26,20263,Dec FY26,202612,FY26,Americas,FA,Enterprise,OPP2794,ACC025,Pendant Publishing,ES1 Opportunity,N,,$
Atbats,70232.36,3QFY26,20263,Dec FY26,202612,FY26,Americas,FA,Commercial,OPP2795,ACC013,Vandelay Imports,ES1 Opportunity,N,,$
Atbats,1101357.89,3QFY26,20263,Dec FY26,202612,FY26,APJ,FA,Commercial,OPP2796,ACC016,Dunder Mifflin,ES1 Opportunity,N,,$
Atbats,130425.23,3QFY26,20263,Dec FY26,202612,FY26,Americas,FA,Commercial,OPP2797,ACC022,Los Pollos Hermanos,ES2 Opportunity,N,,$
Atbats,132476.37,3QFY26,20263,Dec FY26,202612,FY26,Americas,FA,Commercial,OPP2798,ACC006,Wayne Enterprises,ES1 Opportunity,N,,$
Atbats,158570.12,3QFY26,20263,Dec FY26,202612,FY26,APJ,FB,Commercial,OPP2799,ACC026,Vehement Capital,ES1 Opportunity,N,,$
Atbats,438227.87,3QFY26,20263,Dec FY26,202612,FY26,EMEA,FB,Enterprise,OPP2800,ACC029,Krusty Krab,ES1 Opportunity,N,,$
Atbats,899292.25,3QFY26,20263,Dec FY26,202612,FY26,Americas,FA,Enterprise,OPP2801,ACC023,Wernham Hogg,ES2 Opportunity,N,,$
Atbats,313695.75,3QFY26,20263,Dec FY26,202612,FY26,EMEA,Others,Commercial,OPP2802,ACC017,Nakatomi Trading,ES2 Opportunity,N,,$
Atbats,93810.04,3QFY26,20263,Dec FY26,202612,FY26,APJ,FA,Commercial,OPP2803,ACC018,Oscorp,ES1 Opportunity,N,,$
Atbats,234022.04,3QFY26,20263,Dec FY26,202612,FY26,APJ,FA,Enterprise,OPP2804,ACC008,Wonka Holdings,ES1 Opportunity,N,,$
Atbats,174427.54,3QFY26,20263,Dec FY26,202612,FY26,APJ,FB,Enterprise,OPP2805,ACC026,Vehement Capital,ES2 Opportunity,N,,$
Atbats,153795.84,3QFY26,20263,Dec FY26,202612,FY26,EMEA,Others,Enterprise,OPP2806,ACC028,Cogswell Cogs,ES1 Opportunity,N,,$
Atbats,346650.4,3QFY26,20263,Dec FY26,202612,FY26,APJ,FA,Commercial,OPP2807,ACC013,Vandelay Imports,ES2 Opportunity,N,,$
Atbats,461751.13,3QFY26,20263,Dec FY26,202612,FY26,Americas,FA,Enterprise,OPP2808,ACC028,Cogswell Cogs,ES1 Opportunity,N,,$
Atbats,851300.08,3QFY26,20263,Dec FY26,202612,FY26,Americas,FB,Enterprise,OPP2809,ACC027,Spacely Sprockets,ES1 Opportunity,N,,$
Atbats,933503.47,3QFY26,20263,Dec FY26,202612,FY26,EMEA,FA,Enterprise,OPP2810,ACC007,Soylent Co,ES2 Opportunity,N,,$
Atbats,224751.07,3QFY26,20263,Dec FY26,202612,FY26,Americas,FB,Enterprise,OPP2811,ACC026,Vehement Capital,ES1 Opportunity,N,,$
Atbats,371925.57,3QFY26,20263,Dec FY26,202612,FY26,APJ,FA,Commercial,OPP2812,ACC025,Pendant Publishing,ES2 Opportunity,N,,$
Atbats,58521.64,3QFY26,20263,Dec FY26,202612,FY26,EMEA,FA,Enterprise,OPP2813,ACC005,Stark Industries,ES1 Opportunity,N,,$
Atbats,212740.2,3QFY26,20263,Dec FY26,202612,FY26,APJ,FB,Corporate,OPP2814,ACC018,Oscorp,ES2 Opportunity,N,,$
Atbats,3395573.33,3QFY26,20263,Dec FY26,202612,FY26,EMEA,FA,Enterprise,OPP2815,ACC023,Wernham Hogg,ES1 Opportunity,N,,$
Atbats,513082.56,3QFY26,20263,Dec FY26,202612,FY26,APJ,FB,Commercial,OPP2816,ACC016,Dunder Mifflin,ES1 Opportunity,N,,$
Atbats,146249.71,3QFY26,20263,Dec FY26,202612,FY26,EMEA,FA,Commercial,OPP2817,ACC021,Strickland Propane,ES2 Opportunity,N,,$
Atbats,209651.97,3QFY26,20263,Dec FY26,202612,FY26,EMEA,FB,Enterprise,OPP2818,ACC011,Aperture Labs,ES1 Opportunity,N,,$
Atbats,1809512.19,3QFY26,20263,Dec FY26,202612,FY26,EMEA,Others,Enterprise,OPP2819,ACC022,Los Pollos Hermanos,ES2 Opportunity,N,,$
Atbats,294397.04,3QFY26,20263,Dec FY26,202612,FY26,EMEA,FB,Enterprise,OPP2820,ACC026,Vehement Capital,ES1 Opportunity,N,,$
Atbats,117591.85,3QFY26,20263,Dec FY26,202612,FY26,EMEA,FB,Commercial,OPP2821,ACC015,Hooli,ES2 Opportunity,N,,$
Atbats,428701.52,3QFY26,20263,Dec FY26,202612,FY26,APJ,FB,Enterprise,OPP2822,ACC020,Bluth Co,ES2 Opportunity,N,,$
Atbats,77386.72,3QFY26,20263,Dec FY26,202612,FY26,EMEA,FA,Enterprise,OPP2823,ACC030,Planet Express,ES1 Opportunity,N,,$
Atbats,465902.81,3QFY26,20263,Dec FY26,202612,FY26,Americas,FA,Enterprise,OPP2824,ACC013,Vandelay Imports,ES2 Opportunity,N,,$
Atbats,441177.44,3QFY26,20263,Dec FY26,202612,FY26,APJ,FA,Enterprise,OPP2825,ACC021,Strickland Propane,ES1 Opportunity,N,,$
Atbats,338651.81,3QFY26,20263,Dec FY26,202612,FY26,Americas,FA,Enterprise,OPP2826,ACC002,Globex Corp,ES1 Opportunity,N,,$
Atbats,84962.27,3QFY26,20263,Dec FY26,202612,FY26,Americas,FB,Corporate,OPP2827,ACC007,Soylent Co,ES1 Opportunity,N,,$
Atbats,222185.52,3QFY26,20263,Dec FY26,202612,FY26,Americas,FB,Commercial,OPP2828,ACC018,Oscorp,ES2 Opportunity,N,,$
Bookings,721165.96,3QFY26,20263,Jan FY26,202601,FY26,EMEA,FB,Enterprise,OPP2829,ACC013,Vandelay Imports,Renewal,N,82,$
Bookings,282406.48,3QFY26,20263,Jan FY26,202601,FY26,APJ,FB,Corporate,OPP2830,ACC016,Dunder Mifflin,ES2 Opportunity,N,93,$
Bookings,737406.12,3QFY26,20263,Jan FY26,202601,FY26,Americas,Others,Corporate,OPP2831,ACC001,Acme Industries,ES2 Opportunity,N,108,$
Bookings,164408.01,3QFY26,20263,Jan FY26,202601,FY26,EMEA,FA,Enterprise,OPP2832,ACC023,Wernham Hogg,ES2 Opportunity,N,68,$
Bookings,728568.23,3QFY26,20263,Jan FY26,202601,FY26,EMEA,FA,Commercial,OPP2833,ACC022,Los Pollos Hermanos,ES2 Opportunity,N,164,$
Bookings,242672.14,3QFY26,20263,Jan FY26,202601,FY26,EMEA,FB,Commercial,OPP2834,ACC023,Wernham Hogg,ES2 Opportunity,Y,208,$
Bookings,467623.48,3QFY26,20263,Jan FY26,202601,FY26,Americas,FA,Enterprise,OPP2835,ACC010,Cyberdyne,ES2 Opportunity,N,127,$
Bookings,334429.33,3QFY26,20263,Jan FY26,202601,FY26,APJ,FA,Commercial,OPP2836,ACC026,Vehement Capital,ES1 Opportunity,Y,176,$
Bookings,203101.64,3QFY26,20263,Jan FY26,202601,FY26,APJ,FA,Enterprise,OPP2837,ACC012,Massive Dynamic,ES1 Opportunity,N,123,$
Bookings,743171.21,3QFY26,20263,Jan FY26,202601,FY26,Americas,Others,Commercial,OPP2838,ACC026,Vehement Capital,ES1 Opportunity,N,39,$
Bookings,1570945.85,3QFY26,20263,Jan FY26,202601,FY26,Americas,FB,Enterprise,OPP2839,ACC018,Oscorp,ES1 Opportunity,Y,50,$
Bookings,275507.86,3QFY26,20263,Jan FY26,202601,FY26,Americas,Others,Enterprise,OPP2840,ACC008,Wonka Holdings,Renewal,N,134,$
Bookings,130867.75,3QFY26,20263,Jan FY26,202601,FY26,Americas,FB,Commercial,OPP2841,ACC028,Cogswell Cogs,ES1 Opportunity,N,219,$
Bookings,107082.24,3QFY26,20263,Jan FY26,202601,FY26,Americas,FA,Corporate,OPP2842,ACC023,Wernham Hogg,ES2 Opportunity,Y,55,$
Bookings,44767.8,3QFY26,20263,Jan FY26,202601,FY26,EMEA,FB,Enterprise,OPP2843,ACC018,Oscorp,ES2 Opportunity,N,92,$
Bookings,586669.31,3QFY26,20263,Jan FY26,202601,FY26,EMEA,FA,Enterprise,OPP2844,ACC002,Globex Corp,ES1 Opportunity,N,72,$
Bookings,1248057.13,3QFY26,20263,Jan FY26,202601,FY26,Americas,FA,Commercial,OPP2845,ACC006,Wayne Enterprises,ES1 Opportunity,N,40,$
Bookings,61724.1,3QFY26,20263,Jan FY26,202601,FY26,EMEA,FA,Commercial,OPP2846,ACC018,Oscorp,ES1 Opportunity,N,133,$
Bookings,1410008.99,3QFY26,20263,Jan FY26,202601,FY26,APJ,FA,Commercial,OPP2847,ACC024,Sterling Cooper,ES1 Opportunity,N,94,$
Bookings,353456.29,3QFY26,20263,Jan FY26,202601,FY26,EMEA,FA,Enterprise,OPP2848,ACC012,Massive Dynamic,ES2 Opportunity,N,59,$
Bookings,423698.14,3QFY26,20263,Jan FY26,202601,FY26,EMEA,FA,Commercial,OPP2849,ACC007,Soylent Co,ES1 Opportunity,N,193,$
Bookings,814680.41,3QFY26,20263,Jan FY26,202601,FY26,APJ,FA,Commercial,OPP2850,ACC005,Stark Industries,ES2 Opportunity,Y,88,$
Bookings,852663.77,3QFY26,20263,Jan FY26,202601,FY26,APJ,FA,Corporate,OPP2851,ACC014,Pied Piper,ES1 Opportunity,N,92,$
Bookings,743365.05,3QFY26,20263,Jan FY26,202601,FY26,EMEA,Others,Corporate,OPP2852,ACC003,Initech,Renewal,N,183,$
Bookings,38405.69,3QFY26,20263,Jan FY26,202601,FY26,Americas,Others,Corporate,OPP2853,ACC012,Massive Dynamic,ES1 Opportunity,N,109,$
Bookings,403743.64,3QFY26,20263,Jan FY26,202601,FY26,Americas,FB,Enterprise,OPP2854,ACC011,Aperture Labs,ES1 Opportunity,N,147,$
Bookings,196298.14,3QFY26,20263,Jan FY26,202601,FY26,APJ,FB,Corporate,OPP2855,ACC014,Pied Piper,ES1 Opportunity,N,39,$
Bookings,753452.58,3QFY26,20263,Jan FY26,202601,FY26,APJ,FA,Corporate,OPP2856,ACC013,Vandelay Imports,Renewal,N,114,$
Bookings,637489.29,3QFY26,20263,Jan FY26,202601,FY26,EMEA,FA,Commercial,OPP2857,ACC020,Bluth Co,ES2 Opportunity,N,130,$
Bookings,319039.55,3QFY26,20263,Jan FY26,202601,FY26,Americas,FA,Commercial,OPP2858,ACC007,Soylent Co,Renewal,N,30,$
Bookings,818175.0,3QFY26,20263,Jan FY26,202601,FY26,Americas,Others,Commercial,OPP2859,ACC015,Hooli,ES2 Opportunity,N,117,$
Bookings,143563.96,3QFY26,20263,Jan FY26,202601,FY26,APJ,FA,Commercial,OPP2860,ACC022,Los Pollos Hermanos,ES1 Opportunity,N,213,$
Bookings,660854.0,3QFY26,20263,Jan FY26,202601,FY26,Americas,FA,Enterprise,OPP2861,ACC011,Aperture Labs,ES1 Opportunity,N,106,$
Renewal Bookings,36391.24,3QFY26,20263,Jan FY26,202601,FY26,EMEA,FA,Enterprise,OPP2862,ACC008,Wonka Holdings,Renewal,N,,$
Renewal Bookings,392320.86,3QFY26,20263,Jan FY26,202601,FY26,Americas,FA,Enterprise,OPP2863,ACC004,Umbrella Group,Renewal,N,,$
Renewal Bookings,367898.9,3QFY26,20263,Jan FY26,202601,FY26,EMEA,FB,Enterprise,OPP2864,ACC011,Aperture Labs,Renewal,N,,$
Renewal Bookings,131839.15,3QFY26,20263,Jan FY26,202601,FY26,APJ,FA,Corporate,OPP2865,ACC003,Initech,Renewal,N,,$
Renewal Bookings,62771.84,3QFY26,20263,Jan FY26,202601,FY26,EMEA,FA,Commercial,OPP2866,ACC001,Acme Industries,Renewal,N,,$
Renewal Bookings,132092.14,3QFY26,20263,Jan FY26,202601,FY26,EMEA,FA,Corporate,OPP2867,ACC016,Dunder Mifflin,Renewal,N,,$
Renewal Bookings,593106.85,3QFY26,20263,Jan FY26,202601,FY26,Americas,FA,Corporate,OPP2868,ACC010,Cyberdyne,Renewal,N,,$
Renewal Bookings,26127.19,3QFY26,20263,Jan FY26,202601,FY26,EMEA,FA,Enterprise,OPP2869,ACC013,Vandelay Imports,Renewal,N,,$
Renewal Bookings,77137.04,3QFY26,20263,Jan FY26,202601,FY26,Americas,Others,Commercial,OPP2870,ACC023,Wernham Hogg,Renewal,N,,$
Renewal Bookings,103200.97,3QFY26,20263,Jan FY26,202601,FY26,APJ,FA,Commercial,OPP2871,ACC002,Globex Corp,Renewal,N,,$
Renewal Bookings,93900.22,3QFY26,20263,Jan FY26,202601,FY26,Americas,FA,Commercial,OPP2872,ACC002,Globex Corp,Renewal,N,,$
Open Pipeline,874592.32,3QFY26,20263,Jan FY26,202601,FY26,Americas,Others,Corporate,OPP2873,ACC009,Tyrell Systems,ES2 Opportunity,N,,$
Open Pipeline,670226.62,3QFY26,20263,Jan FY26,202601,FY26,APJ,FA,Commercial,OPP2874,ACC015,Hooli,ES2 Opportunity,N,,$
Open Pipeline,565220.7,3QFY26,20263,Jan FY26,202601,FY26,APJ,FB,Commercial,OPP2875,ACC008,Wonka Holdings,ES2 Opportunity,N,,$
Open Pipeline,617770.65,3QFY26,20263,Jan FY26,202601,FY26,EMEA,FB,Commercial,OPP2876,ACC012,Massive Dynamic,ES1 Opportunity,N,,$
Open Pipeline,1350628.15,3QFY26,20263,Jan FY26,202601,FY26,APJ,FB,Enterprise,OPP2877,ACC008,Wonka Holdings,ES1 Opportunity,N,,$
Open Pipeline,634208.9,3QFY26,20263,Jan FY26,202601,FY26,EMEA,FA,Enterprise,OPP2878,ACC019,Gringotts Bank,ES2 Opportunity,N,,$
Open Pipeline,940273.67,3QFY26,20263,Jan FY26,202601,FY26,EMEA,FA,Commercial,OPP2879,ACC011,Aperture Labs,ES2 Opportunity,N,,$
Open Pipeline,950082.33,3QFY26,20263,Jan FY26,202601,FY26,APJ,FA,Enterprise,OPP2880,ACC022,Los Pollos Hermanos,ES1 Opportunity,N,,$
Open Pipeline,2407438.6,3QFY26,20263,Jan FY26,202601,FY26,APJ,FA,Commercial,OPP2881,ACC021,Strickland Propane,ES1 Opportunity,N,,$
Open Pipeline,262027.89,3QFY26,20263,Jan FY26,202601,FY26,EMEA,FA,Corporate,OPP2882,ACC028,Cogswell Cogs,ES1 Opportunity,N,,$
Open Pipeline,311703.52,3QFY26,20263,Jan FY26,202601,FY26,EMEA,FB,Commercial,OPP2883,ACC030,Planet Express,ES1 Opportunity,N,,$
Open Pipeline,204861.36,3QFY26,20263,Jan FY26,202601,FY26,Americas,FA,Corporate,OPP2884,ACC029,Krusty Krab,ES2 Opportunity,N,,$
Open Pipeline,124549.77,3QFY26,20263,Jan FY26,202601,FY26,EMEA,Others,Corporate,OPP2885,ACC014,Pied Piper,ES1 Opportunity,N,,$
Open Pipeline,307186.26,3QFY26,20263,Jan FY26,202601,FY26,APJ,FA,Enterprise,OPP2886,ACC027,Spacely Sprockets,ES2 Opportunity,N,,$
Open Pipeline,66744.57,3QFY26,20263,Jan FY26,202601,FY26,APJ,FB,Enterprise,OPP2887,ACC017,Nakatomi Trading,ES2 Opportunity,N,,$
Open Pipeline,621296.79,3QFY26,20263,Jan FY26,202601,FY26,APJ,FB,Commercial,OPP2888,ACC018,Oscorp,ES1 Opportunity,N,,$
Open Pipeline,398077.52,3QFY26,20263,Jan FY26,202601,FY26,Americas,FA,Commercial,OPP2889,ACC016,Dunder Mifflin,ES1 Opportunity,N,,$
Open Pipeline,1165891.03,3QFY26,20263,Jan FY26,202601,FY26,EMEA,Others,Commercial,OPP2890,ACC011,Aperture Labs,ES2 Opportunity,N,,$
Open Pipeline,925380.68,3QFY26,20263,Jan FY26,202601,FY26,EMEA,FA,Commercial,OPP2891,ACC008,Wonka Holdings,ES2 Opportunity,N,,$
Open Pipeline,878625.07,3QFY26,20263,Jan FY26,202601,FY26,EMEA,FA,Commercial,OPP2892,ACC027,Spacely Sprockets,ES2 Opportunity,N,,$
Open Pipeline,382495.54,3QFY26,20263,Jan FY26,202601,FY26,EMEA,FA,Enterprise,OPP2893,ACC018,Oscorp,ES1 Opportunity,N,,$
Open Pipeline,1451918.58,3QFY26,20263,Jan FY26,202601,FY26,EMEA,FA,Corporate,OPP2894,ACC025,Pendant Publishing,ES1 Opportunity,N,,$
Open Pipeline,624728.95,3QFY26,20263,Jan FY26,202601,FY26,APJ,FB,Commercial,OPP2895,ACC018,Oscorp,ES1 Opportunity,N,,$
Open Pipeline,651625.92,3QFY26,20263,Jan FY26,202601,FY26,Americas,Others,Corporate,OPP2896,ACC024,Sterling Cooper,ES2 Opportunity,N,,$
Open Pipeline,231530.86,3QFY26,20263,Jan FY26,202601,FY26,Americas,FA,Enterprise,OPP2897,ACC008,Wonka Holdings,ES2 Opportunity,N,,$
Open Pipeline,131640.6,3QFY26,20263,Jan FY26,202601,FY26,APJ,FA,Enterprise,OPP2898,ACC024,Sterling Cooper,ES2 Opportunity,N,,$
Open Pipeline,233260.52,3QFY26,20263,Jan FY26,202601,FY26,EMEA,FA,Commercial,OPP2899,ACC003,Initech,ES1 Opportunity,N,,$
Open Pipeline,3014152.42,3QFY26,20263,Jan FY26,202601,FY26,EMEA,Others,Enterprise,OPP2900,ACC004,Umbrella Group,ES2 Opportunity,N,,$
Open Pipeline,444040.52,3QFY26,20263,Jan FY26,202601,FY26,APJ,FA,Enterprise,OPP2901,ACC009,Tyrell Systems,ES1 Opportunity,N,,$
Open Pipeline,945701.08,3QFY26,20263,Jan FY26,202601,FY26,Americas,FA,Enterprise,OPP2902,ACC009,Tyrell Systems,ES2 Opportunity,N,,$
Open Pipeline,183184.39,3QFY26,20263,Jan FY26,202601,FY26,APJ,FB,Commercial,OPP2903,ACC030,Planet Express,ES2 Opportunity,N,,$
Open Pipeline,872764.84,3QFY26,20263,Jan FY26,202601,FY26,EMEA,Others,Commercial,OPP2904,ACC026,Vehement Capital,ES2 Opportunity,N,,$
Open Pipeline,494878.8,3QFY26,20263,Jan FY26,202601,FY26,Americas,FA,Commercial,OPP2905,ACC019,Gringotts Bank,ES2 Opportunity,N,,$
Open Pipeline,696844.07,3QFY26,20263,Jan FY26,202601,FY26,APJ,FA,Commercial,OPP2906,ACC016,Dunder Mifflin,ES1 Opportunity,N,,$
Open Pipeline,530017.76,3QFY26,20263,Jan FY26,202601,FY26,EMEA,FB,Enterprise,OPP2907,ACC015,Hooli,ES2 Opportunity,N,,$
IQC Pipeline,79064.57,3QFY26,20263,Jan FY26,202601,FY26,APJ,Others,Commercial,OPP2908,ACC027,Spacely Sprockets,ES2 Opportunity,N,,$
IQC Pipeline,275543.66,3QFY26,20263,Jan FY26,202601,FY26,Americas,FB,Commercial,OPP2909,ACC005,Stark Industries,ES2 Opportunity,N,,$
IQC Pipeline,267465.08,3QFY26,20263,Jan FY26,202601,FY26,APJ,FB,Enterprise,OPP2910,ACC002,Globex Corp,ES1 Opportunity,N,,$
IQC Pipeline,1149923.96,3QFY26,20263,Jan FY26,202601,FY26,Americas,FA,Corporate,OPP2911,ACC028,Cogswell Cogs,ES2 Opportunity,N,,$
IQC Pipeline,1834628.75,3QFY26,20263,Jan FY26,202601,FY26,Americas,FA,Corporate,OPP2912,ACC017,Nakatomi Trading,ES1 Opportunity,N,,$
IQC Pipeline,185922.67,3QFY26,20263,Jan FY26,202601,FY26,APJ,FA,Enterprise,OPP2913,ACC011,Aperture Labs,ES1 Opportunity,N,,$
IQC Pipeline,163174.69,3QFY26,20263,Jan FY26,202601,FY26,Americas,Others,Commercial,OPP2914,ACC012,Massive Dynamic,ES1 Opportunity,N,,$
IQC Pipeline,581457.45,3QFY26,20263,Jan FY26,202601,FY26,Americas,FA,Enterprise,OPP2915,ACC008,Wonka Holdings,ES1 Opportunity,N,,$
IQC Pipeline,96308.71,3QFY26,20263,Jan FY26,202601,FY26,APJ,FB,Corporate,OPP2916,ACC023,Wernham Hogg,ES2 Opportunity,N,,$
IQC Pipeline,361308.96,3QFY26,20263,Jan FY26,202601,FY26,APJ,FA,Corporate,OPP2917,ACC004,Umbrella Group,ES1 Opportunity,N,,$
IQC Pipeline,198498.4,3QFY26,20263,Jan FY26,202601,FY26,EMEA,FB,Enterprise,OPP2918,ACC019,Gringotts Bank,ES2 Opportunity,N,,$
IQC Pipeline,247278.2,3QFY26,20263,Jan FY26,202601,FY26,Americas,FB,Commercial,OPP2919,ACC003,Initech,ES1 Opportunity,N,,$
IQC Pipeline,208878.36,3QFY26,20263,Jan FY26,202601,FY26,APJ,FB,Enterprise,OPP2920,ACC016,Dunder Mifflin,ES1 Opportunity,N,,$
IQC Pipeline,56591.48,3QFY26,20263,Jan FY26,202601,FY26,Americas,FB,Corporate,OPP2921,ACC008,Wonka Holdings,ES1 Opportunity,N,,$
IQC Pipeline,312728.14,3QFY26,20263,Jan FY26,202601,FY26,APJ,FB,Enterprise,OPP2922,ACC002,Globex Corp,ES2 Opportunity,N,,$
IQC Pipeline,216883.04,3QFY26,20263,Jan FY26,202601,FY26,EMEA,FA,Commercial,OPP2923,ACC013,Vandelay Imports,ES2 Opportunity,N,,$
IQC Pipeline,1178661.97,3QFY26,20263,Jan FY26,202601,FY26,APJ,FA,Enterprise,OPP2924,ACC004,Umbrella Group,ES1 Opportunity,N,,$
IQC Pipeline,477010.41,3QFY26,20263,Jan FY26,202601,FY26,APJ,FA,Corporate,OPP2925,ACC007,Soylent Co,ES2 Opportunity,N,,$
Atbats,785430.61,3QFY26,20263,Jan FY26,202601,FY26,APJ,FB,Corporate,OPP2926,ACC023,Wernham Hogg,ES2 Opportunity,N,,$
Atbats,1727219.14,3QFY26,20263,Jan FY26,202601,FY26,APJ,FA,Corporate,OPP2927,ACC004,Umbrella Group,ES2 Opportunity,N,,$
Atbats,522471.11,3QFY26,20263,Jan FY26,202601,FY26,APJ,FA,Commercial,OPP2928,ACC011,Aperture Labs,ES2 Opportunity,N,,$
Atbats,200795.76,3QFY26,20263,Jan FY26,202601,FY26,APJ,FB,Enterprise,OPP2929,ACC014,Pied Piper,ES2 Opportunity,N,,$
Atbats,234786.63,3QFY26,20263,Jan FY26,202601,FY26,EMEA,FA,Enterprise,OPP2930,ACC007,Soylent Co,ES1 Opportunity,N,,$
Atbats,286296.91,3QFY26,20263,Jan FY26,202601,FY26,APJ,Others,Commercial,OPP2931,ACC009,Tyrell Systems,ES2 Opportunity,N,,$
Atbats,313443.32,3QFY26,20263,Jan FY26,202601,FY26,EMEA,FA,Enterprise,OPP2932,ACC002,Globex Corp,ES1 Opportunity,N,,$
Atbats,885895.8,3QFY26,20263,Jan FY26,202601,FY26,Americas,FA,Corporate,OPP2933,ACC009,Tyrell Systems,ES2 Opportunity,N,,$
Atbats,32858.72,3QFY26,20263,Jan FY26,202601,FY26,EMEA,FB,Commercial,OPP2934,ACC012,Massive Dynamic,ES1 Opportunity,N,,$
Atbats,234120.74,3QFY26,20263,Jan FY26,202601,FY26,Americas,FB,Enterprise,OPP2935,ACC013,Vandelay Imports,ES2 Opportunity,N,,$
Atbats,169119.03,3QFY26,20263,Jan FY26,202601,FY26,EMEA,Others,Enterprise,OPP2936,ACC016,Dunder Mifflin,ES2 Opportunity,N,,$
Atbats,463583.58,3QFY26,20263,Jan FY26,202601,FY26,Americas,FA,Commercial,OPP2937,ACC023,Wernham Hogg,ES1 Opportunity,N,,$
Atbats,376939.07,3QFY26,20263,Jan FY26,202601,FY26,EMEA,FA,Commercial,OPP2938,ACC008,Wonka Holdings,ES1 Opportunity,N,,$
Atbats,903072.56,3QFY26,20263,Jan FY26,202601,FY26,Americas,FB,Commercial,OPP2939,ACC020,Bluth Co,ES1 Opportunity,N,,$
Atbats,1959389.73,3QFY26,20263,Jan FY26,202601,FY26,Americas,FB,Corporate,OPP2940,ACC001,Acme Industries,ES2 Opportunity,N,,$
Atbats,139340.4,3QFY26,20263,Jan FY26,202601,FY26,APJ,FA,Enterprise,OPP2941,ACC006,Wayne Enterprises,ES2 Opportunity,N,,$
Atbats,137383.34,3QFY26,20263,Jan FY26,202601,FY26,EMEA,FA,Corporate,OPP2942,ACC021,Strickland Propane,ES1 Opportunity,N,,$
Atbats,124852.98,3QFY26,20263,Jan FY26,202601,FY26,APJ,FB,Enterprise,OPP2943,ACC020,Bluth Co,ES2 Opportunity,N,,$
Atbats,181463.88,3QFY26,20263,Jan FY26,202601,FY26,Americas,Others,Enterprise,OPP2944,ACC018,Oscorp,ES1 Opportunity,N,,$
Atbats,249921.43,3QFY26,20263,Jan FY26,202601,FY26,APJ,FA,Enterprise,OPP2945,ACC005,Stark Industries,ES1 Opportunity,N,,$
Atbats,152897.59,3QFY26,20263,Jan FY26,202601,FY26,APJ,FA,Commercial,OPP2946,ACC015,Hooli,ES1 Opportunity,N,,$
Atbats,585205.37,3QFY26,20263,Jan FY26,202601,FY26,Americas,FA,Enterprise,OPP2947,ACC030,Planet Express,ES2 Opportunity,N,,$
Atbats,429115.75,3QFY26,20263,Jan FY26,202601,FY26,EMEA,FB,Corporate,OPP2948,ACC003,Initech,ES1 Opportunity,N,,$
Atbats,252982.15,3QFY26,20263,Jan FY26,202601,FY26,Americas,FA,Enterprise,OPP2949,ACC024,Sterling Cooper,ES1 Opportunity,N,,$
Atbats,913672.21,3QFY26,20263,Jan FY26,202601,FY26,Americas,FA,Enterprise,OPP2950,ACC025,Pendant Publishing,ES2 Opportunity,N,,$
Atbats,158194.0,3QFY26,20263,Jan FY26,202601,FY26,EMEA,FA,Commercial,OPP2951,ACC019,Gringotts Bank,ES2 Opportunity,N,,$
Atbats,185922.49,3QFY26,20263,Jan FY26,202601,FY26,EMEA,Others,Commercial,OPP2952,ACC006,Wayne Enterprises,ES1 Opportunity,N,,$
Atbats,452182.18,3QFY26,20263,Jan FY26,202601,FY26,EMEA,FA,Corporate,OPP2953,ACC002,Globex Corp,ES2 Opportunity,N,,$
Atbats,594056.27,3QFY26,20263,Jan FY26,202601,FY26,Americas,FA,Enterprise,OPP2954,ACC015,Hooli,ES2 Opportunity,N,,$
Atbats,210028.11,3QFY26,20263,Jan FY26,202601,FY26,Americas,FB,Commercial,OPP2955,ACC025,Pendant Publishing,ES2 Opportunity,N,,$
Atbats,918047.61,3QFY26,20263,Jan FY26,202601,FY26,APJ,FA,Commercial,OPP2956,ACC006,Wayne Enterprises,ES1 Opportunity,N,,$
Atbats,345738.46,3QFY26,20263,Jan FY26,202601,FY26,EMEA,FA,Enterprise,OPP2957,ACC014,Pied Piper,ES1 Opportunity,N,,$
Atbats,201709.85,3QFY26,20263,Jan FY26,202601,FY26,Americas,FA,Commercial,OPP2958,ACC023,Wernham Hogg,ES2 Opportunity,N,,$
Atbats,391195.33,3QFY26,20263,Jan FY26,202601,FY26,APJ,FA,Corporate,OPP2959,ACC030,Planet Express,ES1 Opportunity,N,,$
Atbats,450492.76,3QFY26,20263,Jan FY26,202601,FY26,EMEA,FA,Corporate,OPP2960,ACC019,Gringotts Bank,ES1 Opportunity,N,,$
Atbats,149230.03,3QFY26,20263,Jan FY26,202601,FY26,Americas,FB,Commercial,OPP2961,ACC009,Tyrell Systems,ES2 Opportunity,N,,$
Atbats,4281724.39,3QFY26,20263,Jan FY26,202601,FY26,Americas,FA,Enterprise,OPP2962,ACC015,Hooli,ES1 Opportunity,N,,$
Atbats,41719.32,3QFY26,20263,Jan FY26,202601,FY26,Americas,FA,Commercial,OPP2963,ACC004,Umbrella Group,ES1 Opportunity,N,,$
Atbats,428934.36,3QFY26,20263,Jan FY26,202601,FY26,APJ,FB,Commercial,OPP2964,ACC017,Nakatomi Trading,ES2 Opportunity,N,,$
Atbats,710749.8,3QFY26,20263,Jan FY26,202601,FY26,Americas,FA,Commercial,OPP2965,ACC008,Wonka Holdings,ES1 Opportunity,N,,$
Atbats,389205.53,3QFY26,20263,Jan FY26,202601,FY26,APJ,FA,Enterprise,OPP2966,ACC005,Stark Industries,ES2 Opportunity,N,,$
Atbats,327223.44,3QFY26,20263,Jan FY26,202601,FY26,Americas,FB,Enterprise,OPP2967,ACC017,Nakatomi Trading,ES1 Opportunity,N,,$
Atbats,122446.88,3QFY26,20263,Jan FY26,202601,FY26,EMEA,FB,Commercial,OPP2968,ACC011,Aperture Labs,ES1 Opportunity,N,,$
Atbats,293123.64,3QFY26,20263,Jan FY26,202601,FY26,EMEA,FA,Commercial,OPP2969,ACC025,Pendant Publishing,ES1 Opportunity,N,,$
Atbats,483461.93,3QFY26,20263,Jan FY26,202601,FY26,APJ,FA,Enterprise,OPP2970,ACC026,Vehement Capital,ES1 Opportunity,N,,$
Atbats,467280.06,3QFY26,20263,Jan FY26,202601,FY26,APJ,FA,Corporate,OPP2971,ACC026,Vehement Capital,ES2 Opportunity,N,,$
Atbats,2465834.04,3QFY26,20263,Jan FY26,202601,FY26,Americas,FB,Commercial,OPP2972,ACC024,Sterling Cooper,ES1 Opportunity,N,,$
Atbats,142877.42,3QFY26,20263,Jan FY26,202601,FY26,EMEA,FB,Commercial,OPP2973,ACC010,Cyberdyne,ES1 Opportunity,N,,$
Atbats,650126.06,3QFY26,20263,Jan FY26,202601,FY26,Americas,FA,Enterprise,OPP2974,ACC018,Oscorp,ES1 Opportunity,N,,$
Atbats,334557.29,3QFY26,20263,Jan FY26,202601,FY26,Americas,FA,Corporate,OPP2975,ACC020,Bluth Co,ES2 Opportunity,N,,$
Atbats,744126.83,3QFY26,20263,Jan FY26,202601,FY26,EMEA,FA,Enterprise,OPP2976,ACC020,Bluth Co,ES2 Opportunity,N,,$
Atbats,1048342.71,3QFY26,20263,Jan FY26,202601,FY26,APJ,FA,Enterprise,OPP2977,ACC017,Nakatomi Trading,ES1 Opportunity,N,,$
Atbats,137838.8,3QFY26,20263,Jan FY26,202601,FY26,Americas,FA,Enterprise,OPP2978,ACC008,Wonka Holdings,ES2 Opportunity,N,,$
Atbats,1375116.22,3QFY26,20263,Jan FY26,202601,FY26,Americas,FA,Corporate,OPP2979,ACC013,Vandelay Imports,ES1 Opportunity,N,,$
Atbats,872506.35,3QFY26,20263,Jan FY26,202601,FY26,Americas,FB,Enterprise,OPP2980,ACC014,Pied Piper,ES2 Opportunity,N,,$
Atbats,569707.35,3QFY26,20263,Jan FY26,202601,FY26,EMEA,FB,Commercial,OPP2981,ACC020,Bluth Co,ES2 Opportunity,N,,$
Atbats,1312425.85,3QFY26,20263,Jan FY26,202601,FY26,Americas,FA,Enterprise,OPP2982,ACC004,Umbrella Group,ES2 Opportunity,N,,$
Atbats,836903.16,3QFY26,20263,Jan FY26,202601,FY26,APJ,FA,Commercial,OPP2983,ACC001,Acme Industries,ES1 Opportunity,N,,$
Bookings,592052.64,4QFY26,20264,Feb FY26,202602,FY26,Americas,FA,Commercial,OPP2984,ACC008,Wonka Holdings,Renewal,N,162,$
Bookings,37055.21,4QFY26,20264,Feb FY26,202602,FY26,APJ,FA,Enterprise,OPP2985,ACC003,Initech,ES2 Opportunity,N,132,$
Bookings,390988.45,4QFY26,20264,Feb FY26,202602,FY26,APJ,FB,Commercial,OPP2986,ACC010,Cyberdyne,ES2 Opportunity,N,92,$
Bookings,847899.02,4QFY26,20264,Feb FY26,202602,FY26,EMEA,FA,Corporate,OPP2987,ACC010,Cyberdyne,ES1 Opportunity,N,191,$
Bookings,295236.48,4QFY26,20264,Feb FY26,202602,FY26,EMEA,Others,Enterprise,OPP2988,ACC008,Wonka Holdings,ES1 Opportunity,N,124,$
Bookings,119629.06,4QFY26,20264,Feb FY26,202602,FY26,APJ,FA,Enterprise,OPP2989,ACC014,Pied Piper,ES2 Opportunity,N,104,$
Bookings,665046.61,4QFY26,20264,Feb FY26,202602,FY26,Americas,FB,Commercial,OPP2990,ACC018,Oscorp,ES2 Opportunity,N,162,$
Bookings,177627.67,4QFY26,20264,Feb FY26,202602,FY26,APJ,FA,Enterprise,OPP2991,ACC028,Cogswell Cogs,ES1 Opportunity,N,82,$
Bookings,1108746.4,4QFY26,20264,Feb FY26,202602,FY26,EMEA,FA,Commercial,OPP2992,ACC029,Krusty Krab,ES1 Opportunity,N,131,$
Bookings,3899909.84,4QFY26,20264,Feb FY26,202602,FY26,Americas,FA,Commercial,OPP2993,ACC024,Sterling Cooper,ES1 Opportunity,N,61,$
Bookings,358960.01,4QFY26,20264,Feb FY26,202602,FY26,APJ,FA,Commercial,OPP2994,ACC005,Stark Industries,ES1 Opportunity,N,112,$
Bookings,220187.26,4QFY26,20264,Feb FY26,202602,FY26,Americas,Others,Commercial,OPP2995,ACC025,Pendant Publishing,ES1 Opportunity,N,129,$
Bookings,598571.03,4QFY26,20264,Feb FY26,202602,FY26,Americas,FA,Enterprise,OPP2996,ACC019,Gringotts Bank,ES1 Opportunity,Y,136,$
Bookings,3385282.87,4QFY26,20264,Feb FY26,202602,FY26,EMEA,FA,Commercial,OPP2997,ACC024,Sterling Cooper,ES1 Opportunity,N,182,$
Bookings,436084.51,4QFY26,20264,Feb FY26,202602,FY26,EMEA,FA,Enterprise,OPP2998,ACC003,Initech,ES2 Opportunity,N,164,$
Bookings,503163.54,4QFY26,20264,Feb FY26,202602,FY26,EMEA,FA,Enterprise,OPP2999,ACC027,Spacely Sprockets,ES1 Opportunity,Y,65,$
Bookings,643151.71,4QFY26,20264,Feb FY26,202602,FY26,APJ,FA,Enterprise,OPP3000,ACC005,Stark Industries,ES1 Opportunity,Y,145,$
Bookings,139195.84,4QFY26,20264,Feb FY26,202602,FY26,EMEA,Others,Commercial,OPP3001,ACC010,Cyberdyne,Renewal,N,63,$
Bookings,433027.72,4QFY26,20264,Feb FY26,202602,FY26,EMEA,FB,Commercial,OPP3002,ACC016,Dunder Mifflin,ES2 Opportunity,N,139,$
Bookings,143937.14,4QFY26,20264,Feb FY26,202602,FY26,APJ,FA,Commercial,OPP3003,ACC028,Cogswell Cogs,ES1 Opportunity,Y,40,$
Bookings,244142.4,4QFY26,20264,Feb FY26,202602,FY26,Americas,FA,Commercial,OPP3004,ACC024,Sterling Cooper,ES2 Opportunity,N,74,$
Bookings,630325.24,4QFY26,20264,Feb FY26,202602,FY26,Americas,FB,Commercial,OPP3005,ACC019,Gringotts Bank,ES2 Opportunity,Y,190,$
Bookings,1147364.86,4QFY26,20264,Feb FY26,202602,FY26,Americas,FB,Corporate,OPP3006,ACC010,Cyberdyne,ES1 Opportunity,N,40,$
Bookings,129082.16,4QFY26,20264,Feb FY26,202602,FY26,APJ,Others,Commercial,OPP3007,ACC008,Wonka Holdings,ES2 Opportunity,N,200,$
Bookings,320937.83,4QFY26,20264,Feb FY26,202602,FY26,APJ,FA,Commercial,OPP3008,ACC022,Los Pollos Hermanos,ES2 Opportunity,N,206,$
Bookings,652862.76,4QFY26,20264,Feb FY26,202602,FY26,EMEA,Others,Commercial,OPP3009,ACC010,Cyberdyne,ES2 Opportunity,N,76,$
Bookings,372520.57,4QFY26,20264,Feb FY26,202602,FY26,EMEA,FB,Commercial,OPP3010,ACC021,Strickland Propane,ES1 Opportunity,N,189,$
Bookings,515579.95,4QFY26,20264,Feb FY26,202602,FY26,EMEA,FB,Commercial,OPP3011,ACC024,Sterling Cooper,ES1 Opportunity,N,203,$
Bookings,55134.65,4QFY26,20264,Feb FY26,202602,FY26,EMEA,FB,Commercial,OPP3012,ACC005,Stark Industries,ES1 Opportunity,N,56,$
Bookings,79438.5,4QFY26,20264,Feb FY26,202602,FY26,APJ,FB,Corporate,OPP3013,ACC006,Wayne Enterprises,ES2 Opportunity,N,57,$
Bookings,28183.12,4QFY26,20264,Feb FY26,202602,FY26,EMEA,FB,Commercial,OPP3014,ACC019,Gringotts Bank,ES1 Opportunity,N,44,$
Bookings,256827.61,4QFY26,20264,Feb FY26,202602,FY26,EMEA,FA,Commercial,OPP3015,ACC014,Pied Piper,ES1 Opportunity,N,37,$
Renewal Bookings,150301.34,4QFY26,20264,Feb FY26,202602,FY26,EMEA,FB,Corporate,OPP3016,ACC008,Wonka Holdings,Renewal,N,,$
Renewal Bookings,223513.86,4QFY26,20264,Feb FY26,202602,FY26,APJ,FB,Corporate,OPP3017,ACC021,Strickland Propane,Renewal,N,,$
Renewal Bookings,2414117.56,4QFY26,20264,Feb FY26,202602,FY26,EMEA,FB,Corporate,OPP3018,ACC014,Pied Piper,Renewal,N,,$
Renewal Bookings,35130.32,4QFY26,20264,Feb FY26,202602,FY26,APJ,FA,Enterprise,OPP3019,ACC026,Vehement Capital,Renewal,N,,$
Renewal Bookings,404120.55,4QFY26,20264,Feb FY26,202602,FY26,APJ,FB,Commercial,OPP3020,ACC005,Stark Industries,Renewal,N,,$
Renewal Bookings,187044.0,4QFY26,20264,Feb FY26,202602,FY26,APJ,FA,Enterprise,OPP3021,ACC014,Pied Piper,Renewal,N,,$
Renewal Bookings,2979229.08,4QFY26,20264,Feb FY26,202602,FY26,Americas,FA,Commercial,OPP3022,ACC014,Pied Piper,Renewal,N,,$
Renewal Bookings,428827.45,4QFY26,20264,Feb FY26,202602,FY26,EMEA,Others,Commercial,OPP3023,ACC009,Tyrell Systems,Renewal,N,,$
Renewal Bookings,178759.98,4QFY26,20264,Feb FY26,202602,FY26,APJ,FB,Enterprise,OPP3024,ACC017,Nakatomi Trading,Renewal,N,,$
Renewal Bookings,26489.76,4QFY26,20264,Feb FY26,202602,FY26,Americas,FA,Corporate,OPP3025,ACC014,Pied Piper,Renewal,N,,$
Renewal Bookings,1144448.21,4QFY26,20264,Feb FY26,202602,FY26,EMEA,FA,Enterprise,OPP3026,ACC027,Spacely Sprockets,Renewal,N,,$
Renewal Bookings,719352.21,4QFY26,20264,Feb FY26,202602,FY26,Americas,FA,Commercial,OPP3027,ACC027,Spacely Sprockets,Renewal,N,,$
Renewal Bookings,571917.67,4QFY26,20264,Feb FY26,202602,FY26,Americas,FA,Enterprise,OPP3028,ACC017,Nakatomi Trading,Renewal,N,,$
Open Pipeline,624292.19,4QFY26,20264,Feb FY26,202602,FY26,EMEA,FB,Enterprise,OPP3029,ACC002,Globex Corp,ES1 Opportunity,N,,$
Open Pipeline,335187.43,4QFY26,20264,Feb FY26,202602,FY26,APJ,FA,Corporate,OPP3030,ACC021,Strickland Propane,ES1 Opportunity,N,,$
Open Pipeline,400155.54,4QFY26,20264,Feb FY26,202602,FY26,APJ,FA,Commercial,OPP3031,ACC029,Krusty Krab,ES2 Opportunity,N,,$
Open Pipeline,471214.12,4QFY26,20264,Feb FY26,202602,FY26,EMEA,FA,Enterprise,OPP3032,ACC029,Krusty Krab,ES1 Opportunity,N,,$
Open Pipeline,169734.02,4QFY26,20264,Feb FY26,202602,FY26,EMEA,FB,Commercial,OPP3033,ACC018,Oscorp,ES2 Opportunity,N,,$
Open Pipeline,3590331.9,4QFY26,20264,Feb FY26,202602,FY26,EMEA,FB,Corporate,OPP3034,ACC030,Planet Express,ES1 Opportunity,N,,$
Open Pipeline,1128239.02,4QFY26,20264,Feb FY26,202602,FY26,EMEA,FA,Corporate,OPP3035,ACC009,Tyrell Systems,ES1 Opportunity,N,,$
Open Pipeline,190022.68,4QFY26,20264,Feb FY26,202602,FY26,Americas,FA,Enterprise,OPP3036,ACC030,Planet Express,ES2 Opportunity,N,,$
Open Pipeline,156302.27,4QFY26,20264,Feb FY26,202602,FY26,Americas,FA,Corporate,OPP3037,ACC015,Hooli,ES2 Opportunity,N,,$
Open Pipeline,519633.99,4QFY26,20264,Feb FY26,202602,FY26,Americas,FA,Corporate,OPP3038,ACC022,Los Pollos Hermanos,ES1 Opportunity,N,,$
Open Pipeline,85529.31,4QFY26,20264,Feb FY26,202602,FY26,Americas,FA,Enterprise,OPP3039,ACC027,Spacely Sprockets,ES2 Opportunity,N,,$
Open Pipeline,512300.65,4QFY26,20264,Feb FY26,202602,FY26,Americas,FA,Commercial,OPP3040,ACC013,Vandelay Imports,ES1 Opportunity,N,,$
Open Pipeline,208251.77,4QFY26,20264,Feb FY26,202602,FY26,Americas,Others,Commercial,OPP3041,ACC019,Gringotts Bank,ES2 Opportunity,N,,$
Open Pipeline,1204358.77,4QFY26,20264,Feb FY26,202602,FY26,Americas,Others,Enterprise,OPP3042,ACC027,Spacely Sprockets,ES2 Opportunity,N,,$
Open Pipeline,183072.76,4QFY26,20264,Feb FY26,202602,FY26,Americas,FA,Enterprise,OPP3043,ACC004,Umbrella Group,ES2 Opportunity,N,,$
Open Pipeline,328833.77,4QFY26,20264,Feb FY26,202602,FY26,Americas,Others,Commercial,OPP3044,ACC017,Nakatomi Trading,ES2 Opportunity,N,,$
Open Pipeline,238533.32,4QFY26,20264,Feb FY26,202602,FY26,Americas,FB,Commercial,OPP3045,ACC029,Krusty Krab,ES1 Opportunity,N,,$
Open Pipeline,1565514.88,4QFY26,20264,Feb FY26,202602,FY26,Americas,FA,Enterprise,OPP3046,ACC014,Pied Piper,ES1 Opportunity,N,,$
Open Pipeline,138197.67,4QFY26,20264,Feb FY26,202602,FY26,APJ,FB,Commercial,OPP3047,ACC015,Hooli,ES1 Opportunity,N,,$
Open Pipeline,215819.51,4QFY26,20264,Feb FY26,202602,FY26,Americas,Others,Commercial,OPP3048,ACC028,Cogswell Cogs,ES1 Opportunity,N,,$
Open Pipeline,506425.15,4QFY26,20264,Feb FY26,202602,FY26,EMEA,FA,Enterprise,OPP3049,ACC015,Hooli,ES1 Opportunity,N,,$
Open Pipeline,1573231.34,4QFY26,20264,Feb FY26,202602,FY26,APJ,FB,Enterprise,OPP3050,ACC004,Umbrella Group,ES1 Opportunity,N,,$
Open Pipeline,366607.75,4QFY26,20264,Feb FY26,202602,FY26,EMEA,Others,Commercial,OPP3051,ACC017,Nakatomi Trading,ES1 Opportunity,N,,$
Open Pipeline,839220.76,4QFY26,20264,Feb FY26,202602,FY26,Americas,FA,Enterprise,OPP3052,ACC003,Initech,ES1 Opportunity,N,,$
Open Pipeline,664278.38,4QFY26,20264,Feb FY26,202602,FY26,Americas,FB,Enterprise,OPP3053,ACC013,Vandelay Imports,ES2 Opportunity,N,,$
Open Pipeline,1176850.34,4QFY26,20264,Feb FY26,202602,FY26,Americas,FB,Commercial,OPP3054,ACC004,Umbrella Group,ES2 Opportunity,N,,$
Open Pipeline,819140.15,4QFY26,20264,Feb FY26,202602,FY26,Americas,FB,Commercial,OPP3055,ACC006,Wayne Enterprises,ES1 Opportunity,N,,$
Open Pipeline,86736.85,4QFY26,20264,Feb FY26,202602,FY26,EMEA,FB,Corporate,OPP3056,ACC002,Globex Corp,ES1 Opportunity,N,,$
Open Pipeline,590973.77,4QFY26,20264,Feb FY26,202602,FY26,APJ,FA,Enterprise,OPP3057,ACC010,Cyberdyne,ES1 Opportunity,N,,$
Open Pipeline,732946.24,4QFY26,20264,Feb FY26,202602,FY26,APJ,FA,Commercial,OPP3058,ACC009,Tyrell Systems,ES1 Opportunity,N,,$
Open Pipeline,486730.14,4QFY26,20264,Feb FY26,202602,FY26,Americas,FA,Commercial,OPP3059,ACC020,Bluth Co,ES1 Opportunity,N,,$
Open Pipeline,505928.17,4QFY26,20264,Feb FY26,202602,FY26,APJ,FA,Enterprise,OPP3060,ACC017,Nakatomi Trading,ES1 Opportunity,N,,$
Open Pipeline,326718.98,4QFY26,20264,Feb FY26,202602,FY26,Americas,FB,Enterprise,OPP3061,ACC006,Wayne Enterprises,ES2 Opportunity,N,,$
Open Pipeline,176626.76,4QFY26,20264,Feb FY26,202602,FY26,EMEA,FA,Enterprise,OPP3062,ACC022,Los Pollos Hermanos,ES1 Opportunity,N,,$
Open Pipeline,418628.16,4QFY26,20264,Feb FY26,202602,FY26,Americas,Others,Enterprise,OPP3063,ACC015,Hooli,ES1 Opportunity,N,,$
Open Pipeline,469264.85,4QFY26,20264,Feb FY26,202602,FY26,EMEA,FA,Corporate,OPP3064,ACC014,Pied Piper,ES1 Opportunity,N,,$
IQC Pipeline,310776.29,4QFY26,20264,Feb FY26,202602,FY26,Americas,FA,Commercial,OPP3065,ACC024,Sterling Cooper,ES2 Opportunity,N,,$
IQC Pipeline,166387.87,4QFY26,20264,Feb FY26,202602,FY26,EMEA,FB,Commercial,OPP3066,ACC012,Massive Dynamic,ES1 Opportunity,N,,$
IQC Pipeline,111913.73,4QFY26,20264,Feb FY26,202602,FY26,Americas,FB,Corporate,OPP3067,ACC013,Vandelay Imports,ES1 Opportunity,N,,$
IQC Pipeline,187358.13,4QFY26,20264,Feb FY26,202602,FY26,APJ,FA,Enterprise,OPP3068,ACC006,Wayne Enterprises,ES1 Opportunity,N,,$
IQC Pipeline,140432.77,4QFY26,20264,Feb FY26,202602,FY26,APJ,FA,Enterprise,OPP3069,ACC030,Planet Express,ES2 Opportunity,N,,$
IQC Pipeline,345467.51,4QFY26,20264,Feb FY26,202602,FY26,EMEA,FA,Enterprise,OPP3070,ACC010,Cyberdyne,ES1 Opportunity,N,,$
IQC Pipeline,156671.54,4QFY26,20264,Feb FY26,202602,FY26,Americas,FB,Commercial,OPP3071,ACC026,Vehement Capital,ES1 Opportunity,N,,$
IQC Pipeline,79476.65,4QFY26,20264,Feb FY26,202602,FY26,Americas,FA,Corporate,OPP3072,ACC004,Umbrella Group,ES1 Opportunity,N,,$
IQC Pipeline,230848.62,4QFY26,20264,Feb FY26,202602,FY26,Americas,FB,Corporate,OPP3073,ACC025,Pendant Publishing,ES2 Opportunity,N,,$
IQC Pipeline,229747.35,4QFY26,20264,Feb FY26,202602,FY26,EMEA,FA,Corporate,OPP3074,ACC019,Gringotts Bank,ES2 Opportunity,N,,$
IQC Pipeline,67109.18,4QFY26,20264,Feb FY26,202602,FY26,EMEA,FA,Commercial,OPP3075,ACC008,Wonka Holdings,ES2 Opportunity,N,,$
IQC Pipeline,254584.15,4QFY26,20264,Feb FY26,202602,FY26,APJ,FA,Enterprise,OPP3076,ACC028,Cogswell Cogs,ES2 Opportunity,N,,$
IQC Pipeline,355011.73,4QFY26,20264,Feb FY26,202602,FY26,EMEA,FB,Commercial,OPP3077,ACC009,Tyrell Systems,ES2 Opportunity,N,,$
IQC Pipeline,178171.94,4QFY26,20264,Feb FY26,202602,FY26,APJ,FB,Corporate,OPP3078,ACC027,Spacely Sprockets,ES1 Opportunity,N,,$
IQC Pipeline,1923395.14,4QFY26,20264,Feb FY26,202602,FY26,Americas,Others,Commercial,OPP3079,ACC007,Soylent Co,ES2 Opportunity,N,,$
IQC Pipeline,363224.46,4QFY26,20264,Feb FY26,202602,FY26,APJ,FA,Commercial,OPP3080,ACC012,Massive Dynamic,ES2 Opportunity,N,,$
IQC Pipeline,156309.42,4QFY26,20264,Feb FY26,202602,FY26,EMEA,FA,Enterprise,OPP3081,ACC007,Soylent Co,ES1 Opportunity,N,,$
IQC Pipeline,42661.07,4QFY26,20264,Feb FY26,202602,FY26,EMEA,FA,Corporate,OPP3082,ACC008,Wonka Holdings,ES2 Opportunity,N,,$
IQC Pipeline,810279.83,4QFY26,20264,Feb FY26,202602,FY26,EMEA,FA,Corporate,OPP3083,ACC028,Cogswell Cogs,ES2 Opportunity,N,,$
IQC Pipeline,661066.55,4QFY26,20264,Feb FY26,202602,FY26,Americas,FA,Enterprise,OPP3084,ACC020,Bluth Co,ES2 Opportunity,N,,$
IQC Pipeline,649459.53,4QFY26,20264,Feb FY26,202602,FY26,APJ,FA,Commercial,OPP3085,ACC016,Dunder Mifflin,ES2 Opportunity,N,,$
IQC Pipeline,85251.82,4QFY26,20264,Feb FY26,202602,FY26,Americas,FB,Commercial,OPP3086,ACC012,Massive Dynamic,ES1 Opportunity,N,,$
IQC Pipeline,69542.87,4QFY26,20264,Feb FY26,202602,FY26,EMEA,FB,Corporate,OPP3087,ACC014,Pied Piper,ES1 Opportunity,N,,$
Atbats,500273.12,4QFY26,20264,Feb FY26,202602,FY26,EMEA,FA,Enterprise,OPP3088,ACC005,Stark Industries,ES1 Opportunity,N,,$
Atbats,384134.55,4QFY26,20264,Feb FY26,202602,FY26,EMEA,Others,Corporate,OPP3089,ACC021,Strickland Propane,ES2 Opportunity,N,,$
Atbats,200577.27,4QFY26,20264,Feb FY26,202602,FY26,EMEA,FB,Enterprise,OPP3090,ACC020,Bluth Co,ES1 Opportunity,N,,$
Atbats,188601.84,4QFY26,20264,Feb FY26,202602,FY26,EMEA,Others,Corporate,OPP3091,ACC026,Vehement Capital,ES1 Opportunity,N,,$
Atbats,167060.43,4QFY26,20264,Feb FY26,202602,FY26,APJ,FA,Commercial,OPP3092,ACC008,Wonka Holdings,ES2 Opportunity,N,,$
Atbats,294614.68,4QFY26,20264,Feb FY26,202602,FY26,Americas,FB,Enterprise,OPP3093,ACC022,Los Pollos Hermanos,ES1 Opportunity,N,,$
Atbats,146334.37,4QFY26,20264,Feb FY26,202602,FY26,APJ,FA,Enterprise,OPP3094,ACC023,Wernham Hogg,ES1 Opportunity,N,,$
Atbats,379081.84,4QFY26,20264,Feb FY26,202602,FY26,APJ,Others,Enterprise,OPP3095,ACC021,Strickland Propane,ES2 Opportunity,N,,$
Atbats,2288059.87,4QFY26,20264,Feb FY26,202602,FY26,EMEA,FB,Enterprise,OPP3096,ACC012,Massive Dynamic,ES2 Opportunity,N,,$
Atbats,152190.53,4QFY26,20264,Feb FY26,202602,FY26,Americas,FB,Corporate,OPP3097,ACC005,Stark Industries,ES2 Opportunity,N,,$
Atbats,214767.32,4QFY26,20264,Feb FY26,202602,FY26,APJ,FA,Enterprise,OPP3098,ACC013,Vandelay Imports,ES2 Opportunity,N,,$
Atbats,414620.05,4QFY26,20264,Feb FY26,202602,FY26,EMEA,FA,Commercial,OPP3099,ACC001,Acme Industries,ES2 Opportunity,N,,$
Atbats,497301.57,4QFY26,20264,Feb FY26,202602,FY26,EMEA,FA,Enterprise,OPP3100,ACC026,Vehement Capital,ES2 Opportunity,N,,$
Atbats,168502.54,4QFY26,20264,Feb FY26,202602,FY26,EMEA,FA,Commercial,OPP3101,ACC021,Strickland Propane,ES2 Opportunity,N,,$
Atbats,245844.64,4QFY26,20264,Feb FY26,202602,FY26,Americas,Others,Corporate,OPP3102,ACC020,Bluth Co,ES2 Opportunity,N,,$
Atbats,217151.41,4QFY26,20264,Feb FY26,202602,FY26,Americas,FB,Enterprise,OPP3103,ACC006,Wayne Enterprises,ES1 Opportunity,N,,$
Atbats,529783.7,4QFY26,20264,Feb FY26,202602,FY26,EMEA,FB,Enterprise,OPP3104,ACC024,Sterling Cooper,ES1 Opportunity,N,,$
Atbats,128532.39,4QFY26,20264,Feb FY26,202602,FY26,APJ,Others,Corporate,OPP3105,ACC011,Aperture Labs,ES1 Opportunity,N,,$
Atbats,205140.51,4QFY26,20264,Feb FY26,202602,FY26,APJ,Others,Enterprise,OPP3106,ACC006,Wayne Enterprises,ES2 Opportunity,N,,$
Atbats,1751856.81,4QFY26,20264,Feb FY26,202602,FY26,APJ,FA,Enterprise,OPP3107,ACC005,Stark Industries,ES1 Opportunity,N,,$
Atbats,227556.9,4QFY26,20264,Feb FY26,202602,FY26,APJ,FA,Corporate,OPP3108,ACC028,Cogswell Cogs,ES1 Opportunity,N,,$
Atbats,915321.88,4QFY26,20264,Feb FY26,202602,FY26,APJ,Others,Enterprise,OPP3109,ACC024,Sterling Cooper,ES2 Opportunity,N,,$
Atbats,1005806.83,4QFY26,20264,Feb FY26,202602,FY26,EMEA,FA,Corporate,OPP3110,ACC001,Acme Industries,ES2 Opportunity,N,,$
Atbats,461650.02,4QFY26,20264,Feb FY26,202602,FY26,EMEA,FB,Corporate,OPP3111,ACC023,Wernham Hogg,ES2 Opportunity,N,,$
Atbats,626987.97,4QFY26,20264,Feb FY26,202602,FY26,EMEA,FB,Corporate,OPP3112,ACC001,Acme Industries,ES1 Opportunity,N,,$
Atbats,204203.45,4QFY26,20264,Feb FY26,202602,FY26,Americas,FA,Enterprise,OPP3113,ACC020,Bluth Co,ES1 Opportunity,N,,$
Atbats,349208.36,4QFY26,20264,Feb FY26,202602,FY26,EMEA,FB,Enterprise,OPP3114,ACC027,Spacely Sprockets,ES1 Opportunity,N,,$
Atbats,193146.29,4QFY26,20264,Feb FY26,202602,FY26,APJ,Others,Commercial,OPP3115,ACC001,Acme Industries,ES2 Opportunity,N,,$
Atbats,3418251.71,4QFY26,20264,Feb FY26,202602,FY26,Americas,FA,Enterprise,OPP3116,ACC024,Sterling Cooper,ES1 Opportunity,N,,$
Atbats,1552259.38,4QFY26,20264,Feb FY26,202602,FY26,Americas,FA,Enterprise,OPP3117,ACC016,Dunder Mifflin,ES1 Opportunity,N,,$
Atbats,8130813.84,4QFY26,20264,Feb FY26,202602,FY26,EMEA,FA,Commercial,OPP3118,ACC012,Massive Dynamic,ES1 Opportunity,N,,$
Atbats,1093232.74,4QFY26,20264,Feb FY26,202602,FY26,APJ,FB,Enterprise,OPP3119,ACC006,Wayne Enterprises,ES1 Opportunity,N,,$
Atbats,148243.67,4QFY26,20264,Feb FY26,202602,FY26,Americas,FB,Corporate,OPP3120,ACC027,Spacely Sprockets,ES1 Opportunity,N,,$
Atbats,697315.31,4QFY26,20264,Feb FY26,202602,FY26,EMEA,Others,Enterprise,OPP3121,ACC003,Initech,ES2 Opportunity,N,,$
Atbats,451307.17,4QFY26,20264,Feb FY26,202602,FY26,Americas,FA,Corporate,OPP3122,ACC028,Cogswell Cogs,ES1 Opportunity,N,,$
Atbats,94310.53,4QFY26,20264,Feb FY26,202602,FY26,APJ,Others,Commercial,OPP3123,ACC003,Initech,ES1 Opportunity,N,,$
Atbats,204751.35,4QFY26,20264,Feb FY26,202602,FY26,APJ,Others,Commercial,OPP3124,ACC027,Spacely Sprockets,ES2 Opportunity,N,,$
Atbats,297848.95,4QFY26,20264,Feb FY26,202602,FY26,Americas,FB,Commercial,OPP3125,ACC004,Umbrella Group,ES1 Opportunity,N,,$
Atbats,193229.49,4QFY26,20264,Feb FY26,202602,FY26,Americas,FA,Corporate,OPP3126,ACC015,Hooli,ES1 Opportunity,N,,$
Atbats,209855.34,4QFY26,20264,Feb FY26,202602,FY26,Americas,FA,Commercial,OPP3127,ACC003,Initech,ES1 Opportunity,N,,$
Atbats,134656.74,4QFY26,20264,Feb FY26,202602,FY26,Americas,FA,Enterprise,OPP3128,ACC024,Sterling Cooper,ES2 Opportunity,N,,$
Atbats,137438.08,4QFY26,20264,Feb FY26,202602,FY26,APJ,FB,Corporate,OPP3129,ACC020,Bluth Co,ES2 Opportunity,N,,$
Atbats,670850.2,4QFY26,20264,Feb FY26,202602,FY26,EMEA,FB,Enterprise,OPP3130,ACC018,Oscorp,ES2 Opportunity,N,,$
Atbats,846883.29,4QFY26,20264,Feb FY26,202602,FY26,EMEA,FB,Enterprise,OPP3131,ACC010,Cyberdyne,ES1 Opportunity,N,,$
Atbats,212568.51,4QFY26,20264,Feb FY26,202602,FY26,Americas,FB,Commercial,OPP3132,ACC005,Stark Industries,ES1 Opportunity,N,,$
Atbats,475609.33,4QFY26,20264,Feb FY26,202602,FY26,Americas,FA,Enterprise,OPP3133,ACC027,Spacely Sprockets,ES2 Opportunity,N,,$
Atbats,778661.41,4QFY26,20264,Feb FY26,202602,FY26,EMEA,Others,Enterprise,OPP3134,ACC026,Vehement Capital,ES2 Opportunity,N,,$
Atbats,1536737.21,4QFY26,20264,Feb FY26,202602,FY26,Americas,FB,Commercial,OPP3135,ACC025,Pendant Publishing,ES2 Opportunity,N,,$
Atbats,759652.22,4QFY26,20264,Feb FY26,202602,FY26,Americas,FB,Enterprise,OPP3136,ACC005,Stark Industries,ES2 Opportunity,N,,$
Atbats,200594.26,4QFY26,20264,Feb FY26,202602,FY26,EMEA,FA,Commercial,OPP3137,ACC025,Pendant Publishing,ES2 Opportunity,N,,$
Atbats,985363.62,4QFY26,20264,Feb FY26,202602,FY26,Americas,FA,Enterprise,OPP3138,ACC005,Stark Industries,ES1 Opportunity,N,,$
Bookings,70124.07,4QFY26,20264,Mar FY26,202603,FY26,Americas,FA,Enterprise,OPP3139,ACC016,Dunder Mifflin,ES2 Opportunity,N,72,$
Bookings,489042.58,4QFY26,20264,Mar FY26,202603,FY26,Americas,FA,Corporate,OPP3140,ACC008,Wonka Holdings,ES2 Opportunity,N,102,$
Bookings,787756.63,4QFY26,20264,Mar FY26,202603,FY26,EMEA,FA,Corporate,OPP3141,ACC022,Los Pollos Hermanos,ES1 Opportunity,N,31,$
Bookings,50397.85,4QFY26,20264,Mar FY26,202603,FY26,Americas,FA,Enterprise,OPP3142,ACC029,Krusty Krab,ES2 Opportunity,N,157,$
Bookings,581330.46,4QFY26,20264,Mar FY26,202603,FY26,EMEA,Others,Enterprise,OPP3143,ACC015,Hooli,ES2 Opportunity,N,119,$
Bookings,186938.8,4QFY26,20264,Mar FY26,202603,FY26,Americas,FA,Corporate,OPP3144,ACC026,Vehement Capital,ES2 Opportunity,N,141,$
Bookings,537365.12,4QFY26,20264,Mar FY26,202603,FY26,APJ,FB,Commercial,OPP3145,ACC013,Vandelay Imports,ES2 Opportunity,N,53,$
Bookings,247895.38,4QFY26,20264,Mar FY26,202603,FY26,Americas,FA,Corporate,OPP3146,ACC015,Hooli,ES1 Opportunity,Y,181,$
Bookings,235856.06,4QFY26,20264,Mar FY26,202603,FY26,EMEA,FA,Enterprise,OPP3147,ACC011,Aperture Labs,ES1 Opportunity,Y,42,$
Bookings,1040575.59,4QFY26,20264,Mar FY26,202603,FY26,EMEA,FA,Enterprise,OPP3148,ACC004,Umbrella Group,ES1 Opportunity,N,36,$
Bookings,64252.44,4QFY26,20264,Mar FY26,202603,FY26,APJ,FB,Enterprise,OPP3149,ACC020,Bluth Co,ES1 Opportunity,N,37,$
Bookings,89486.59,4QFY26,20264,Mar FY26,202603,FY26,APJ,FB,Commercial,OPP3150,ACC006,Wayne Enterprises,ES1 Opportunity,N,142,$
Bookings,1031615.07,4QFY26,20264,Mar FY26,202603,FY26,EMEA,FB,Commercial,OPP3151,ACC023,Wernham Hogg,ES1 Opportunity,N,34,$
Bookings,228272.3,4QFY26,20264,Mar FY26,202603,FY26,EMEA,FB,Enterprise,OPP3152,ACC004,Umbrella Group,ES2 Opportunity,Y,180,$
Bookings,420261.89,4QFY26,20264,Mar FY26,202603,FY26,Americas,FA,Commercial,OPP3153,ACC018,Oscorp,ES1 Opportunity,N,171,$
Bookings,348772.57,4QFY26,20264,Mar FY26,202603,FY26,Americas,FB,Commercial,OPP3154,ACC006,Wayne Enterprises,ES2 Opportunity,Y,186,$
Bookings,462092.73,4QFY26,20264,Mar FY26,202603,FY26,APJ,FB,Corporate,OPP3155,ACC013,Vandelay Imports,Renewal,N,185,$
Bookings,329377.93,4QFY26,20264,Mar FY26,202603,FY26,Americas,FA,Commercial,OPP3156,ACC027,Spacely Sprockets,ES1 Opportunity,N,184,$
Bookings,389850.3,4QFY26,20264,Mar FY26,202603,FY26,EMEA,Others,Enterprise,OPP3157,ACC002,Globex Corp,ES1 Opportunity,N,176,$
Bookings,160268.13,4QFY26,20264,Mar FY26,202603,FY26,EMEA,FA,Enterprise,OPP3158,ACC017,Nakatomi Trading,ES1 Opportunity,N,182,$
Bookings,108219.29,4QFY26,20264,Mar FY26,202603,FY26,APJ,FA,Enterprise,OPP3159,ACC030,Planet Express,ES1 Opportunity,N,140,$
Bookings,108879.56,4QFY26,20264,Mar FY26,202603,FY26,EMEA,FB,Commercial,OPP3160,ACC003,Initech,ES2 Opportunity,N,70,$
Bookings,930524.85,4QFY26,20264,Mar FY26,202603,FY26,APJ,FB,Enterprise,OPP3161,ACC030,Planet Express,Renewal,N,169,$
Bookings,83690.51,4QFY26,20264,Mar FY26,202603,FY26,APJ,FA,Commercial,OPP3162,ACC019,Gringotts Bank,Renewal,N,144,$
Bookings,61402.93,4QFY26,20264,Mar FY26,202603,FY26,APJ,FA,Commercial,OPP3163,ACC022,Los Pollos Hermanos,ES2 Opportunity,N,48,$
Bookings,807596.61,4QFY26,20264,Mar FY26,202603,FY26,Americas,FA,Corporate,OPP3164,ACC017,Nakatomi Trading,ES2 Opportunity,N,89,$
Bookings,451998.26,4QFY26,20264,Mar FY26,202603,FY26,EMEA,Others,Commercial,OPP3165,ACC001,Acme Industries,ES2 Opportunity,N,41,$
Bookings,310971.66,4QFY26,20264,Mar FY26,202603,FY26,Americas,FB,Enterprise,OPP3166,ACC020,Bluth Co,ES2 Opportunity,N,195,$
Renewal Bookings,1371400.24,4QFY26,20264,Mar FY26,202603,FY26,APJ,FA,Enterprise,OPP3167,ACC022,Los Pollos Hermanos,Renewal,N,,$
Renewal Bookings,62898.47,4QFY26,20264,Mar FY26,202603,FY26,Americas,FA,Commercial,OPP3168,ACC019,Gringotts Bank,Renewal,N,,$
Renewal Bookings,1065781.56,4QFY26,20264,Mar FY26,202603,FY26,Americas,FA,Commercial,OPP3169,ACC008,Wonka Holdings,Renewal,N,,$
Renewal Bookings,335049.42,4QFY26,20264,Mar FY26,202603,FY26,Americas,FB,Enterprise,OPP3170,ACC012,Massive Dynamic,Renewal,N,,$
Renewal Bookings,171988.82,4QFY26,20264,Mar FY26,202603,FY26,APJ,FB,Enterprise,OPP3171,ACC010,Cyberdyne,Renewal,N,,$
Renewal Bookings,874945.51,4QFY26,20264,Mar FY26,202603,FY26,APJ,FB,Enterprise,OPP3172,ACC013,Vandelay Imports,Renewal,N,,$
Renewal Bookings,77480.85,4QFY26,20264,Mar FY26,202603,FY26,EMEA,FB,Corporate,OPP3173,ACC022,Los Pollos Hermanos,Renewal,N,,$
Renewal Bookings,332310.68,4QFY26,20264,Mar FY26,202603,FY26,EMEA,FB,Corporate,OPP3174,ACC030,Planet Express,Renewal,N,,$
Renewal Bookings,153560.58,4QFY26,20264,Mar FY26,202603,FY26,APJ,FA,Commercial,OPP3175,ACC024,Sterling Cooper,Renewal,N,,$
Renewal Bookings,84313.21,4QFY26,20264,Mar FY26,202603,FY26,Americas,FA,Commercial,OPP3176,ACC005,Stark Industries,Renewal,N,,$
Renewal Bookings,238529.8,4QFY26,20264,Mar FY26,202603,FY26,Americas,FA,Corporate,OPP3177,ACC019,Gringotts Bank,Renewal,N,,$
Renewal Bookings,2145336.32,4QFY26,20264,Mar FY26,202603,FY26,EMEA,FA,Commercial,OPP3178,ACC001,Acme Industries,Renewal,N,,$
Renewal Bookings,216816.98,4QFY26,20264,Mar FY26,202603,FY26,Americas,FA,Enterprise,OPP3179,ACC023,Wernham Hogg,Renewal,N,,$
Open Pipeline,2453647.03,4QFY26,20264,Mar FY26,202603,FY26,Americas,Others,Enterprise,OPP3180,ACC025,Pendant Publishing,ES2 Opportunity,N,,$
Open Pipeline,537614.46,4QFY26,20264,Mar FY26,202603,FY26,Americas,FA,Commercial,OPP3181,ACC010,Cyberdyne,ES2 Opportunity,N,,$
Open Pipeline,637213.97,4QFY26,20264,Mar FY26,202603,FY26,Americas,FB,Enterprise,OPP3182,ACC024,Sterling Cooper,ES2 Opportunity,N,,$
Open Pipeline,233756.8,4QFY26,20264,Mar FY26,202603,FY26,EMEA,FA,Commercial,OPP3183,ACC025,Pendant Publishing,ES2 Opportunity,N,,$
Open Pipeline,277329.24,4QFY26,20264,Mar FY26,202603,FY26,Americas,FA,Commercial,OPP3184,ACC021,Strickland Propane,ES2 Opportunity,N,,$
Open Pipeline,579829.75,4QFY26,20264,Mar FY26,202603,FY26,Americas,FA,Commercial,OPP3185,ACC030,Planet Express,ES1 Opportunity,N,,$
Open Pipeline,3088877.74,4QFY26,20264,Mar FY26,202603,FY26,Americas,FB,Commercial,OPP3186,ACC018,Oscorp,ES1 Opportunity,N,,$
Open Pipeline,783454.5,4QFY26,20264,Mar FY26,202603,FY26,APJ,FA,Enterprise,OPP3187,ACC005,Stark Industries,ES1 Opportunity,N,,$
Open Pipeline,211896.23,4QFY26,20264,Mar FY26,202603,FY26,Americas,FB,Corporate,OPP3188,ACC030,Planet Express,ES1 Opportunity,N,,$
Open Pipeline,357679.73,4QFY26,20264,Mar FY26,202603,FY26,EMEA,FA,Commercial,OPP3189,ACC026,Vehement Capital,ES1 Opportunity,N,,$
Open Pipeline,759033.5,4QFY26,20264,Mar FY26,202603,FY26,APJ,FA,Corporate,OPP3190,ACC010,Cyberdyne,ES2 Opportunity,N,,$
Open Pipeline,5425319.82,4QFY26,20264,Mar FY26,202603,FY26,EMEA,FA,Enterprise,OPP3191,ACC022,Los Pollos Hermanos,ES2 Opportunity,N,,$
Open Pipeline,100177.72,4QFY26,20264,Mar FY26,202603,FY26,Americas,FA,Commercial,OPP3192,ACC012,Massive Dynamic,ES2 Opportunity,N,,$
Open Pipeline,135342.01,4QFY26,20264,Mar FY26,202603,FY26,EMEA,FB,Enterprise,OPP3193,ACC018,Oscorp,ES1 Opportunity,N,,$
Open Pipeline,1267261.68,4QFY26,20264,Mar FY26,202603,FY26,EMEA,FA,Enterprise,OPP3194,ACC023,Wernham Hogg,ES2 Opportunity,N,,$
Open Pipeline,633500.55,4QFY26,20264,Mar FY26,202603,FY26,APJ,FA,Enterprise,OPP3195,ACC016,Dunder Mifflin,ES2 Opportunity,N,,$
Open Pipeline,894266.41,4QFY26,20264,Mar FY26,202603,FY26,Americas,FA,Corporate,OPP3196,ACC002,Globex Corp,ES2 Opportunity,N,,$
Open Pipeline,270791.71,4QFY26,20264,Mar FY26,202603,FY26,EMEA,FB,Enterprise,OPP3197,ACC028,Cogswell Cogs,ES1 Opportunity,N,,$
Open Pipeline,568026.16,4QFY26,20264,Mar FY26,202603,FY26,EMEA,FA,Enterprise,OPP3198,ACC006,Wayne Enterprises,ES2 Opportunity,N,,$
Open Pipeline,272217.4,4QFY26,20264,Mar FY26,202603,FY26,EMEA,FA,Enterprise,OPP3199,ACC001,Acme Industries,ES1 Opportunity,N,,$
Open Pipeline,838478.43,4QFY26,20264,Mar FY26,202603,FY26,EMEA,FB,Corporate,OPP3200,ACC017,Nakatomi Trading,ES2 Opportunity,N,,$
Open Pipeline,157072.07,4QFY26,20264,Mar FY26,202603,FY26,EMEA,FB,Corporate,OPP3201,ACC014,Pied Piper,ES2 Opportunity,N,,$
Open Pipeline,322237.7,4QFY26,20264,Mar FY26,202603,FY26,Americas,FA,Enterprise,OPP3202,ACC008,Wonka Holdings,ES1 Opportunity,N,,$
Open Pipeline,1736486.86,4QFY26,20264,Mar FY26,202603,FY26,Americas,FA,Enterprise,OPP3203,ACC025,Pendant Publishing,ES2 Opportunity,N,,$
Open Pipeline,1169685.99,4QFY26,20264,Mar FY26,202603,FY26,EMEA,FB,Commercial,OPP3204,ACC025,Pendant Publishing,ES2 Opportunity,N,,$
Open Pipeline,340849.38,4QFY26,20264,Mar FY26,202603,FY26,Americas,FA,Enterprise,OPP3205,ACC004,Umbrella Group,ES1 Opportunity,N,,$
Open Pipeline,58470.91,4QFY26,20264,Mar FY26,202603,FY26,APJ,FA,Enterprise,OPP3206,ACC018,Oscorp,ES1 Opportunity,N,,$
Open Pipeline,98135.79,4QFY26,20264,Mar FY26,202603,FY26,APJ,Others,Commercial,OPP3207,ACC018,Oscorp,ES2 Opportunity,N,,$
Open Pipeline,119400.18,4QFY26,20264,Mar FY26,202603,FY26,EMEA,FA,Commercial,OPP3208,ACC026,Vehement Capital,ES2 Opportunity,N,,$
Open Pipeline,304939.1,4QFY26,20264,Mar FY26,202603,FY26,APJ,FA,Enterprise,OPP3209,ACC026,Vehement Capital,ES2 Opportunity,N,,$
Open Pipeline,411153.38,4QFY26,20264,Mar FY26,202603,FY26,Americas,Others,Enterprise,OPP3210,ACC008,Wonka Holdings,ES1 Opportunity,N,,$
Open Pipeline,297295.57,4QFY26,20264,Mar FY26,202603,FY26,APJ,FB,Enterprise,OPP3211,ACC002,Globex Corp,ES1 Opportunity,N,,$
Open Pipeline,431569.28,4QFY26,20264,Mar FY26,202603,FY26,APJ,FA,Corporate,OPP3212,ACC006,Wayne Enterprises,ES1 Opportunity,N,,$
Open Pipeline,329499.67,4QFY26,20264,Mar FY26,202603,FY26,APJ,FB,Enterprise,OPP3213,ACC009,Tyrell Systems,ES2 Opportunity,N,,$
Open Pipeline,183799.49,4QFY26,20264,Mar FY26,202603,FY26,EMEA,FA,Commercial,OPP3214,ACC010,Cyberdyne,ES2 Opportunity,N,,$
Open Pipeline,689973.16,4QFY26,20264,Mar FY26,202603,FY26,EMEA,FA,Enterprise,OPP3215,ACC029,Krusty Krab,ES2 Opportunity,N,,$
Open Pipeline,627871.21,4QFY26,20264,Mar FY26,202603,FY26,APJ,Others,Commercial,OPP3216,ACC027,Spacely Sprockets,ES1 Opportunity,N,,$
Open Pipeline,2163284.67,4QFY26,20264,Mar FY26,202603,FY26,EMEA,FB,Enterprise,OPP3217,ACC021,Strickland Propane,ES2 Opportunity,N,,$
Open Pipeline,690381.11,4QFY26,20264,Mar FY26,202603,FY26,Americas,FA,Corporate,OPP3218,ACC013,Vandelay Imports,ES1 Opportunity,N,,$
Open Pipeline,2780548.47,4QFY26,20264,Mar FY26,202603,FY26,EMEA,FA,Enterprise,OPP3219,ACC026,Vehement Capital,ES1 Opportunity,N,,$
Open Pipeline,2170494.54,4QFY26,20264,Mar FY26,202603,FY26,EMEA,Others,Corporate,OPP3220,ACC023,Wernham Hogg,ES2 Opportunity,N,,$
Open Pipeline,607913.14,4QFY26,20264,Mar FY26,202603,FY26,APJ,Others,Corporate,OPP3221,ACC018,Oscorp,ES2 Opportunity,N,,$
IQC Pipeline,693234.09,4QFY26,20264,Mar FY26,202603,FY26,Americas,FA,Enterprise,OPP3222,ACC002,Globex Corp,ES2 Opportunity,N,,$
IQC Pipeline,2145939.7,4QFY26,20264,Mar FY26,202603,FY26,APJ,FA,Corporate,OPP3223,ACC017,Nakatomi Trading,ES2 Opportunity,N,,$
IQC Pipeline,786467.43,4QFY26,20264,Mar FY26,202603,FY26,Americas,FA,Enterprise,OPP3224,ACC012,Massive Dynamic,ES1 Opportunity,N,,$
IQC Pipeline,156907.9,4QFY26,20264,Mar FY26,202603,FY26,APJ,FA,Commercial,OPP3225,ACC003,Initech,ES2 Opportunity,N,,$
IQC Pipeline,286475.04,4QFY26,20264,Mar FY26,202603,FY26,EMEA,FB,Commercial,OPP3226,ACC022,Los Pollos Hermanos,ES2 Opportunity,N,,$
IQC Pipeline,5753876.42,4QFY26,20264,Mar FY26,202603,FY26,APJ,FB,Enterprise,OPP3227,ACC005,Stark Industries,ES1 Opportunity,N,,$
IQC Pipeline,1563334.03,4QFY26,20264,Mar FY26,202603,FY26,APJ,FB,Corporate,OPP3228,ACC026,Vehement Capital,ES1 Opportunity,N,,$
IQC Pipeline,527287.86,4QFY26,20264,Mar FY26,202603,FY26,APJ,FA,Commercial,OPP3229,ACC025,Pendant Publishing,ES1 Opportunity,N,,$
IQC Pipeline,453986.76,4QFY26,20264,Mar FY26,202603,FY26,EMEA,FA,Commercial,OPP3230,ACC004,Umbrella Group,ES1 Opportunity,N,,$
IQC Pipeline,158610.42,4QFY26,20264,Mar FY26,202603,FY26,Americas,FA,Enterprise,OPP3231,ACC028,Cogswell Cogs,ES1 Opportunity,N,,$
IQC Pipeline,851695.4,4QFY26,20264,Mar FY26,202603,FY26,APJ,Others,Commercial,OPP3232,ACC005,Stark Industries,ES2 Opportunity,N,,$
IQC Pipeline,599269.33,4QFY26,20264,Mar FY26,202603,FY26,Americas,FA,Enterprise,OPP3233,ACC005,Stark Industries,ES1 Opportunity,N,,$
IQC Pipeline,554020.88,4QFY26,20264,Mar FY26,202603,FY26,EMEA,Others,Enterprise,OPP3234,ACC007,Soylent Co,ES1 Opportunity,N,,$
IQC Pipeline,329104.58,4QFY26,20264,Mar FY26,202603,FY26,APJ,FB,Enterprise,OPP3235,ACC002,Globex Corp,ES2 Opportunity,N,,$
IQC Pipeline,226825.66,4QFY26,20264,Mar FY26,202603,FY26,Americas,FA,Enterprise,OPP3236,ACC020,Bluth Co,ES1 Opportunity,N,,$
IQC Pipeline,623641.3,4QFY26,20264,Mar FY26,202603,FY26,APJ,FA,Enterprise,OPP3237,ACC003,Initech,ES2 Opportunity,N,,$
IQC Pipeline,627962.57,4QFY26,20264,Mar FY26,202603,FY26,EMEA,FB,Enterprise,OPP3238,ACC008,Wonka Holdings,ES1 Opportunity,N,,$
IQC Pipeline,837190.3,4QFY26,20264,Mar FY26,202603,FY26,EMEA,FB,Commercial,OPP3239,ACC017,Nakatomi Trading,ES2 Opportunity,N,,$
IQC Pipeline,2481537.38,4QFY26,20264,Mar FY26,202603,FY26,EMEA,FA,Commercial,OPP3240,ACC021,Strickland Propane,ES1 Opportunity,N,,$
IQC Pipeline,129553.24,4QFY26,20264,Mar FY26,202603,FY26,EMEA,Others,Commercial,OPP3241,ACC026,Vehement Capital,ES1 Opportunity,N,,$
IQC Pipeline,238224.42,4QFY26,20264,Mar FY26,202603,FY26,Americas,FA,Corporate,OPP3242,ACC011,Aperture Labs,ES2 Opportunity,N,,$
IQC Pipeline,285455.34,4QFY26,20264,Mar FY26,202603,FY26,Americas,Others,Enterprise,OPP3243,ACC029,Krusty Krab,ES2 Opportunity,N,,$
IQC Pipeline,528419.19,4QFY26,20264,Mar FY26,202603,FY26,Americas,FA,Corporate,OPP3244,ACC012,Massive Dynamic,ES2 Opportunity,N,,$
Atbats,3415600.37,4QFY26,20264,Mar FY26,202603,FY26,APJ,FB,Corporate,OPP3245,ACC010,Cyberdyne,ES2 Opportunity,N,,$
Atbats,236853.8,4QFY26,20264,Mar FY26,202603,FY26,APJ,FA,Commercial,OPP3246,ACC020,Bluth Co,ES2 Opportunity,N,,$
Atbats,856525.52,4QFY26,20264,Mar FY26,202603,FY26,APJ,FA,Commercial,OPP3247,ACC024,Sterling Cooper,ES2 Opportunity,N,,$
Atbats,531624.88,4QFY26,20264,Mar FY26,202603,FY26,Americas,FA,Commercial,OPP3248,ACC008,Wonka Holdings,ES2 Opportunity,N,,$
Atbats,457093.74,4QFY26,20264,Mar FY26,202603,FY26,APJ,Others,Commercial,OPP3249,ACC022,Los Pollos Hermanos,ES2 Opportunity,N,,$
Atbats,668164.35,4QFY26,20264,Mar FY26,202603,FY26,APJ,FA,Enterprise,OPP3250,ACC014,Pied Piper,ES1 Opportunity,N,,$
Atbats,143625.76,4QFY26,20264,Mar FY26,202603,FY26,Americas,FB,Corporate,OPP3251,ACC020,Bluth Co,ES2 Opportunity,N,,$
Atbats,112535.63,4QFY26,20264,Mar FY26,202603,FY26,APJ,FB,Enterprise,OPP3252,ACC021,Strickland Propane,ES1 Opportunity,N,,$
Atbats,426401.14,4QFY26,20264,Mar FY26,202603,FY26,Americas,FA,Enterprise,OPP3253,ACC028,Cogswell Cogs,ES2 Opportunity,N,,$
Atbats,1152068.08,4QFY26,20264,Mar FY26,202603,FY26,Americas,Others,Commercial,OPP3254,ACC017,Nakatomi Trading,ES2 Opportunity,N,,$
Atbats,345614.52,4QFY26,20264,Mar FY26,202603,FY26,APJ,FA,Commercial,OPP3255,ACC013,Vandelay Imports,ES2 Opportunity,N,,$
Atbats,881111.61,4QFY26,20264,Mar FY26,202603,FY26,Americas,FA,Commercial,OPP3256,ACC005,Stark Industries,ES1 Opportunity,N,,$
Atbats,149481.63,4QFY26,20264,Mar FY26,202603,FY26,APJ,FA,Enterprise,OPP3257,ACC006,Wayne Enterprises,ES2 Opportunity,N,,$
Atbats,196447.11,4QFY26,20264,Mar FY26,202603,FY26,EMEA,FA,Commercial,OPP3258,ACC029,Krusty Krab,ES1 Opportunity,N,,$
Atbats,86888.98,4QFY26,20264,Mar FY26,202603,FY26,EMEA,Others,Enterprise,OPP3259,ACC022,Los Pollos Hermanos,ES1 Opportunity,N,,$
Atbats,196569.14,4QFY26,20264,Mar FY26,202603,FY26,Americas,FA,Commercial,OPP3260,ACC028,Cogswell Cogs,ES2 Opportunity,N,,$
Atbats,456227.95,4QFY26,20264,Mar FY26,202603,FY26,EMEA,FA,Enterprise,OPP3261,ACC024,Sterling Cooper,ES1 Opportunity,N,,$
Atbats,77000.95,4QFY26,20264,Mar FY26,202603,FY26,EMEA,FA,Corporate,OPP3262,ACC007,Soylent Co,ES2 Opportunity,N,,$
Atbats,852353.84,4QFY26,20264,Mar FY26,202603,FY26,EMEA,Others,Commercial,OPP3263,ACC020,Bluth Co,ES1 Opportunity,N,,$
Atbats,135969.01,4QFY26,20264,Mar FY26,202603,FY26,EMEA,FA,Enterprise,OPP3264,ACC030,Planet Express,ES1 Opportunity,N,,$
Atbats,761246.99,4QFY26,20264,Mar FY26,202603,FY26,APJ,FA,Commercial,OPP3265,ACC014,Pied Piper,ES2 Opportunity,N,,$
Atbats,1122986.48,4QFY26,20264,Mar FY26,202603,FY26,EMEA,FA,Enterprise,OPP3266,ACC018,Oscorp,ES1 Opportunity,N,,$
Atbats,1046026.34,4QFY26,20264,Mar FY26,202603,FY26,Americas,FA,Commercial,OPP3267,ACC020,Bluth Co,ES1 Opportunity,N,,$
Atbats,139717.54,4QFY26,20264,Mar FY26,202603,FY26,Americas,Others,Commercial,OPP3268,ACC014,Pied Piper,ES2 Opportunity,N,,$
Atbats,672757.58,4QFY26,20264,Mar FY26,202603,FY26,EMEA,FA,Commercial,OPP3269,ACC002,Globex Corp,ES2 Opportunity,N,,$
Atbats,278875.15,4QFY26,20264,Mar FY26,202603,FY26,APJ,FA,Enterprise,OPP3270,ACC009,Tyrell Systems,ES1 Opportunity,N,,$
Atbats,3351999.13,4QFY26,20264,Mar FY26,202603,FY26,APJ,FB,Commercial,OPP3271,ACC010,Cyberdyne,ES2 Opportunity,N,,$
Atbats,104316.02,4QFY26,20264,Mar FY26,202603,FY26,APJ,FA,Enterprise,OPP3272,ACC007,Soylent Co,ES1 Opportunity,N,,$
Atbats,1136388.66,4QFY26,20264,Mar FY26,202603,FY26,Americas,FB,Enterprise,OPP3273,ACC004,Umbrella Group,ES2 Opportunity,N,,$
Atbats,224572.71,4QFY26,20264,Mar FY26,202603,FY26,APJ,FB,Commercial,OPP3274,ACC016,Dunder Mifflin,ES2 Opportunity,N,,$
Atbats,186514.32,4QFY26,20264,Mar FY26,202603,FY26,APJ,FA,Corporate,OPP3275,ACC003,Initech,ES1 Opportunity,N,,$
Atbats,118688.88,4QFY26,20264,Mar FY26,202603,FY26,Americas,FA,Commercial,OPP3276,ACC008,Wonka Holdings,ES1 Opportunity,N,,$
Atbats,550009.8,4QFY26,20264,Mar FY26,202603,FY26,EMEA,FA,Corporate,OPP3277,ACC012,Massive Dynamic,ES1 Opportunity,N,,$
Atbats,312898.15,4QFY26,20264,Mar FY26,202603,FY26,Americas,FA,Corporate,OPP3278,ACC002,Globex Corp,ES2 Opportunity,N,,$
Atbats,313308.81,4QFY26,20264,Mar FY26,202603,FY26,APJ,FA,Commercial,OPP3279,ACC019,Gringotts Bank,ES2 Opportunity,N,,$
Atbats,1734629.46,4QFY26,20264,Mar FY26,202603,FY26,APJ,FA,Enterprise,OPP3280,ACC013,Vandelay Imports,ES1 Opportunity,N,,$
Atbats,1740429.76,4QFY26,20264,Mar FY26,202603,FY26,EMEA,Others,Commercial,OPP3281,ACC002,Globex Corp,ES2 Opportunity,N,,$
Atbats,330850.44,4QFY26,20264,Mar FY26,202603,FY26,EMEA,FB,Enterprise,OPP3282,ACC011,Aperture Labs,ES2 Opportunity,N,,$
Atbats,262883.59,4QFY26,20264,Mar FY26,202603,FY26,EMEA,FA,Commercial,OPP3283,ACC001,Acme Industries,ES1 Opportunity,N,,$
Atbats,556313.91,4QFY26,20264,Mar FY26,202603,FY26,EMEA,Others,Enterprise,OPP3284,ACC021,Strickland Propane,ES2 Opportunity,N,,$
Atbats,1397618.45,4QFY26,20264,Mar FY26,202603,FY26,APJ,Others,Enterprise,OPP3285,ACC003,Initech,ES2 Opportunity,N,,$
Atbats,399784.54,4QFY26,20264,Mar FY26,202603,FY26,APJ,Others,Enterprise,OPP3286,ACC010,Cyberdyne,ES2 Opportunity,N,,$
Atbats,735943.12,4QFY26,20264,Mar FY26,202603,FY26,EMEA,FA,Commercial,OPP3287,ACC001,Acme Industries,ES2 Opportunity,N,,$
Atbats,255945.7,4QFY26,20264,Mar FY26,202603,FY26,Americas,FA,Corporate,OPP3288,ACC003,Initech,ES2 Opportunity,N,,$
Atbats,2961660.58,4QFY26,20264,Mar FY26,202603,FY26,Americas,FA,Enterprise,OPP3289,ACC019,Gringotts Bank,ES1 Opportunity,N,,$
Atbats,1723781.59,4QFY26,20264,Mar FY26,202603,FY26,Americas,FA,Enterprise,OPP3290,ACC024,Sterling Cooper,ES2 Opportunity,N,,$
Atbats,106808.4,4QFY26,20264,Mar FY26,202603,FY26,APJ,FB,Enterprise,OPP3291,ACC020,Bluth Co,ES1 Opportunity,N,,$
Atbats,240028.54,4QFY26,20264,Mar FY26,202603,FY26,Americas,Others,Commercial,OPP3292,ACC023,Wernham Hogg,ES1 Opportunity,N,,$
Atbats,213085.01,4QFY26,20264,Mar FY26,202603,FY26,APJ,FB,Corporate,OPP3293,ACC019,Gringotts Bank,ES1 Opportunity,N,,$
Atbats,905515.68,4QFY26,20264,Mar FY26,202603,FY26,Americas,FB,Corporate,OPP3294,ACC013,Vandelay Imports,ES2 Opportunity,N,,$
Atbats,126620.45,4QFY26,20264,Mar FY26,202603,FY26,Americas,Others,Commercial,OPP3295,ACC023,Wernham Hogg,ES2 Opportunity,N,,$
Atbats,252897.84,4QFY26,20264,Mar FY26,202603,FY26,Americas,Others,Enterprise,OPP3296,ACC023,Wernham Hogg,ES1 Opportunity,N,,$
Atbats,1214205.73,4QFY26,20264,Mar FY26,202603,FY26,Americas,FA,Commercial,OPP3297,ACC008,Wonka Holdings,ES1 Opportunity,N,,$
Atbats,1392223.21,4QFY26,20264,Mar FY26,202603,FY26,APJ,FB,Enterprise,OPP3298,ACC012,Massive Dynamic,ES1 Opportunity,N,,$
Atbats,705922.88,4QFY26,20264,Mar FY26,202603,FY26,EMEA,FB,Enterprise,OPP3299,ACC013,Vandelay Imports,ES2 Opportunity,N,,$
Atbats,569067.0,4QFY26,20264,Mar FY26,202603,FY26,EMEA,FB,Corporate,OPP3300,ACC018,Oscorp,ES1 Opportunity,N,,$
Atbats,73697.79,4QFY26,20264,Mar FY26,202603,FY26,APJ,FA,Enterprise,OPP3301,ACC029,Krusty Krab,ES1 Opportunity,N,,$
Atbats,167197.38,4QFY26,20264,Mar FY26,202603,FY26,EMEA,FB,Enterprise,OPP3302,ACC007,Soylent Co,ES1 Opportunity,N,,$
Atbats,748038.5,4QFY26,20264,Mar FY26,202603,FY26,EMEA,FA,Commercial,OPP3303,ACC028,Cogswell Cogs,ES1 Opportunity,N,,$
Bookings,77858.1,4QFY26,20264,Apr FY26,202604,FY26,Americas,FA,Enterprise,OPP3304,ACC012,Massive Dynamic,ES2 Opportunity,N,48,$
Bookings,131346.31,4QFY26,20264,Apr FY26,202604,FY26,Americas,Others,Enterprise,OPP3305,ACC018,Oscorp,ES2 Opportunity,N,179,$
Bookings,21141.21,4QFY26,20264,Apr FY26,202604,FY26,APJ,FB,Commercial,OPP3306,ACC029,Krusty Krab,ES1 Opportunity,N,203,$
Bookings,123507.08,4QFY26,20264,Apr FY26,202604,FY26,APJ,FB,Enterprise,OPP3307,ACC001,Acme Industries,ES2 Opportunity,N,59,$
Bookings,82034.71,4QFY26,20264,Apr FY26,202604,FY26,Americas,FB,Enterprise,OPP3308,ACC011,Aperture Labs,Renewal,N,146,$
Bookings,29148.28,4QFY26,20264,Apr FY26,202604,FY26,APJ,FA,Corporate,OPP3309,ACC003,Initech,Renewal,N,73,$
Bookings,521478.24,4QFY26,20264,Apr FY26,202604,FY26,Americas,FA,Enterprise,OPP3310,ACC014,Pied Piper,ES1 Opportunity,N,75,$
Bookings,122508.34,4QFY26,20264,Apr FY26,202604,FY26,Americas,FA,Corporate,OPP3311,ACC023,Wernham Hogg,Renewal,N,182,$
Bookings,937990.48,4QFY26,20264,Apr FY26,202604,FY26,Americas,FA,Enterprise,OPP3312,ACC004,Umbrella Group,Renewal,N,195,$
Bookings,2164938.51,4QFY26,20264,Apr FY26,202604,FY26,EMEA,Others,Commercial,OPP3313,ACC019,Gringotts Bank,ES2 Opportunity,N,215,$
Bookings,61280.05,4QFY26,20264,Apr FY26,202604,FY26,Americas,FB,Commercial,OPP3314,ACC012,Massive Dynamic,ES2 Opportunity,N,170,$
Bookings,46140.97,4QFY26,20264,Apr FY26,202604,FY26,APJ,FA,Corporate,OPP3315,ACC023,Wernham Hogg,ES2 Opportunity,Y,172,$
Bookings,454183.63,4QFY26,20264,Apr FY26,202604,FY26,EMEA,Others,Commercial,OPP3316,ACC023,Wernham Hogg,ES1 Opportunity,N,85,$
Bookings,562100.27,4QFY26,20264,Apr FY26,202604,FY26,EMEA,Others,Corporate,OPP3317,ACC029,Krusty Krab,ES2 Opportunity,N,43,$
Bookings,29840.69,4QFY26,20264,Apr FY26,202604,FY26,Americas,FA,Commercial,OPP3318,ACC018,Oscorp,ES1 Opportunity,N,88,$
Bookings,1317588.45,4QFY26,20264,Apr FY26,202604,FY26,APJ,FB,Enterprise,OPP3319,ACC012,Massive Dynamic,Renewal,N,177,$
Bookings,318125.0,4QFY26,20264,Apr FY26,202604,FY26,Americas,FB,Commercial,OPP3320,ACC021,Strickland Propane,ES2 Opportunity,N,42,$
Bookings,64081.81,4QFY26,20264,Apr FY26,202604,FY26,Americas,FA,Enterprise,OPP3321,ACC030,Planet Express,ES2 Opportunity,N,56,$
Bookings,46241.92,4QFY26,20264,Apr FY26,202604,FY26,Americas,FA,Enterprise,OPP3322,ACC014,Pied Piper,Renewal,N,94,$
Bookings,1217252.13,4QFY26,20264,Apr FY26,202604,FY26,EMEA,FA,Enterprise,OPP3323,ACC004,Umbrella Group,Renewal,N,186,$
Bookings,285241.44,4QFY26,20264,Apr FY26,202604,FY26,Americas,FB,Corporate,OPP3324,ACC022,Los Pollos Hermanos,ES2 Opportunity,N,205,$
Bookings,15295.77,4QFY26,20264,Apr FY26,202604,FY26,Americas,FB,Corporate,OPP3325,ACC026,Vehement Capital,ES2 Opportunity,Y,93,$
Bookings,5153512.09,4QFY26,20264,Apr FY26,202604,FY26,Americas,FB,Enterprise,OPP3326,ACC003,Initech,ES2 Opportunity,N,81,$
Bookings,1045848.59,4QFY26,20264,Apr FY26,202604,FY26,Americas,FA,Commercial,OPP3327,ACC027,Spacely Sprockets,ES2 Opportunity,N,130,$
Bookings,323327.93,4QFY26,20264,Apr FY26,202604,FY26,EMEA,FA,Enterprise,OPP3328,ACC019,Gringotts Bank,ES2 Opportunity,N,130,$
Bookings,281571.39,4QFY26,20264,Apr FY26,202604,FY26,EMEA,FA,Enterprise,OPP3329,ACC013,Vandelay Imports,Renewal,N,80,$
Bookings,696038.33,4QFY26,20264,Apr FY26,202604,FY26,Americas,FB,Enterprise,OPP3330,ACC020,Bluth Co,ES2 Opportunity,N,146,$
Bookings,290141.39,4QFY26,20264,Apr FY26,202604,FY26,Americas,FA,Enterprise,OPP3331,ACC014,Pied Piper,ES2 Opportunity,N,219,$
Bookings,168338.57,4QFY26,20264,Apr FY26,202604,FY26,EMEA,FB,Enterprise,OPP3332,ACC017,Nakatomi Trading,ES1 Opportunity,N,40,$
Bookings,518903.46,4QFY26,20264,Apr FY26,202604,FY26,APJ,FB,Commercial,OPP3333,ACC005,Stark Industries,Renewal,N,193,$
Bookings,207239.64,4QFY26,20264,Apr FY26,202604,FY26,Americas,FB,Commercial,OPP3334,ACC008,Wonka Holdings,ES2 Opportunity,N,116,$
Renewal Bookings,135004.57,4QFY26,20264,Apr FY26,202604,FY26,EMEA,Others,Corporate,OPP3335,ACC006,Wayne Enterprises,Renewal,N,,$
Renewal Bookings,1302137.62,4QFY26,20264,Apr FY26,202604,FY26,EMEA,FB,Enterprise,OPP3336,ACC009,Tyrell Systems,Renewal,N,,$
Renewal Bookings,115020.94,4QFY26,20264,Apr FY26,202604,FY26,EMEA,FA,Enterprise,OPP3337,ACC024,Sterling Cooper,Renewal,N,,$
Renewal Bookings,434809.36,4QFY26,20264,Apr FY26,202604,FY26,APJ,FB,Enterprise,OPP3338,ACC011,Aperture Labs,Renewal,N,,$
Renewal Bookings,461043.66,4QFY26,20264,Apr FY26,202604,FY26,APJ,Others,Commercial,OPP3339,ACC009,Tyrell Systems,Renewal,N,,$
Renewal Bookings,565040.28,4QFY26,20264,Apr FY26,202604,FY26,Americas,FA,Enterprise,OPP3340,ACC012,Massive Dynamic,Renewal,N,,$
Renewal Bookings,120668.12,4QFY26,20264,Apr FY26,202604,FY26,APJ,FB,Commercial,OPP3341,ACC026,Vehement Capital,Renewal,N,,$
Renewal Bookings,91691.29,4QFY26,20264,Apr FY26,202604,FY26,EMEA,FA,Enterprise,OPP3342,ACC010,Cyberdyne,Renewal,N,,$
Renewal Bookings,139431.45,4QFY26,20264,Apr FY26,202604,FY26,Americas,FB,Corporate,OPP3343,ACC030,Planet Express,Renewal,N,,$
Renewal Bookings,229737.74,4QFY26,20264,Apr FY26,202604,FY26,Americas,FB,Commercial,OPP3344,ACC011,Aperture Labs,Renewal,N,,$
Renewal Bookings,434172.64,4QFY26,20264,Apr FY26,202604,FY26,EMEA,FA,Corporate,OPP3345,ACC006,Wayne Enterprises,Renewal,N,,$
Renewal Bookings,136377.19,4QFY26,20264,Apr FY26,202604,FY26,APJ,FB,Enterprise,OPP3346,ACC006,Wayne Enterprises,Renewal,N,,$
Renewal Bookings,15034.23,4QFY26,20264,Apr FY26,202604,FY26,EMEA,FA,Commercial,OPP3347,ACC009,Tyrell Systems,Renewal,N,,$
Renewal Bookings,375562.18,4QFY26,20264,Apr FY26,202604,FY26,Americas,FB,Enterprise,OPP3348,ACC014,Pied Piper,Renewal,N,,$
Open Pipeline,290099.79,4QFY26,20264,Apr FY26,202604,FY26,EMEA,FA,Corporate,OPP3349,ACC014,Pied Piper,ES2 Opportunity,N,,$
Open Pipeline,59061.49,4QFY26,20264,Apr FY26,202604,FY26,Americas,FA,Corporate,OPP3350,ACC001,Acme Industries,ES1 Opportunity,N,,$
Open Pipeline,576312.87,4QFY26,20264,Apr FY26,202604,FY26,Americas,FA,Commercial,OPP3351,ACC006,Wayne Enterprises,ES2 Opportunity,N,,$
Open Pipeline,237922.62,4QFY26,20264,Apr FY26,202604,FY26,EMEA,FB,Enterprise,OPP3352,ACC018,Oscorp,ES1 Opportunity,N,,$
Open Pipeline,306191.41,4QFY26,20264,Apr FY26,202604,FY26,EMEA,FB,Commercial,OPP3353,ACC006,Wayne Enterprises,ES1 Opportunity,N,,$
Open Pipeline,140913.55,4QFY26,20264,Apr FY26,202604,FY26,EMEA,FA,Corporate,OPP3354,ACC022,Los Pollos Hermanos,ES1 Opportunity,N,,$
Open Pipeline,476333.25,4QFY26,20264,Apr FY26,202604,FY26,Americas,FB,Enterprise,OPP3355,ACC027,Spacely Sprockets,ES1 Opportunity,N,,$
Open Pipeline,1277314.7,4QFY26,20264,Apr FY26,202604,FY26,EMEA,FB,Corporate,OPP3356,ACC008,Wonka Holdings,ES1 Opportunity,N,,$
Open Pipeline,1742412.83,4QFY26,20264,Apr FY26,202604,FY26,Americas,FB,Enterprise,OPP3357,ACC007,Soylent Co,ES2 Opportunity,N,,$
Open Pipeline,318965.14,4QFY26,20264,Apr FY26,202604,FY26,Americas,Others,Commercial,OPP3358,ACC005,Stark Industries,ES2 Opportunity,N,,$
Open Pipeline,250153.35,4QFY26,20264,Apr FY26,202604,FY26,APJ,Others,Enterprise,OPP3359,ACC016,Dunder Mifflin,ES1 Opportunity,N,,$
Open Pipeline,1005979.97,4QFY26,20264,Apr FY26,202604,FY26,Americas,FA,Enterprise,OPP3360,ACC028,Cogswell Cogs,ES2 Opportunity,N,,$
Open Pipeline,149531.05,4QFY26,20264,Apr FY26,202604,FY26,APJ,FB,Enterprise,OPP3361,ACC025,Pendant Publishing,ES1 Opportunity,N,,$
Open Pipeline,193889.9,4QFY26,20264,Apr FY26,202604,FY26,APJ,FA,Corporate,OPP3362,ACC007,Soylent Co,ES1 Opportunity,N,,$
Open Pipeline,168366.22,4QFY26,20264,Apr FY26,202604,FY26,EMEA,FA,Enterprise,OPP3363,ACC006,Wayne Enterprises,ES1 Opportunity,N,,$
Open Pipeline,858783.04,4QFY26,20264,Apr FY26,202604,FY26,APJ,Others,Commercial,OPP3364,ACC024,Sterling Cooper,ES2 Opportunity,N,,$
Open Pipeline,271996.54,4QFY26,20264,Apr FY26,202604,FY26,APJ,FB,Corporate,OPP3365,ACC005,Stark Industries,ES2 Opportunity,N,,$
Open Pipeline,1363139.2,4QFY26,20264,Apr FY26,202604,FY26,EMEA,FA,Commercial,OPP3366,ACC020,Bluth Co,ES1 Opportunity,N,,$
Open Pipeline,306510.47,4QFY26,20264,Apr FY26,202604,FY26,APJ,FB,Commercial,OPP3367,ACC012,Massive Dynamic,ES2 Opportunity,N,,$
Open Pipeline,260073.78,4QFY26,20264,Apr FY26,202604,FY26,EMEA,FA,Enterprise,OPP3368,ACC013,Vandelay Imports,ES2 Opportunity,N,,$
Open Pipeline,122120.61,4QFY26,20264,Apr FY26,202604,FY26,Americas,FB,Corporate,OPP3369,ACC007,Soylent Co,ES1 Opportunity,N,,$
Open Pipeline,381317.86,4QFY26,20264,Apr FY26,202604,FY26,EMEA,FA,Enterprise,OPP3370,ACC028,Cogswell Cogs,ES2 Opportunity,N,,$
Open Pipeline,1095397.04,4QFY26,20264,Apr FY26,202604,FY26,Americas,FB,Corporate,OPP3371,ACC026,Vehement Capital,ES2 Opportunity,N,,$
Open Pipeline,1349196.96,4QFY26,20264,Apr FY26,202604,FY26,APJ,FB,Commercial,OPP3372,ACC013,Vandelay Imports,ES2 Opportunity,N,,$
Open Pipeline,452699.87,4QFY26,20264,Apr FY26,202604,FY26,EMEA,FA,Enterprise,OPP3373,ACC007,Soylent Co,ES1 Opportunity,N,,$
Open Pipeline,229701.06,4QFY26,20264,Apr FY26,202604,FY26,APJ,FA,Commercial,OPP3374,ACC010,Cyberdyne,ES1 Opportunity,N,,$
Open Pipeline,290196.82,4QFY26,20264,Apr FY26,202604,FY26,APJ,Others,Corporate,OPP3375,ACC023,Wernham Hogg,ES1 Opportunity,N,,$
Open Pipeline,630199.0,4QFY26,20264,Apr FY26,202604,FY26,APJ,Others,Enterprise,OPP3376,ACC027,Spacely Sprockets,ES2 Opportunity,N,,$
Open Pipeline,306847.71,4QFY26,20264,Apr FY26,202604,FY26,Americas,Others,Enterprise,OPP3377,ACC026,Vehement Capital,ES1 Opportunity,N,,$
Open Pipeline,7951961.03,4QFY26,20264,Apr FY26,202604,FY26,Americas,FA,Commercial,OPP3378,ACC009,Tyrell Systems,ES1 Opportunity,N,,$
Open Pipeline,203330.66,4QFY26,20264,Apr FY26,202604,FY26,EMEA,FA,Enterprise,OPP3379,ACC011,Aperture Labs,ES2 Opportunity,N,,$
Open Pipeline,166729.52,4QFY26,20264,Apr FY26,202604,FY26,EMEA,FB,Commercial,OPP3380,ACC001,Acme Industries,ES2 Opportunity,N,,$
Open Pipeline,846323.36,4QFY26,20264,Apr FY26,202604,FY26,APJ,FA,Commercial,OPP3381,ACC008,Wonka Holdings,ES1 Opportunity,N,,$
Open Pipeline,738399.51,4QFY26,20264,Apr FY26,202604,FY26,APJ,FA,Enterprise,OPP3382,ACC026,Vehement Capital,ES1 Opportunity,N,,$
Open Pipeline,448440.69,4QFY26,20264,Apr FY26,202604,FY26,EMEA,FB,Commercial,OPP3383,ACC022,Los Pollos Hermanos,ES1 Opportunity,N,,$
Open Pipeline,745009.45,4QFY26,20264,Apr FY26,202604,FY26,EMEA,FA,Corporate,OPP3384,ACC024,Sterling Cooper,ES2 Opportunity,N,,$
Open Pipeline,635211.62,4QFY26,20264,Apr FY26,202604,FY26,EMEA,FA,Enterprise,OPP3385,ACC001,Acme Industries,ES2 Opportunity,N,,$
Open Pipeline,650462.62,4QFY26,20264,Apr FY26,202604,FY26,APJ,FA,Enterprise,OPP3386,ACC005,Stark Industries,ES1 Opportunity,N,,$
IQC Pipeline,128097.56,4QFY26,20264,Apr FY26,202604,FY26,Americas,FB,Enterprise,OPP3387,ACC013,Vandelay Imports,ES1 Opportunity,N,,$
IQC Pipeline,276575.28,4QFY26,20264,Apr FY26,202604,FY26,EMEA,FA,Commercial,OPP3388,ACC007,Soylent Co,ES2 Opportunity,N,,$
IQC Pipeline,89698.47,4QFY26,20264,Apr FY26,202604,FY26,EMEA,FA,Commercial,OPP3389,ACC006,Wayne Enterprises,ES1 Opportunity,N,,$
IQC Pipeline,52187.59,4QFY26,20264,Apr FY26,202604,FY26,APJ,FB,Commercial,OPP3390,ACC019,Gringotts Bank,ES2 Opportunity,N,,$
IQC Pipeline,1772668.63,4QFY26,20264,Apr FY26,202604,FY26,EMEA,FB,Enterprise,OPP3391,ACC021,Strickland Propane,ES2 Opportunity,N,,$
IQC Pipeline,524258.2,4QFY26,20264,Apr FY26,202604,FY26,Americas,FB,Commercial,OPP3392,ACC010,Cyberdyne,ES2 Opportunity,N,,$
IQC Pipeline,1270657.53,4QFY26,20264,Apr FY26,202604,FY26,APJ,FA,Enterprise,OPP3393,ACC006,Wayne Enterprises,ES2 Opportunity,N,,$
IQC Pipeline,308602.72,4QFY26,20264,Apr FY26,202604,FY26,EMEA,FB,Commercial,OPP3394,ACC016,Dunder Mifflin,ES1 Opportunity,N,,$
IQC Pipeline,293396.63,4QFY26,20264,Apr FY26,202604,FY26,APJ,FB,Enterprise,OPP3395,ACC019,Gringotts Bank,ES2 Opportunity,N,,$
IQC Pipeline,272352.59,4QFY26,20264,Apr FY26,202604,FY26,EMEA,Others,Enterprise,OPP3396,ACC013,Vandelay Imports,ES1 Opportunity,N,,$
IQC Pipeline,1031052.57,4QFY26,20264,Apr FY26,202604,FY26,Americas,FA,Enterprise,OPP3397,ACC008,Wonka Holdings,ES2 Opportunity,N,,$
IQC Pipeline,138655.38,4QFY26,20264,Apr FY26,202604,FY26,EMEA,FA,Commercial,OPP3398,ACC009,Tyrell Systems,ES2 Opportunity,N,,$
IQC Pipeline,428726.71,4QFY26,20264,Apr FY26,202604,FY26,EMEA,FA,Enterprise,OPP3399,ACC021,Strickland Propane,ES1 Opportunity,N,,$
IQC Pipeline,182114.08,4QFY26,20264,Apr FY26,202604,FY26,EMEA,FA,Enterprise,OPP3400,ACC019,Gringotts Bank,ES1 Opportunity,N,,$
IQC Pipeline,302172.2,4QFY26,20264,Apr FY26,202604,FY26,EMEA,FA,Enterprise,OPP3401,ACC014,Pied Piper,ES2 Opportunity,N,,$
IQC Pipeline,540064.26,4QFY26,20264,Apr FY26,202604,FY26,Americas,Others,Corporate,OPP3402,ACC030,Planet Express,ES1 Opportunity,N,,$
IQC Pipeline,424196.58,4QFY26,20264,Apr FY26,202604,FY26,APJ,FB,Commercial,OPP3403,ACC010,Cyberdyne,ES2 Opportunity,N,,$
IQC Pipeline,246846.33,4QFY26,20264,Apr FY26,202604,FY26,EMEA,Others,Commercial,OPP3404,ACC030,Planet Express,ES1 Opportunity,N,,$
IQC Pipeline,202740.77,4QFY26,20264,Apr FY26,202604,FY26,APJ,FA,Enterprise,OPP3405,ACC020,Bluth Co,ES1 Opportunity,N,,$
Atbats,32472.58,4QFY26,20264,Apr FY26,202604,FY26,APJ,FA,Commercial,OPP3406,ACC028,Cogswell Cogs,ES1 Opportunity,N,,$
Atbats,146539.19,4QFY26,20264,Apr FY26,202604,FY26,EMEA,FA,Corporate,OPP3407,ACC009,Tyrell Systems,ES1 Opportunity,N,,$
Atbats,2678916.26,4QFY26,20264,Apr FY26,202604,FY26,Americas,FA,Enterprise,OPP3408,ACC014,Pied Piper,ES2 Opportunity,N,,$
Atbats,639454.34,4QFY26,20264,Apr FY26,202604,FY26,APJ,FB,Commercial,OPP3409,ACC017,Nakatomi Trading,ES1 Opportunity,N,,$
Atbats,3327519.12,4QFY26,20264,Apr FY26,202604,FY26,Americas,FA,Enterprise,OPP3410,ACC029,Krusty Krab,ES2 Opportunity,N,,$
Atbats,875770.55,4QFY26,20264,Apr FY26,202604,FY26,Americas,FB,Enterprise,OPP3411,ACC002,Globex Corp,ES2 Opportunity,N,,$
Atbats,371719.34,4QFY26,20264,Apr FY26,202604,FY26,APJ,FA,Enterprise,OPP3412,ACC014,Pied Piper,ES1 Opportunity,N,,$
Atbats,256920.77,4QFY26,20264,Apr FY26,202604,FY26,APJ,FA,Commercial,OPP3413,ACC001,Acme Industries,ES2 Opportunity,N,,$
Atbats,132104.06,4QFY26,20264,Apr FY26,202604,FY26,EMEA,FB,Enterprise,OPP3414,ACC024,Sterling Cooper,ES2 Opportunity,N,,$
Atbats,607272.32,4QFY26,20264,Apr FY26,202604,FY26,Americas,FA,Commercial,OPP3415,ACC005,Stark Industries,ES2 Opportunity,N,,$
Atbats,713898.29,4QFY26,20264,Apr FY26,202604,FY26,EMEA,FA,Enterprise,OPP3416,ACC023,Wernham Hogg,ES2 Opportunity,N,,$
Atbats,478644.66,4QFY26,20264,Apr FY26,202604,FY26,APJ,FA,Commercial,OPP3417,ACC001,Acme Industries,ES2 Opportunity,N,,$
Atbats,462486.15,4QFY26,20264,Apr FY26,202604,FY26,Americas,Others,Commercial,OPP3418,ACC009,Tyrell Systems,ES1 Opportunity,N,,$
Atbats,861761.83,4QFY26,20264,Apr FY26,202604,FY26,Americas,FA,Enterprise,OPP3419,ACC003,Initech,ES2 Opportunity,N,,$
Atbats,428932.2,4QFY26,20264,Apr FY26,202604,FY26,Americas,FA,Enterprise,OPP3420,ACC006,Wayne Enterprises,ES1 Opportunity,N,,$
Atbats,134920.62,4QFY26,20264,Apr FY26,202604,FY26,EMEA,FA,Enterprise,OPP3421,ACC021,Strickland Propane,ES2 Opportunity,N,,$
Atbats,149442.98,4QFY26,20264,Apr FY26,202604,FY26,APJ,FA,Commercial,OPP3422,ACC023,Wernham Hogg,ES1 Opportunity,N,,$
Atbats,940838.49,4QFY26,20264,Apr FY26,202604,FY26,APJ,FB,Enterprise,OPP3423,ACC021,Strickland Propane,ES1 Opportunity,N,,$
Atbats,131166.2,4QFY26,20264,Apr FY26,202604,FY26,Americas,FB,Enterprise,OPP3424,ACC002,Globex Corp,ES1 Opportunity,N,,$
Atbats,321516.97,4QFY26,20264,Apr FY26,202604,FY26,Americas,FA,Enterprise,OPP3425,ACC007,Soylent Co,ES2 Opportunity,N,,$
Atbats,40794.73,4QFY26,20264,Apr FY26,202604,FY26,EMEA,Others,Enterprise,OPP3426,ACC020,Bluth Co,ES1 Opportunity,N,,$
Atbats,1463989.22,4QFY26,20264,Apr FY26,202604,FY26,EMEA,FA,Commercial,OPP3427,ACC025,Pendant Publishing,ES1 Opportunity,N,,$
Atbats,134383.26,4QFY26,20264,Apr FY26,202604,FY26,Americas,FB,Enterprise,OPP3428,ACC005,Stark Industries,ES2 Opportunity,N,,$
Atbats,197680.47,4QFY26,20264,Apr FY26,202604,FY26,Americas,FA,Corporate,OPP3429,ACC008,Wonka Holdings,ES2 Opportunity,N,,$
Atbats,162743.24,4QFY26,20264,Apr FY26,202604,FY26,EMEA,FA,Commercial,OPP3430,ACC014,Pied Piper,ES1 Opportunity,N,,$
Atbats,841782.74,4QFY26,20264,Apr FY26,202604,FY26,Americas,FA,Enterprise,OPP3431,ACC020,Bluth Co,ES1 Opportunity,N,,$
Atbats,834789.67,4QFY26,20264,Apr FY26,202604,FY26,EMEA,FA,Commercial,OPP3432,ACC021,Strickland Propane,ES2 Opportunity,N,,$
Atbats,309194.33,4QFY26,20264,Apr FY26,202604,FY26,Americas,Others,Commercial,OPP3433,ACC009,Tyrell Systems,ES1 Opportunity,N,,$
Atbats,752683.69,4QFY26,20264,Apr FY26,202604,FY26,Americas,FA,Commercial,OPP3434,ACC005,Stark Industries,ES1 Opportunity,N,,$
Atbats,72134.75,4QFY26,20264,Apr FY26,202604,FY26,EMEA,FA,Corporate,OPP3435,ACC024,Sterling Cooper,ES1 Opportunity,N,,$
Atbats,85605.89,4QFY26,20264,Apr FY26,202604,FY26,Americas,Others,Commercial,OPP3436,ACC002,Globex Corp,ES2 Opportunity,N,,$
Atbats,2727231.47,4QFY26,20264,Apr FY26,202604,FY26,EMEA,FB,Commercial,OPP3437,ACC004,Umbrella Group,ES1 Opportunity,N,,$
Atbats,1160280.75,4QFY26,20264,Apr FY26,202604,FY26,APJ,FB,Enterprise,OPP3438,ACC004,Umbrella Group,ES2 Opportunity,N,,$
Atbats,1368869.83,4QFY26,20264,Apr FY26,202604,FY26,Americas,Others,Enterprise,OPP3439,ACC018,Oscorp,ES2 Opportunity,N,,$
Atbats,241932.29,4QFY26,20264,Apr FY26,202604,FY26,EMEA,FB,Enterprise,OPP3440,ACC003,Initech,ES1 Opportunity,N,,$
Atbats,175249.94,4QFY26,20264,Apr FY26,202604,FY26,Americas,FB,Commercial,OPP3441,ACC013,Vandelay Imports,ES1 Opportunity,N,,$
Atbats,265226.16,4QFY26,20264,Apr FY26,202604,FY26,APJ,FA,Commercial,OPP3442,ACC008,Wonka Holdings,ES1 Opportunity,N,,$
Atbats,366135.26,4QFY26,20264,Apr FY26,202604,FY26,EMEA,FB,Corporate,OPP3443,ACC004,Umbrella Group,ES1 Opportunity,N,,$
Atbats,74716.9,4QFY26,20264,Apr FY26,202604,FY26,APJ,FA,Commercial,OPP3444,ACC018,Oscorp,ES1 Opportunity,N,,$
Atbats,67116.44,4QFY26,20264,Apr FY26,202604,FY26,APJ,FA,Corporate,OPP3445,ACC003,Initech,ES1 Opportunity,N,,$
Atbats,360539.75,4QFY26,20264,Apr FY26,202604,FY26,EMEA,FA,Enterprise,OPP3446,ACC008,Wonka Holdings,ES1 Opportunity,N,,$
Atbats,507873.67,4QFY26,20264,Apr FY26,202604,FY26,APJ,Others,Commercial,OPP3447,ACC006,Wayne Enterprises,ES1 Opportunity,N,,$
Atbats,739498.87,4QFY26,20264,Apr FY26,202604,FY26,Americas,FA,Enterprise,OPP3448,ACC016,Dunder Mifflin,ES2 Opportunity,N,,$
Atbats,148361.15,4QFY26,20264,Apr FY26,202604,FY26,Americas,FA,Enterprise,OPP3449,ACC005,Stark Industries,ES2 Opportunity,N,,$
Atbats,174860.71,4QFY26,20264,Apr FY26,202604,FY26,APJ,FA,Corporate,OPP3450,ACC021,Strickland Propane,ES1 Opportunity,N,,$
Atbats,207873.89,4QFY26,20264,Apr FY26,202604,FY26,Americas,FA,Corporate,OPP3451,ACC020,Bluth Co,ES2 Opportunity,N,,$
Atbats,480669.88,4QFY26,20264,Apr FY26,202604,FY26,EMEA,FA,Corporate,OPP3452,ACC012,Massive Dynamic,ES2 Opportunity,N,,$
Atbats,535736.68,4QFY26,20264,Apr FY26,202604,FY26,APJ,FB,Enterprise,OPP3453,ACC011,Aperture Labs,ES1 Opportunity,N,,$
Atbats,73354.79,4QFY26,20264,Apr FY26,202604,FY26,EMEA,FA,Commercial,OPP3454,ACC014,Pied Piper,ES2 Opportunity,N,,$
Atbats,524269.08,4QFY26,20264,Apr FY26,202604,FY26,APJ,FB,Enterprise,OPP3455,ACC015,Hooli,ES2 Opportunity,N,,$
Atbats,1547355.0,4QFY26,20264,Apr FY26,202604,FY26,Americas,FA,Enterprise,OPP3456,ACC014,Pied Piper,ES2 Opportunity,N,,$
Atbats,118137.87,4QFY26,20264,Apr FY26,202604,FY26,APJ,FA,Corporate,OPP3457,ACC021,Strickland Propane,ES2 Opportunity,N,,$
Atbats,172701.84,4QFY26,20264,Apr FY26,202604,FY26,Americas,FA,Enterprise,OPP3458,ACC030,Planet Express,ES2 Opportunity,N,,$